<EUCOUNTRIES>
    <COUNTRY>
        <ISOCODE>AT</ISOCODE>
        <NAME>Austria</NAME>
    </COUNTRY>
    <COUNTRY>
        <ISOCODE>BE</ISOCODE>
        <NAME>Belgium</NAME>
    </COUNTRY>
    <COUNTRY>
        <ISOCODE>BG</ISOCODE>
        <NAME>Bulgaria</NAME>
    </COUNTRY>
    <COUNTRY>
        <ISOCODE>CY</ISOCODE>
        <NAME>Cyprus</NAME>
    </COUNTRY>
    <COUNTRY>
        <ISOCODE>CZ</ISOCODE>
        <NAME>Czech Republic</NAME>
    </COUNTRY>
    <COUNTRY>
        <ISOCODE>DE</ISOCODE>
        <NAME>Germany</NAME>
    </COUNTRY>
    <COUNTRY>
        <ISOCODE>DK</ISOCODE>
        <NAME>Denmark</NAME>
    </COUNTRY>
    <COUNTRY>
        <ISOCODE>EE</ISOCODE>
        <NAME>Estonia</NAME>
    </COUNTRY>
    <COUNTRY>
        <ISOCODE>GR</ISOCODE>
        <NAME>Greece</NAME>
    </COUNTRY>
    <COUNTRY>
        <ISOCODE>ES</ISOCODE>
        <NAME>Spain</NAME>
    </COUNTRY>
    <COUNTRY>
        <ISOCODE>FI</ISOCODE>
        <NAME>Finland</NAME>
    </COUNTRY>
    <COUNTRY>
        <ISOCODE>FR</ISOCODE>
        <NAME>France</NAME>
    </COUNTRY>
    <COUNTRY>
        <ISOCODE>GB</ISOCODE>
        <NAME>United Kingdom</NAME>
    </COUNTRY>
    <COUNTRY>
        <ISOCODE>HU</ISOCODE>
        <NAME>Hungary</NAME>
    </COUNTRY>
    <COUNTRY>
        <ISOCODE>IE</ISOCODE>
        <NAME>Ireland</NAME>
    </COUNTRY>
    <COUNTRY>
        <ISOCODE>IT</ISOCODE>
        <NAME>Italy</NAME>
    </COUNTRY>
    <COUNTRY>
        <ISOCODE>LT</ISOCODE>
        <NAME>Lithuania</NAME>
    </COUNTRY>
    <COUNTRY>
        <ISOCODE>LU</ISOCODE>
        <NAME>Luxembourg</NAME>
    </COUNTRY>
    <COUNTRY>
        <ISOCODE>LV</ISOCODE>
        <NAME>Latvia</NAME>
    </COUNTRY>
    <COUNTRY>
        <ISOCODE>MT</ISOCODE>
        <NAME>Malta</NAME>
    </COUNTRY>
    <COUNTRY>
        <ISOCODE>NL</ISOCODE>
        <NAME>Netherlands</NAME>
    </COUNTRY>
    <COUNTRY>
        <ISOCODE>PL</ISOCODE>
        <NAME>Poland</NAME>
    </COUNTRY>
    <COUNTRY>
        <ISOCODE>RO</ISOCODE>
        <NAME>Romania</NAME>
    </COUNTRY>
    <COUNTRY>
        <ISOCODE>SE</ISOCODE>
        <NAME>Sweden</NAME>
    </COUNTRY>
    <COUNTRY>
        <ISOCODE>SI</ISOCODE>
        <NAME>Slovenia</NAME>
    </COUNTRY>
    <COUNTRY>
        <ISOCODE>SK</ISOCODE>
        <NAME>Slovakia</NAME>
    </COUNTRY>
    <COUNTRY>
        <ISOCODE>PT</ISOCODE>
        <NAME>Portugal</NAME>
    </COUNTRY>
    <COUNTRY>
        <ISOCODE>UK</ISOCODE>
        <NAME>United Kingdom EU</NAME>
    </COUNTRY>
    <COUNTRY>
        <ISOCODE>EL</ISOCODE>
        <NAME>Greece EU</NAME>
    </COUNTRY>
</EUCOUNTRIES>
