<root>
  <!-- 
    Microsoft ResX Schema 
    
    Version 2.0
    
    The primary goals of this format is to allow a simple XML format 
    that is mostly human readable. The generation and parsing of the 
    various data types are done through the TypeConverter classes 
    associated with the data types.
    
    Example:
    
    ... ado.net/XML headers & schema ...
    <resheader name="resmimetype">text/microsoft-resx</resheader>
    <resheader name="version">2.0</resheader>
    <resheader name="reader">System.Resources.ResXResourceReader, System.Windows.Forms, ...</resheader>
    <resheader name="writer">System.Resources.ResXResourceWriter, System.Windows.Forms, ...</resheader>
    <data name="Name1"><value>this is my long string</value><comment>this is a comment</comment></data>
    <data name="Color1" type="System.Drawing.Color, System.Drawing">Blue</data>
    <data name="Bitmap1" mimetype="application/x-microsoft.net.object.binary.base64">
        <value>[base64 mime encoded serialized .NET Framework object]</value>
    </data>
    <data name="Icon1" type="System.Drawing.Icon, System.Drawing" mimetype="application/x-microsoft.net.object.bytearray.base64">
        <value>[base64 mime encoded string representing a byte array form of the .NET Framework object]</value>
        <comment>This is a comment</comment>
    </data>
                
    There are any number of "resheader" rows that contain simple 
    name/value pairs.
    
    Each data row contains a name, and value. The row also contains a 
    type or mimetype. Type corresponds to a .NET class that support 
    text/value conversion through the TypeConverter architecture. 
    Classes that don't support this are serialized and stored with the 
    mimetype set.
    
    The mimetype is used for serialized objects, and tells the 
    ResXResourceReader how to depersist the object. This is currently not 
    extensible. For a given mimetype the value must be set accordingly:
    
    Note - application/x-microsoft.net.object.binary.base64 is the format 
    that the ResXResourceWriter will generate, however the reader can 
    read any of the formats listed below.
    
    mimetype: application/x-microsoft.net.object.binary.base64
    value   : The object must be serialized with 
            : System.Runtime.Serialization.Formatters.Binary.BinaryFormatter
            : and then encoded with base64 encoding.
    
    mimetype: application/x-microsoft.net.object.soap.base64
    value   : The object must be serialized with 
            : System.Runtime.Serialization.Formatters.Soap.SoapFormatter
            : and then encoded with base64 encoding.

    mimetype: application/x-microsoft.net.object.bytearray.base64
    value   : The object must be serialized into a byte array 
            : using a System.ComponentModel.TypeConverter
            : and then encoded with base64 encoding.
    -->
  <xsd:schema id="root" xmlns="" xmlns:xsd="http://www.w3.org/2001/XMLSchema" xmlns:msdata="urn:schemas-microsoft-com:xml-msdata">
    <xsd:import namespace="http://www.w3.org/XML/1998/namespace" />
    <xsd:element name="root" msdata:IsDataSet="true">
      <xsd:complexType>
        <xsd:choice maxOccurs="unbounded">
          <xsd:element name="metadata">
            <xsd:complexType>
              <xsd:sequence>
                <xsd:element name="value" type="xsd:string" minOccurs="0" />
              </xsd:sequence>
              <xsd:attribute name="name" use="required" type="xsd:string" />
              <xsd:attribute name="type" type="xsd:string" />
              <xsd:attribute name="mimetype" type="xsd:string" />
              <xsd:attribute ref="xml:space" />
            </xsd:complexType>
          </xsd:element>
          <xsd:element name="assembly">
            <xsd:complexType>
              <xsd:attribute name="alias" type="xsd:string" />
              <xsd:attribute name="name" type="xsd:string" />
            </xsd:complexType>
          </xsd:element>
          <xsd:element name="data">
            <xsd:complexType>
              <xsd:sequence>
                <xsd:element name="value" type="xsd:string" minOccurs="0" msdata:Ordinal="1" />
                <xsd:element name="comment" type="xsd:string" minOccurs="0" msdata:Ordinal="2" />
              </xsd:sequence>
              <xsd:attribute name="name" type="xsd:string" use="required" msdata:Ordinal="1" />
              <xsd:attribute name="type" type="xsd:string" msdata:Ordinal="3" />
              <xsd:attribute name="mimetype" type="xsd:string" msdata:Ordinal="4" />
              <xsd:attribute ref="xml:space" />
            </xsd:complexType>
          </xsd:element>
          <xsd:element name="resheader">
            <xsd:complexType>
              <xsd:sequence>
                <xsd:element name="value" type="xsd:string" minOccurs="0" msdata:Ordinal="1" />
              </xsd:sequence>
              <xsd:attribute name="name" type="xsd:string" use="required" />
            </xsd:complexType>
          </xsd:element>
        </xsd:choice>
      </xsd:complexType>
    </xsd:element>
  </xsd:schema>
  <resheader name="resmimetype">
    <value>text/microsoft-resx</value>
  </resheader>
  <resheader name="version">
    <value>2.0</value>
  </resheader>
  <resheader name="reader">
    <value>System.Resources.ResXResourceReader, System.Windows.Forms, Version=2.0.0.0, Culture=neutral, PublicKeyToken=b77a5c561934e089</value>
  </resheader>
  <resheader name="writer">
    <value>System.Resources.ResXResourceWriter, System.Windows.Forms, Version=2.0.0.0, Culture=neutral, PublicKeyToken=b77a5c561934e089</value>
  </resheader>
  <data name="AT" xml:space="preserve">
    <value>AT</value>
  </data>
  <data name="BE" xml:space="preserve">
    <value>BE</value>
  </data>
  <data name="BG" xml:space="preserve">
    <value>BG</value>
  </data>
  <data name="CY" xml:space="preserve">
    <value>CY</value>
  </data>
  <data name="CZ" xml:space="preserve">
    <value>CZ</value>
  </data>
  <data name="DE" xml:space="preserve">
    <value>DE</value>
  </data>
  <data name="DK" xml:space="preserve">
    <value>DK</value>
  </data>
  <data name="EE" xml:space="preserve">
    <value>EE</value>
  </data>
  <data name="GR" xml:space="preserve">
    <value>EL</value>
  </data>
  <data name="ES" xml:space="preserve">
    <value>ES</value>
  </data>
  <data name="FI" xml:space="preserve">
    <value>FI</value>
  </data>
  <data name="FR" xml:space="preserve">
    <value>FR</value>
  </data>
  <data name="GB" xml:space="preserve">
    <value>UK</value>
  </data>
  <data name="HU" xml:space="preserve">
    <value>HU</value>
  </data>
  <data name="IE" xml:space="preserve">
    <value>IE</value>
  </data>
  <data name="IT" xml:space="preserve">
    <value>IT</value>
  </data>
  <data name="LT" xml:space="preserve">
    <value>LT</value>
  </data>
  <data name="LU" xml:space="preserve">
    <value>LU</value>
  </data>
  <data name="LV" xml:space="preserve">
    <value>LV</value>
  </data>
  <data name="MT" xml:space="preserve">
    <value>MT</value>
  </data>
  <data name="NL" xml:space="preserve">
    <value>NL</value>
  </data>
  <data name="PL" xml:space="preserve">
    <value>PL</value>
  </data>
  <data name="RO" xml:space="preserve">
    <value>RO</value>
  </data>
  <data name="SE" xml:space="preserve">
    <value>SE</value>
  </data>
  <data name="SI" xml:space="preserve">
    <value>SI</value>
  </data>
  <data name="SK" xml:space="preserve">
    <value>SK</value>
  </data>
  <data name="PT" xml:space="preserve">
    <value>PT</value>
  </data>
  <data name="_MONTHLY_LABEL" xml:space="preserve">
    <value>Monthly</value>
  </data>
  <data name="_QUARTERLY_LABEL" xml:space="preserve">
    <value>Quarterly</value>
  </data>
  <data name="_SUBSIDIARY_UI_LABEL" xml:space="preserve">
    <value>Subsidiary</value>
  </data>
  <data name="_REG_NO_UI_LABEL" xml:space="preserve">
    <value>Registration Number</value>
  </data>
  <data name="_FROM_DATE_UI_HELP" xml:space="preserve">
    <value>Select the starting 'accounting period.</value>
  </data>
  <data name="_TO_DATE_UI_HELP" xml:space="preserve">
    <value>Select the ending 'accounting period.</value>
  </data>
  <data name="_SUBSIDIARY_UI_HELP" xml:space="preserve">
    <value>Select the EC subsidiary to process.</value>
  </data>
  <data name="_ECSL_BACK_LABEL" xml:space="preserve">
    <value>Back</value>
  </data>
  <data name="_ECSL_CSV_EXPORT_LABEL" xml:space="preserve">
    <value>Export - CSV</value>
  </data>
  <data name="_ECSL_CSV_HMRC_EXPORT_LABEL" xml:space="preserve">
    <value>Export - CSV HMRC</value>
  </data>
  <data name="_ECSL_CUSTOMER_COL_LABEL" xml:space="preserve">
    <value>Customer</value>
  </data>
  <data name="_ECSL_COUNTRY_COL_LABEL" xml:space="preserve">
    <value>Country</value>
  </data>
  <data name="_ECSL_VATREGNO_COL_LABEL" xml:space="preserve">
    <value>VAT Number</value>
  </data>
  <data name="_ECSL_AMOUNT_COL_LABEL" xml:space="preserve">
    <value>Total value of supplies</value>
  </data>
  <data name="_ECSL_INDICATOR_COL_LABEL" xml:space="preserve">
    <value>Indicator</value>
  </data>
  <data name="_ECSL_EXCLUDE_COL_LABEL" xml:space="preserve">
    <value>Exclude</value>
  </data>
  <data name="_ECSL_UK_COUNTRY_CODE" xml:space="preserve">
    <value>GB</value>
  </data>
  <data name="_ECSL_REPORT_ASST_LABEL" xml:space="preserve">
    <value>EC Sales List (ESL) Report</value>
  </data>
  <data name="_CUST_NOT_FOUND" xml:space="preserve">
    <value>Unassigned</value>
  </data>
  <data name="_EC_SALES_REPORT_NAME" xml:space="preserve">
    <!-- <value>VAT on Sales by Tax Code (8375)</value> -->
	<value>Sales by EC Tax Code [4445]</value>
  </data>
  <data name="_ECSL_GROUP_IND" xml:space="preserve">
    <value>EC Code</value>
  </data>
  <data name="_ECSL_SALES_TAXCODE_IND" xml:space="preserve">
    <value>ESSS-GB</value>
  </data>
  <data name="_ECSL_AMOUNT_HDR" xml:space="preserve">
    <value>vat_negaggamount</value>
  </data>
  <data name="_ECSL_CUSTOMER_HDR" xml:space="preserve">
    <value>randocentitymain_ent_sfullname</value>
  </data>
  <data name="_EC_SALES_REPORT_ID" xml:space="preserve">
    <value>326</value>
  </data>
  <data name="_ECSL_EMAIL_INITIAL_SUBMIT_INFO_SUBJECT" xml:space="preserve">
    <value>EC SALES LIST (ESL) ONLINE FILING: XML DATA SUBMITTED</value>
  </data>
  <data name="_SEND_RETRY_LIMIT" xml:space="preserve">
    <value>5</value>
  </data>
  <data name="_TAX_PERIOD_LABEL" xml:space="preserve">
    <value>Tax Period</value>
  </data>
  <data name="_FROM_DATE_UI_LABEL" xml:space="preserve">
    <value>From</value>
  </data>
  <data name="_TO_DATE_UI_LABEL" xml:space="preserve">
    <value>To</value>
  </data>
  <data name="_ECSL_SUBMIT_LABEL" xml:space="preserve">
    <value>Submit Online</value>
  </data>
  <data name="_ECSL_CANCEL_LABEL" xml:space="preserve">
    <value>Cancel</value>
  </data>
  <data name="_ECSL_PRINT_PREVIEW_LABEL" xml:space="preserve">
    <value>Print</value>
  </data>
  <data name="_ECSL_EMAIL_INITIAL_SUBMIT_INFO_BODY" xml:space="preserve">
    <value>The EC Sales List (ESL) has been submitted to the tax site. Retain this email for your records in case some or all of the submission was unsuccessful. Upon acknowledgement of receipt of this submission by the tax site, you will receive a separate email with a status report of the submission. &lt;BR/&gt;&lt;BR/&gt;</value>
  </data>
  <data name="_ECSL_EMAIL_SUBMIT_REJECTED_ERROR_SUBJECT" xml:space="preserve">
    <value>EC SALES LIST (ESL) ONLINE FILING:  ERROR NOTIFICATION</value>
  </data>
  <data name="_ECSL_EMAIL_SUBMIT_SUCCESS_ALL_SUBJECT" xml:space="preserve">
    <value>EC SALES LIST (ESL) ONLINE FILING: SUBMISSION SUCCESS NOTIFICATION</value>
  </data>
  <data name="_ECSL_EMAIL_SUBMIT_SUCCESS_PARTIAL_SUBJECT" xml:space="preserve">
    <value>EC SALES LIST (ESL) ONLINE FILING: SUBMISSION NOTIFICATION</value>
  </data>
  <data name="_ECSL_EMAIL_UK_SITE_UNAVAILABLE_ERROR_SUBJECT" xml:space="preserve">
    <value>EC Sales List (ESL) ONLINE FILING: SITE UNAVAILABLE NOTIFICATION</value>
  </data>
  <data name="_ECSL_REPORT_DATE_TO_LABEL" xml:space="preserve">
    <value>To</value>
  </data>
  <data name="_ECSL_REPORT_FOR_THE_MONTH_LABEL" xml:space="preserve">
    <value>For the Month of</value>
  </data>
  <data name="_ECSL_REPORT_FOR_THE_PERIOD_LABEL" xml:space="preserve">
    <value>For The Period</value>
  </data>
  <data name="_ECSL_EMAIL_SUBMIT_SUCCESS_ALL_BODY" xml:space="preserve">
    <value>The EC Sales List (ESL) submission to the tax site completed successfully.&lt;BR/&gt;
An ESL report for this submission has been created and saved as a PDF in the file cabinet. To view the PDF, click the file name link below or copy/paste the URL into your browser.
##
&lt;BR/&gt;Status of ESL lines submitted to the tax site:</value>
  </data>
  <data name="_ECSL_EMAIL_SUBMIT_SUCCESS_PARTIAL_BODY" xml:space="preserve">
    <value>The EC Sales List (ESL) submission to the tax site succeeded with some errors.&lt;BR/&gt; Please review the status report details below. Any lines that were not acknowledged due to errors should be adjusted and resubmitted at a later time. 
An ESL report for the successfully acknowledged portion of this submission has been created and saved as a PDF in the file cabinet. To view the PDF, click the file name link below or copy/paste the URL into your browser.</value>
  </data>
  <data name="_ECSL_EMAIL_UK_SITE_UNAVAILABLE_ERROR_BODY" xml:space="preserve">
    <value>The online tax submission site is unavailable right now. Repeated attempts to submit the EC Sales List (ESL) online have failed at this time. Please resubmit the ESL at a later time.</value>
  </data>
  <data name="_ECSL_REPORT_TAX_MONTHLY_INFO" xml:space="preserve">
    <value>Tax Monthly Period Information</value>
  </data>
  <data name="_ECSL_REPORT_TAX_QUARTERLY_INFO" xml:space="preserve">
    <value>Tax Quarter Information</value>
  </data>
  <data name="_ECSL_REPORT_TAX_MONTH_LABEL" xml:space="preserve">
    <value>Tax Month :</value>
  </data>
  <data name="_ECSL_REPORT_TAX_QUARTER_LABEL" xml:space="preserve">
    <value>Tax Quarter Number :</value>
  </data>
  <data name="_ECSL_REPORT_TAX_QUARTER_YEAR" xml:space="preserve">
    <value>Tax Quarter Year :</value>
  </data>
  <data name="_PDF_FONT_FAMILY" xml:space="preserve">
    <value>font-family='Helvetica, Arial, sans-serif'</value>
  </data>
  <data name="_PDF_REP_PAGE_LABEL" xml:space="preserve">
    <value>Page No.</value>
  </data>
  <data name="_PDF_FONT_SIZE" xml:space="preserve">
    <value>font-size='10'</value>
  </data>
  <data name="_ECSL_EMAIL_EXCEL_CREATE_SUCCESS_SUBJECT" xml:space="preserve">
    <value>EC Sales List (ESL) Report EXCEL File Creation</value>
  </data>
  <data name="_ECSL_EMAIL_EXCEL_CREATE_FAILED_BODY" xml:space="preserve">
    <value>An Excel file has been created. Click the URL below to access the file.&lt;br/&gt;</value>
  </data>
  <data name="_ECSL_EMAIL_EXCEL_CREATE_FAILED_SUBJECT" xml:space="preserve">
    <value>Failed EC Sales List (ESL) Report EXCEL File Creation</value>
  </data>  
  <data name="_ECSL_EMAIL_CSV_CREATE_SUCCESS_SUBJECT" xml:space="preserve">
    <value>EC Sales List (ESL) Report CSV File Creation</value>
  </data>
  <data name="_ECSL_EMAIL_CSV_CREATE_FAILED_BODY" xml:space="preserve">
    <value>A CSV file has been created. Click the URL below to access the file.&lt;br/&gt;</value>
  </data>
  <data name="_ECSL_EMAIL_CSV_CREATE_FAILED_SUBJECT" xml:space="preserve">
    <value>Failed EC Sales List (ESL) Report CSV File Creation</value>
  </data>
  <data name="_ECSL_EMAIL_PDF_CREATE_SUCCESS_SUBJECT" xml:space="preserve">
    <value>EC Sales List (ESL) Report PDF File Creation</value>
  </data>
  <data name="_ECSL_EMAIL_PDF_CREATE_FAILED_BODY" xml:space="preserve">
    <value>A PDF file has been created. Click the URL below to access the file.&lt;br/&gt;</value>
  </data>
  <data name="_ECSL_EMAIL_PDF_CREATE_FAILED_SUBJECT" xml:space="preserve">
    <value>Failed EC Sales List (ESL) Report PDF File Creation</value>
  </data>  
  <data name="_ECSL_EMAIL_SUBMIT_REJECTED_ERROR_BODY" xml:space="preserve">
    <value>The entire ESL submission to the tax site was rejected due to the errors listed below. You must correct the errors and resubmit the ESL.## &lt;br/&gt;</value>
  </data>
  <data name="_ECSL_EMAIL_ERROR_LINES_TEXT" xml:space="preserve">
    <value>ESL lines that caused the submission to fail:</value>
  </data>
  <data name="_ECSL_SUBMIT_SUCCESS_LABEL" xml:space="preserve">
    <value>SUCCESS</value>
  </data>
  <data name="_ECSL_SUBMIT_PARTIAL_SUCCESS_LABEL" xml:space="preserve">
    <value>PARTIAL SUCCESS</value>
  </data>
  <data name="_ECSL_SUBMIT_FAILURE_LABEL" xml:space="preserve">
    <value>FAILURE</value>
  </data>
  <data name="_NONE_LABEL" xml:space="preserve">
    <value>-- none --</value>
  </data>
  <data name="EL" xml:space="preserve">
    <value>EL</value>
  </data>
  <data name="UK" xml:space="preserve">
    <value>UK</value>
  </data>
  <data name="_PRODUCTION_ENVIRONMENT" xml:space="preserve">
    <value>PRODUCTION</value>
  </data>
  <data name="_ONLINE_FILING_RESTRICTION_MSG" xml:space="preserve">
    <value>ECSL online filing can only be initiated from a production environment.</value>
  </data>
</root>