"Item Code",Description,"Netstock Unit of Measure","Unit Volume","Unit Weight","Superseded Item Code","Supersession Item Factor","Not Used","Unique Identifier"
11299-BJ,"Construction Vehicle 3-Pack - Master Pack-out
",,,,,,,4102
112994,"Construction Vehicle 3-Pack - Pallet Pack-out
",,,,,,,4101
3SD1-1201,"Bath/Vehicle Shipper – Flat
",,,18.54,,,,4007
3SD2-1201,"Bath/Vehicle Shipper – Flat- Pharmaca
",,,13.5,,,,4022
944997,"GT  Bath Adventure 2 Pack - (Ferry Boat w/ Car & Tug Boat, Seaplane & Submarine)",,,,,,,724
973786,"GT  Assorted Truck Sets:  Dump + Recycling Truck & Fire Truck + School Bus",,,,,,,11
980026526,"Green Toys Toy with Book Sets (Assorted Pallet); Train Set & Truck Set
",,,,,,,4271
980026526-TRK2PK,"Mixed Up Trucks Book Set - 2 Pack
",,,,,,,4273
980026526-TRN2PK,"Train off the Rails Book Set - 2 Pack
",,,,,,,4272
AARG-1295,"Airplane - Red & Green
",,,1.42,,,,4269
AIRA-1028,"GT  Airplane - Assortment",,,1.42,,,,85
AIRB-1027,"GT  Airplane - Blue",,,1.42,,,,933
AIRB-1027EC,"GT  Airplane - Blue",,,1.42,,,,4292
AIRB4-1027,"GT  Airplane - Blue",,,1.42,,,,4015
AIRP-1131,"GT  Airplane - Purple",,,1.42,,,,786
AIRR-1026,"GT  Airplane - Red",,,1.42,,,,121
AIRR-1026EC,"GT  Airplane - Red",,,1.42,,,,4293
AKA1-1200,"Activity Kit Assortment (Vehicles, Flowers, Cupcakes)",,,0,,,,3823
AKCC-1194,"Cupcakes Coloring & Activity Kit
",,,0,,,,3799
AKFC-1193,"Flowers Coloring & Activity Kit
",,,0,,,,3798
AKVC-1192,"Vehicles Coloring & Activity Kit",,,0,,,,3797
ARBB-1235,"Airplane & Board Book 

",,,0,,,,4069
ARDP-1136,"GT  Airplane - Dark Purple",,,1,,,,787
BB3P-1233,"Board Book 3 Pack  
",,,,,,,4089
BBS1-1238,"Green Toys Bake By Shape
",,,2.25,,,,4086
BK06-TNBK,"Train off the Rails Book - 6 units (No Display)
",,,0,,,,3946
BKA1-1210,"Book Assortment (2 each) with display",,,0,,,,3833
BKBT-4341,"Green Toys Book: Boats Built for Speed with Davey & Pearl....",,,,,,,3069
BKTK-4342,"Green Toys Book: Mixed-Up Trucks with Baxter, Rosie & Gus....",,,,,,,3070
BKTN-4340,"Green Toys Book: Train off the Rails with Kody and Dot..",,,,,,,3071
BLKA-1110,"GT  Block Set",,,1.77,,,,789
BTAA-ASSY,"Bath Time Adventure Submarine & Seaplane Set


",,,0,,,,4350
BTLB-1103,"GT  Launch Boat - Blue",,,.43,,,,793
BTLB-12X4,"GT  Launch Boat - 12 pack/4 unit inners (blue)",,,.43,,,,729
BTRO-1104,"GT  Race Boat - Orange",,,.43,,,,794
BTRO-12X4,"GT  Race Boat - 12 pack/4 unit inners (orange)",,,.43,,,,730
BTS1-1236,"Baby Toy Starter Set (First Keys, Stacking Cups, Elephant)


",,,0,,,,4071
BTSA-1105,"GT  Sport Boat - Assortment",,,.43,,,,795
BTSG-1102,"GT  Speed Boat - Green",,,.43,,,,796
BTSG-12X4,"GT  Speed Boat - 12 pack/4 unit inners (green)",,,.43,,,,731
BWLA-1534,"Green Eats Bowls - 2 per set - Assorted",,,.4,,,,57
BWLB-1505,"Green Eats Bowls - 2 per set - Blue",,,.4,,,,75
BWLG-1556,"Green Eats Bowls - 2 per set - Green",,,.4,,,,70
BWLO-1554,"Green Eats Bowls - 2 per set",,,.4,,,,103
BWLY-1555,"Green Eats Bowls - 2 per set - Yellow",,,.4,,,,66
CCRB-1237,"Green Toys Car Carrier

",,,,,,,4087
CD04-PK01,"Dough – 4oz – Pink 01 (48 units/cs)
",,,0,,,,4372
CDM6-1183,"Green Toys Dumper 6 Pack..
",,,,,,,3500
CDPA-1107,"GT  Dumper - Construction Truck",,,.84,,,,797
CDPA-12X4,"GT  Dumper - Construction Truck - 12 unit MCT, 4 Unit Inner Cartons",,,.84,,,,736
CDPB-1262,"Dumper Construction Truck - Blue/Yellow",,,.84,,,,4060
CFBP-1197,"GT Ferry Boat Pink/Grey",,,,,,,3596
CFTP-1199,"Green Toys Fire Truck - Pink",,,,,,,3597
CHF01R,"Green Toys Chef Set - 4 piece set",,,1.38,,,,1052
CHP1-1151,"Green Toys Character 4-Pack....",,,0,,,,2051
CHST-1146,"Green Toys Toy Chest Promo.",,,9.19,,,,1341
CHST-1146F,"Toy Chest Kits-Flat Toy Chest without Toys",,,0,,,,2754
CHSTC-1228,"Toy Chest C  - For Indigo",,,9.14,,,,4006
CMXA-1108,"GT  Mixer - Construction Truck",,,.84,,,,799
CMXA-12X4,"GT  Mixer - Construction Truck - 12 unit MCT, 4 Unit Inner Cartons",,,.84,,,,740
CMXG-1263,"Mixer Construction Truck - Green/Yellow",,,.84,,,,4061
CONR-1240,"Green Toys Convertible w/Character
",,,,,,,4095
CPCK-1152,"Green Toys Cupcake Set....
",,,,,,,3611
CSC6-1182,"Green Toys Scooper 6 Pack..
",,,,,,,3498
CSCA-1106,"GT  Scooper - Construction Truck",,,.84,,,,800
CSCA-12X4,"GT  Scooper - Construction Truck - 12 unit MCT, 4 Unit Inner Cartons",,,.84,,,,743
CSCA4-1106,"GT  Scooper - Construction Truck",,,.84,,,,4016
CSCO-1106,"Scooper Construction Truck – Orange/Yellow",,,.84,,,,4074
CSCP-1196,"Green Toys Scooper - Construction Truck Pink/Purple",,,,,,,3598
CSND-1208,"Green Toys Custom Sand Kit / Mold, Retail Carton",,,0,,,,3081
CST3-1209,"Construction Vehicle - 3 Pack",,,,,,,3700
CSTA-1109,"GT  Construction Trucks - Assortment",,,.84,,,,801
CSTV-1261,"Construction Trucks - Assorted New Colors",,,.84,,,,4059
CWCP-1198,"Green Toys Watering Can - Pink/Purple",,,,,,,2857
DCM1-1243,"Green Toys Cake Maker Dough Set",,,0,,,,4161
DDSD-1119,"Green Toys Dig & Discover Set",,,0,,,,934
DFM1-1244,"Green Toys Flower Maker Dough Set",,,0,,,,4159
DIN01R,"GT Cookware and Dining Set - 27 piece set",,,3.76,,,,935
DMM1-1242,"Green Toys Meal Maker Dough Set",,,0,,,,4158
DMSND-1298,"DM Sand Set
",,,1.8,,,,4286
DMSUB-1297,"DM Submarine
",,,.83,,,,4289
DMT1-1245,"Green Toys Tools Essentials Dough Set",,,0,,,,4169
DPLA-1538,"Green Eats Divided Plates - 2 per set - Assorted Case",,,.59,,,,21
DPLB-1507,"Green Eats Divided Plates - 2 per set - Blue",,,.59,,,,35
DPLG-1546,"Green Eats Divided Plates - 2 per set - Green",,,.59,,,,33
DPLO-1544,"Green Eats Divided Plates - 2 per set - Orange",,,.59,,,,28
DPLY-1545,"Green Eats Divided Plates - 2 per set - Yellow",,,.59,,,,29
DRM1-1246,"Green Toys Race Car Maker Dough Set",,,0,,,,4160
DS4A-1241,"Green Toys Dough 4 Pack
",,,0,,,,4392
DSA1-1247,"Dough Sampler Pack - 7 Units; 1ea of the sets above, 2 dough 4 pack",,,,,,,4171
DSH01R,"Green Toys Dish Set - 24 piece set",,,1.66,,,,936
DTK01R,"GT  Dump Truck",,,2.25,,,,137
DTK01REC,"GT  Dump Truck",,,2.25,,,,4294
DTKBO-1283,"Dump Truck - Blue and Orange
",,,2.25,,,,4219
DTKP-1010,"GT  Pink Dump Truck",,,2.25,,,,116
DTKP-1010EC,"GT  Pink Dump Truck",,,2.25,,,,4295
DTKT-1278,"Green Toys Dump Truck - Turquoise/Yellow",,,2.25,,,,4175
ECS01R,"GT  EcoSaucer Flying Disc",,,.57,,,,86
ENGR-1154,"Green Toys Fire Engine......
",,,,,,,3607
ENGR3-1154,"Green Toys Fire Engine......
",,,,,,,4019
ENGR4-1154,"Green Toys Fire Engine......
",,,,,,,4403
FLRA-1481,"GT  Flatbed Truck w/ Race Car",,,1.71,,,,72
FLRA-1481EC,"GT  Flatbed Truck w/ Race Car",,,1.71,,,,4296
FLWA-1012,"Green Toys Build-a-Bouquet",,,1.6,,,,618
FLWA2-1285,"Green Toys Build-a-Bouquet 4C
",,,1.6,,,,4274
FRBA-1038,"GT  Ferry Boat with Fastbacks",,,1.65,,,,73
FRBA-1038EC,"GT  Ferry Boat with Fastbacks",,,1.65,,,,4297
FRBA2-1038,"GT  Ferry Boat with Fastbacks",,,1.65,,,,4017
FRBB-1046,"GT  Ferry Boat with Fastbacks - Blue",,,1.65,,,,805
FRBGW-1290,"Ferry Boat - Green/White
",,,1.65,,,,4250
FRBW-1045,"GT  Ferry Boat with Fastbacks - White",,,1.65,,,,806
FTK01R,"GT  Fire Truck",,,1.98,,,,138
GAR01R,"Green Toys Indoor Gardening Kit",,,1.42,,,,937
HELA-1062,"GT  Helicopter - Assortment",,,1.22,,,,78
HELB-1060,"GT  Helicopter - Blue",,,1.22,,,,104
HELG-1061,"GT  Helicopter - Green",,,1.22,,,,95
JGR01R,"Green Toys Jump Rope Green",,,.21,,,,1053
JMP01R-A,"Green Toys Jump Rope Assortment - 4 Green, 4 Pink, 4 Purple",,,.21,,,,1049
JPK01R,"Green Toys Jump Rope Pink",,,.21,,,,1050
JPR01R,"Green Toys Jump Rope Purple",,,.21,,,,1051
KNTA-1502,"GT Twist Teether",,,.06,,,,134
KYBB-1234,"First Keys & Board Book 
",,,0,,,,4068
KYSA-1037,"GT  My First Keys",,,.28,,,,128
KYSA-1047,"GT  My First Keys - PBK",,,.28,,,,90
LBBK-1191,"Book & Launch Boat Set - Closed Box
",,,.43,,,,3941
MCHF-1280,"Chef Set - (DM) - Mesh Bag Assembly",,,0,,,,4202
MFBR-PBK,"PBK Mini Fastback - Red",,,,,,,750
MPCB-PBK,"PBK Mini Police Car - Blue",,,,,,,752
MTEA-1225,"Tea Set - (DM) - Custom Colors, Mesh Bag",,,0,,,,3989
MTUG-1250,"DM Tug Boat - Assorted, Blue, Yellow, Green
",,,,,,,4023
MVFA-1022,"GT  Mini Fastback Set - 4 Pack",,,,,,,815
MVHA-1014,"GT  Mini Vehicle Set - 4 Pack",,,,,,,816
MVP1-1165,"Green Toys Mini Vehicle 4-Pack..
",,,,,,,3608
MVSA-1016,"GT  Mini Vehicles - Assortment with Display",,,,,,,817
MVT1-1164,"Green Toys Mini Vehicle Display - Fastbacks....
",,,,,,,3609
MWTC-1249,"DM Watering Can 
",,,,,,,4024
PBCC-1195,"PBK Custom Cupcake Set",,,,,,,3496
PBTA-1049,"Green Toys PBK Pink & Lavender Tea Set 2013",,,2.38,,,,1047
PFIR-1156,"Green Toys Fire Station Playset....",,,,,,,2853
PFRM-1158,"Green Toys Farm Playset..",,,,,,,2854
PHSE-1239,"Green Toys House Playset",,,,,,,4094
PLTA-1539,"Green Eats Plates - 2 per set - Assortedr",,,.53,,,,47
PLTB-1508,"Green Eats Plates - 2 per set - Blue",,,.53,,,,71
PLTG-1510,"GT  Planting Kit with Trowel - Green Flower Pot",,,.53,,,,757
PLTG-1553,"Green Eats Plates - 2 per set - Green",,,.53,,,,67
PLTO-1547,"Green Eats Plates - 2 per set - Orange",,,.53,,,,61
PLTY-1043,"GT  Planting Kit with Trowel - Yellow Flower Pot",,,.53,,,,17
PLTY-1548,"Green Eats Plates - 2 per set - Yellow",,,.53,,,,62
PMVF-1081,"PBS Kids GT  Mini Fastback Set - 4 Pack",,,,,,,31
PTRB-1153,"Green Toys Pick-Up Truck - Blue......
",,,,,,,3610
PZA1-1163,"Green Toys Assorted Puzzles....
",,,,,,,3603
PZDT-1161,"Green Toys Dump Truck Puzzle....
",,,,,,,3604
PZG6-1184,"Green Toys Garden Puzzle..
",,,,,,,3499
PZGA-1162,"Green Toys Garden Puzzle..
",,,,,,,3605
PZTP-1160,"Green Toys Tea Time Puzzle....
",,,,,,,3606
RACA-1509,"GT  Race Car - Assortment - red and blue cars",,,.22,,,,23
RACB-1479,"GT  Race Car - Blue",,,.22,,,,118
RACB-6XPK,"GT  Race Car - Blue - 6 Unit Master",,,.22,,,,760
RACG-4H,"GT  Race Car - Dark Green - PCR362 DK Green",,,.22,,,,761
RACO-1035,"GT  Race Car - Orange - PCR180C",,,.22,,,,60
RACP-1480,"GT  Race Car - Pink",,,.22,,,,119
RACP-6XPK,"GT  Race Car - Pink - 6 Pack Master",,,.22,,,,762
RACR-1478,"GT  Race Car - Red",,,.22,,,,123
RACR-6XPK,"GT  Race Car - Red - 6 Unit Master",,,.22,,,,763
RACT-1008,"GT  Race Car - Assortment red, blue and pink",,,.29,,,,26
RBH1-1155,"Green Toys Rescue Boat assembled ",,,0,,,,2061
RCEL-1066,"GT  Elephant-on-Wheels",,,.38,,,,96
RCEL-ASSY,"GT  Elephant-on-Wheels - Elephant with tag only",,,.38,,,,4176
RCPG-1067,"GT  Pig-on-Wheels",,,.38,,,,125
RCSA-1069,"GT  Animals-on-Wheels Assortment",,,.53,,,,59
RCTR-1068,"GT  Turtle-on-Wheels",,,.38,,,,108
RKTA-1041,"GT  Rocket - Assorted",,,3.18,,,,105
RKTB-1039,"GT  Rocket - Blue",,,3.18,,,,126
RKTR-1040,"GT  Rocket - Red",,,3.18,,,,130
RTK01R,"GT  Recycling Truck",,,2.31,,,,120
RTKGB-1291,"Recycling Truck - Grey/Blue
",,,2.31,,,,4249
SBBK-1187,"Green Toys Sport Boat and Book Display......",,,,,,,3065
SBLA-1532,"Green Eats Snack Bowls - 4 per set - Assorted Case Pack",,,.23,,,,18
SBLB-2129,"Green Eats Snack Bowls - 4 per set - Blue",,,.23,,,,48
SBLG-2128,"Green Eats Snack Bowls- 4 per set - Green",,,.23,,,,49
SBLO-1533,"Green Eats Snack Bowls - 4 per set - Orange",,,.23,,,,41
SBLY-2127,"Green Eats Snack Bowls - 4 per set - Yellow",,,.23,,,,42
SCBK-1190,"Book & Scooper Set - Closed Box
",,,.84,,,,3940
SCDP-1270,"Scooper/Dumper Mixed Trucks - Kroger",,,.84,,,,4246
SCHY-1009,"GT  School Bus",,,1.65,,,,139
SCHY-1009EC,"GT  School Bus",,,1.65,,,,4298
SEAA-1031,"GT  Seaplane - Assorted",,,2.18,,,,91
SEAB-1086,"GT  Seaplane - Blue - Assorted",,,2.18,,,,65
SEABW-1292,"Seaplane - Blue/White
",,,2.18,,,,4251
SEAG-1029,"GT  Seaplane - Green",,,2.18,,,,109
SEAWB-1294,"Seaplane - White/Blue",,,2.18,,,,4252
SEAY-1030,"GT  Seaplane - Yellow",,,2.18,,,,106
SECA-1065,"GT  Seacopter - Assortment",,,1.56,,,,80
SECB-1063,"GT  Seacopter - Blue",,,1.56,,,,110
SECO-1064,"GT  Seacopter - Orange",,,1.56,,,,97
SGCL-1112,"CL Custom Stacker - Teal/Yellow/Grey/Purple",,,,,,,765
SLDA-1013,"Green Toys Play Salad Set",,,1.92,,,,1041
SLDA2-1284,"Green Toys Salad Set 4C
",,,1.92,,,,4279
SNBP-1025,"Green Toys Sand Play Set",,,0,,,,1351
SND01R,"Green Toys Green Sand Play Set",,,1.8,,,,1054
SNDA-1024,"Green Toys Sand Play Set - Assorted",,,1.8,,,,1140
SNDB-1017,"Green Toys Blue Sand Play Set",,,1.8,,,,1141
SNDP-1023,"Green Toys Pink Sand Play Set",,,1.8,,,,1240
SPFY-2135,"Green Eats Feeding Spoons and Forks - 4 ea. per set - Yellow",,,.13,,,,13
SPLA-2130,"Green Eats Snack Plates - 4 per set - Assorted Case",,,.22,,,,25
SPLB-2134,"Green Eats Snack Plates - 4 per set - Blue",,,.22,,,,45
SPLG-2133,"Green Eats Snack Plates - 4 per set - Green",,,.22,,,,43
SPLO-2131,"Green Eats Snack Plates - 4 per set - Orange",,,.22,,,,36
SPLY-2132,"Green Eats Snack Plates - 4 per set - Yellow",,,.22,,,,37
SPNY-2136,"Green Eats Feeding Spoons - 8 per set - Yellow",,,.13,,,,30
SPS2-1224,"Green Toys Shape Sorter - Pink and Purple
",,,,,,,3949
SPSA-1036,"GT  Shape Sorter",,,1.72,,,,135
SPSL-1150,"GT Shape Sorter - Limeade",,,1.5,,,,1139
SRWB-1185,"Stacking Cups - Assorted, Red White Blue
",,,,,,,3497
SSEA-1072,"GT  Seaplane Safe Seas Set - Assorted",,,2.43,,,,34
SSUB-1073,"GT  Submarine Safe Seas Set - Assorted",,,1.75,,,,32
STC2-1221,"Green Toys Stacking Cups - Pink and Purple
",,,,,,,3948
STCA-8586,"GT  Stacking Cups - Assortment",,,.88,,,,68
STCC-1279,"Stacking Cups - Coral",,,,,,,4174
STCL-1113,"CL Custom Stacker - Red/Yellow/Blue/Green",,,,,,,770
STK01R,"GT  Stacker",,,.59,,,,140
STK2-1223,"Green Toys Stacker - Red White Green
",,,,,,,3947
STPA-1477,"Green Toys Pizza Parlor",,,1.81,,,,1039
STPA2-1289,"Green Toys Pizza Parlor 4C
",,,1.81,,,,4275
STPSA2-1300,"STPA2 STSA2 Mixed Case - 2 each",,,5.4,,,,4299
STSA-8587,"Green Toys Sandwich Shop",,,.89,,,,1040
STSA2-1288,"Green Toys Sandwich Shop 4C
",,,.89,,,,4276
STSB-1181,"Green Toys Submarine - Assortment Stacking Package
",,,,,,,3600
STSB4-1181,"Green Toys Submarine - Assortment Stacking Package
",,,,,,,4020
STUG-1180,"Green Toys Tug Boat - Assorted, Stacking Package
",,,,,,,3601
STUG4-1180,"Green Toys Tug Boat - Assorted, Stacking Package
",,,,,,,4021
STVA-1059,"GT  Stove Top - Assortment",,,1.32,,,,81
STVP-1058,"GT  Stove Top - Pink",,,1.32,,,,111
STVT-1057,"GT  Stove Top - Teal",,,1.32,,,,112
SUBA-1034,"GT  Submarine - Assortment",,,.83,,,,83
SUBB-1032,"GT  Submarine - Blue",,,.83,,,,114
SUBP-1135,"GT  Submarine - Purple/Blue",,,.83,,,,826
SUBY-1033,"GT  Submarine - Yellow",,,.83,,,,101
SWB1-1174,"Sand & Water Play Sand Bucket w. Stacking Cups....",,,0,,,,2353
SWB2-1175,"Sand & Water Play Sand Bucket w. Sport Boats & Tools......",,,0,,,,2354
SWB3-1252,"Sand & Water Super Sets: Bucket with Cups (TYC)

",,,0,,,,4045
SWBS-1178,"Sand & Water Play Buckets sold separately....",,,0,,,,2355
SWD1-1176,"Sand & Water Play Dump Truck w. Scooper....",,,0,,,,2356
SWD2-1177,"Sand & Water Play Dump Truck w. Boat & Sand Tools....",,,0,,,,2357
SWD3-1254,"Sand & Water Deluxe Sets: Dump Truck (YT) with Scooper

",,,0,,,,4047
SWD4-1253,"Sand & Water Deluxe Sets: Dump Truck (OB) with Boat (BB)


",,,0,,,,4081
SWDB-1251,"Sand & Water Essentials: Dumper - Blue
",,,0,,,,4043
SWDR-1169,"Sand & Water Play Dumper w. Rake and Shovel..",,,0,,,,2358
SWRB-1171,"Sand & Water Play Rescue Boat w. Helicopter....",,,0,,,,2359
SWRB2-1266,"Sand & Water Play Rescue Boat w. Helicopter V2

",,,0,,,,4091
SWSB-1172,"Sand & Water Play Sport Boats w. Rake and Shovel......",,,0,,,,2360
SWSC-1170,"Sand & Water Play Scooper w. Rake and Shovel....",,,0,,,,2361
SWSC2-1265,"Sand & Water Play Scooper w. Rake and Shovel V2
",,,0,,,,4090
SWSE-1173,"Sand & Water Seaplane w. Rake and Shovel....",,,0,,,,2362
TBPA-1503,"Green Eats Tabletop Set",,,1.86,,,,129
TEA01R,"Green Toys Tea Set - Pink",,,2.38,,,,513
TEAB-1074,"Green Toys Tea Set - Blue - 17 piece set",,,2.38,,,,1048
TEAP-1483,"Green Toys Tea Set - Pink - 17 piece set",,,0,,,,2363
TFT1-1216,"Tea For Two - 4 units/case
",,,0,,,,4058
TFT3-1216,"Tea For Two - 3 units/case
",,,0,,,,4057
TKBK-1188,"Green Toys Construction Truck and Book Display......",,,,,,,3066
TLSB-1019,"Green Toys Tool Set - Blue - 14 pieces",,,1.89,,,,1042
TLSB2-1286,"Green Toys Tool Set - Blue 4C
",,,1.89,,,,4278
TLSP-1011,"Green Toys Tool Set Pink - 14 pieces",,,1.89,,,,1043
TLSP2-1287,"Green Toys Tool Set - Pink 4C
",,,1.89,,,,4277
TNBK-1189,"Green Toys Train and Book Set....",,,,,,,3067
TPCL-1123,"GT  Custom Tug Boat - Citrus Lane - (Pink/Blue/Yellow)",,,,,,,774
TRK1-1179,"Green Toys Truck Assortment 01........
",,,,,,,3602
TRNA-1056,"GT  Train - Assortment",,,2.04,,,,100
TRNB-1054,"GT  Train - Blue",,,2.04,,,,132
TRNP-1055,"GT  Train - Pink",,,2.04,,,,133
TRNRG-1293,"Train - Red, White, and Green
",,,2.04,,,,4268
TRSA-1002,"Green Toy Truck Set - Dump Truck +  Recyling Truck",,,,,,,775
TRTO-1042,"GT  Tractor - Orange",,,1.16,,,,113
TRTO4-1042,"GT  Tractor - Orange",,,1.16,,,,4018
TRTP-1137,"GT  Tractor - Pink",,,1.16,,,,824
TRWB-1186,"Green Toys Tug Boat - Assorted, Red White Blue..
",,,,,,,3501
TRYA-1540,"Green Eats Divided Tray - Assorted Case - 2 Units/Color",,,.69,,,,19
TRYB-1506,"Green Eats Divided Tray - 1 per set - Blue",,,.69,,,,46
TRYG-1543,"Green Eats Divided Tray - 1 per set - Green",,,.69,,,,44
TRYO-1541,"Green Eats Divided Tray - 1 per set - Orange",,,.69,,,,38
TRYY-1542,"Green Eats Divided Tray - 1 per set - Yellow",,,.69,,,,39
TUG01R-A,"GT  Tug Boat - Assorted Colors",,,.86,,,,69
TUG01R-B,"GT  Tug Boat - Blue Top",,,.86,,,,93
TUG01R-R,"GT  Tug Boat - Red Top",,,.86,,,,102
TUG01R-Y,"GT  Tug Boat - Yellow Top",,,.86,,,,87
TUG2-1222,"Green Toys Tug Boat - Assorted, Red White Green
",,,,,,,3943
TUMA-1535,"Green Eats Tumblers - 2 per set - Assorted Case Pack",,,.28,,,,22
TUMB-1504,"Green Eats Tumblers - 2 per set - Blue",,,.28,,,,63
TUMG-1501,"Green Eats Tumblers - 2 per set - Green",,,.28,,,,58
TUMO-1557,"Green Eats Tumblers - 2 per set - Orange",,,.28,,,,54
TUMY-1558,"Green Eats Tumblers - 2 per set - Yellow",,,.28,,,,55
WABO-1269,"Green Toys Wagon Blue, Orange Wheels


",,,,,,,4105
WAGO-1227,"Green Toys Wagon - Orange
",,,,,,,4075
WAOB-1268,"Green Toys Wagon Orange, Blue Wheels

",,,,,,,4104
WDS1-1255,"Green Toys Wagon Deluxe Set w. Watering Can, Sand Bucket, Rake & Shovel
",,,0,,,,4097
WTCC-1267,"Green Toys Watering Can Coral
",,,,,,,4107
WTCG-1111,"GT  Watering Can - Green",,,1.55,,,,89
WTCT-1256,"Watering Can w. Rake and Shovel - Turquoise

",,,,,,,4076
ZB01-1093,"Zulily Bundle 1 - SUBB/TUGY - UPC#816409010935",,,1.69,,,,3837
ZB02-1094,"Zulily Bundle 2 - STK/SPSA",,,2.31,,,,3838
ZB03-1095,"Zulily Bundle 3 - AIRB/SEAG",,,3.6,,,,3839
ZB04-1096,"Zulily Bundle 4 - TRTO/FLRA",,,2.87,,,,3840
ZB05-1097,"Zulily Bundle 5 - DTK/DTKP",,,4.5,,,,3841
ZB06-1098,"Zulily Bundle 6 - STSA/STPA/SLDA",,,4.62,,,,3842
ZB07-1139,"Zulily Bundle 7 - FTK/DTK",,,4.23,,,,3843
ZB08-1140,"Zulily Bundle 8 - SEAG/FRBA",,,3.83,,,,3844
ZB09-1141,"Zulily Bundle 9- SPSA/STCA",,,2.6,,,,3845
ZB10-1142,"Zulily Bundle 10- RACR/RACB",,,.44,,,,3846
ZB11-1273,"Zulily Bundle 11 - CPCK + Tea",,,2.38,,,,4144
ZB12-1274,"Zulily Bundle 12 - FLWA + TLSP",,,3.49,,,,4145
ZB13-1275,"Zulily Bundle 13 - WTCG + GAR",,,2.97,,,,4146
ZB14-1276,"Zulily Bundle 14 - RTK + FTK",,,4.29,,,,4147
ZB15-2991,"Zulily Bundle 15 - ENGR + PTRB + CHP1",,,0,,,,4285