<?xml version="1.0" encoding="ISO-8859-1"?>
<NAXML-MovementReport version="3.4">
<TransmissionHeader>
<StoreLocationID>299</StoreLocationID>
<VendorName>Gilbarco-VeederRoot</VendorName>
<VendorModelVersion>10.10.27.03B</VendorModelVersion>
</TransmissionHeader>
<FuelGradeMovement>
<MovementHeader>
<ReportSequenceNumber>1</ReportSequenceNumber>
<PrimaryReportPeriod>2</PrimaryReportPeriod>
<SecondaryReportPeriod>0</SecondaryReportPeriod>
<BusinessDate>2017-09-16</BusinessDate>
<BeginDate>2017-09-16</BeginDate>
<BeginTime>22:37:48</BeginTime>
<EndDate>2017-09-17</EndDate>
<EndTime>22:35:08</EndTime>
</MovementHeader>
<FGMDetail>
<FuelGradeID>001</FuelGradeID>
<FGMNonResettableTotal>
<FuelGradeNonResettableTotalVolume>3872818.33</FuelGradeNonResettableTotalVolume>
<FuelGradeNonResettableTotalAmount>7275344.23</FuelGradeNonResettableTotalAmount>
</FGMNonResettableTotal>
<FGMSalesTotals>
<FuelGradeSalesVolume>2201.666</FuelGradeSalesVolume>
<FuelGradeSalesAmount>7395.4</FuelGradeSalesAmount>
<PumpTestTotals>
<PumpTestAmount>0</PumpTestAmount>
<PumpTestVolume>0</PumpTestVolume>
<ReturnTankID/>
</PumpTestTotals>
<TaxExemptSalesVolume>0</TaxExemptSalesVolume>
<DiscountAmount>0</DiscountAmount>
<DiscountCount>0</DiscountCount>
<DispenserDiscountAmount>-.84</DispenserDiscountAmount>
<DispenserDiscountCount>2</DispenserDiscountCount>
</FGMSalesTotals>
</FGMDetail>
<FGMDetail>
<FuelGradeID>002</FuelGradeID>
<FGMNonResettableTotal>
<FuelGradeNonResettableTotalVolume>908552.88</FuelGradeNonResettableTotalVolume>
<FuelGradeNonResettableTotalAmount>3317598.65</FuelGradeNonResettableTotalAmount>
</FGMNonResettableTotal>
<FGMSalesTotals>
<FuelGradeSalesVolume>439.664</FuelGradeSalesVolume>
<FuelGradeSalesAmount>1520.79</FuelGradeSalesAmount>
<PumpTestTotals>
<PumpTestAmount>0</PumpTestAmount>
<PumpTestVolume>0</PumpTestVolume>
<ReturnTankID/>
</PumpTestTotals>
<TaxExemptSalesVolume>0</TaxExemptSalesVolume>
<DiscountAmount>0</DiscountAmount>
<DiscountCount>0</DiscountCount>
<DispenserDiscountAmount>-.36</DispenserDiscountAmount>
<DispenserDiscountCount>1</DispenserDiscountCount>
</FGMSalesTotals>
</FGMDetail>
<FGMDetail>
<FuelGradeID>003</FuelGradeID>
<FGMNonResettableTotal>
<FuelGradeNonResettableTotalVolume>1945287</FuelGradeNonResettableTotalVolume>
<FuelGradeNonResettableTotalAmount>5234095.1</FuelGradeNonResettableTotalAmount>
</FGMNonResettableTotal>
<FGMSalesTotals>
<FuelGradeSalesVolume>965.416</FuelGradeSalesVolume>
<FuelGradeSalesAmount>3435.88</FuelGradeSalesAmount>
<PumpTestTotals>
<PumpTestAmount>0</PumpTestAmount>
<PumpTestVolume>0</PumpTestVolume>
<ReturnTankID/>
</PumpTestTotals>
<TaxExemptSalesVolume>0</TaxExemptSalesVolume>
<DiscountAmount>0</DiscountAmount>
<DiscountCount>0</DiscountCount>
<DispenserDiscountAmount>-2.09</DispenserDiscountAmount>
<DispenserDiscountCount>4</DispenserDiscountCount>
</FGMSalesTotals>
</FGMDetail>
<FGMDetail>
<FuelGradeID>004</FuelGradeID>
<FGMNonResettableTotal>
<FuelGradeNonResettableTotalVolume>170679.17</FuelGradeNonResettableTotalVolume>
<FuelGradeNonResettableTotalAmount>496064.8</FuelGradeNonResettableTotalAmount>
</FGMNonResettableTotal>
<FGMSalesTotals>
<FuelGradeSalesVolume>239.306</FuelGradeSalesVolume>
<FuelGradeSalesAmount>765.53</FuelGradeSalesAmount>
<PumpTestTotals>
<PumpTestAmount>0</PumpTestAmount>
<PumpTestVolume>0</PumpTestVolume>
<ReturnTankID/>
</PumpTestTotals>
<TaxExemptSalesVolume>0</TaxExemptSalesVolume>
<DiscountAmount>0</DiscountAmount>
<DiscountCount>0</DiscountCount>
<DispenserDiscountAmount>0</DispenserDiscountAmount>
<DispenserDiscountCount>0</DispenserDiscountCount>
</FGMSalesTotals>
</FGMDetail>
</FuelGradeMovement>
</NAXML-MovementReport>
