<?xml version="1.0" encoding="ISO-8859-1"?>
<NAXML-MovementReport version="3.4">
<TransmissionHeader>
<StoreLocationID>299</StoreLocationID>
<VendorName>Gilbarco-VeederRoot</VendorName>
<VendorModelVersion>10.10.27.03B</VendorModelVersion>
</TransmissionHeader>
<FuelGradeMovement>
<MovementHeader>
<ReportSequenceNumber>1</ReportSequenceNumber>
<PrimaryReportPeriod>2</PrimaryReportPeriod>
<SecondaryReportPeriod>0</SecondaryReportPeriod>
<BusinessDate>2017-08-24</BusinessDate>
<BeginDate>2017-08-24</BeginDate>
<BeginTime>22:51:41</BeginTime>
<EndDate>2017-08-25</EndDate>
<EndTime>23:11:17</EndTime>
</MovementHeader>
<FGMDetail>
<FuelGradeID>001</FuelGradeID>
<FGMTenderSummary>
<Tender>
<TenderCode>cash</TenderCode>
<TenderSubCode>generic</TenderSubCode>
</Tender>
<FGMSellPriceSummary>
<ActualSalesPrice>3.159</ActualSalesPrice>
<FGMServiceLevelSummary>
<ServiceLevelCode>1</ServiceLevelCode>
<FGMSalesTotals>
<FuelGradeSalesVolume>35.774</FuelGradeSalesVolume>
<FuelGradeSalesAmount>113</FuelGradeSalesAmount>
<DiscountAmount>0</DiscountAmount>
<DiscountCount>0</DiscountCount>
</FGMSalesTotals>
</FGMServiceLevelSummary>
</FGMSellPriceSummary>
</FGMTenderSummary>
</FGMDetail>
<FGMDetail>
<FuelGradeID>001</FuelGradeID>
<FGMTenderSummary>
<Tender>
<TenderCode>cash</TenderCode>
<TenderSubCode>generic</TenderSubCode>
</Tender>
<FGMSellPriceSummary>
<ActualSalesPrice>3.199</ActualSalesPrice>
<FGMServiceLevelSummary>
<ServiceLevelCode>1</ServiceLevelCode>
<FGMSalesTotals>
<FuelGradeSalesVolume>139.06</FuelGradeSalesVolume>
<FuelGradeSalesAmount>444.86</FuelGradeSalesAmount>
<DiscountAmount>0</DiscountAmount>
<DiscountCount>0</DiscountCount>
</FGMSalesTotals>
</FGMServiceLevelSummary>
</FGMSellPriceSummary>
</FGMTenderSummary>
</FGMDetail>
<FGMDetail>
<FuelGradeID>001</FuelGradeID>
<FGMTenderSummary>
<Tender>
<TenderCode>creditCards</TenderCode>
<TenderSubCode>generic</TenderSubCode>
</Tender>
<FGMSellPriceSummary>
<ActualSalesPrice>3.199</ActualSalesPrice>
<FGMServiceLevelSummary>
<ServiceLevelCode>1</ServiceLevelCode>
<FGMSalesTotals>
<FuelGradeSalesVolume>29.551</FuelGradeSalesVolume>
<FuelGradeSalesAmount>94.54</FuelGradeSalesAmount>
<DiscountAmount>0</DiscountAmount>
<DiscountCount>0</DiscountCount>
</FGMSalesTotals>
</FGMServiceLevelSummary>
</FGMSellPriceSummary>
</FGMTenderSummary>
</FGMDetail>
<FGMDetail>
<FuelGradeID>001</FuelGradeID>
<FGMTenderSummary>
<Tender>
<TenderCode>debitCards</TenderCode>
<TenderSubCode>generic</TenderSubCode>
</Tender>
<FGMSellPriceSummary>
<ActualSalesPrice>3.159</ActualSalesPrice>
<FGMServiceLevelSummary>
<ServiceLevelCode>1</ServiceLevelCode>
<FGMSalesTotals>
<FuelGradeSalesVolume>11.08</FuelGradeSalesVolume>
<FuelGradeSalesAmount>35</FuelGradeSalesAmount>
<DiscountAmount>0</DiscountAmount>
<DiscountCount>0</DiscountCount>
</FGMSalesTotals>
</FGMServiceLevelSummary>
</FGMSellPriceSummary>
</FGMTenderSummary>
</FGMDetail>
<FGMDetail>
<FuelGradeID>001</FuelGradeID>
<FGMTenderSummary>
<Tender>
<TenderCode>debitCards</TenderCode>
<TenderSubCode>generic</TenderSubCode>
</Tender>
<FGMSellPriceSummary>
<ActualSalesPrice>3.199</ActualSalesPrice>
<FGMServiceLevelSummary>
<ServiceLevelCode>1</ServiceLevelCode>
<FGMSalesTotals>
<FuelGradeSalesVolume>56.705</FuelGradeSalesVolume>
<FuelGradeSalesAmount>181.41</FuelGradeSalesAmount>
<DiscountAmount>0</DiscountAmount>
<DiscountCount>0</DiscountCount>
</FGMSalesTotals>
</FGMServiceLevelSummary>
</FGMSellPriceSummary>
</FGMTenderSummary>
</FGMDetail>
<FGMDetail>
<FuelGradeID>001</FuelGradeID>
<FGMTenderSummary>
<Tender>
<TenderCode>outsideCredit</TenderCode>
<TenderSubCode>generic</TenderSubCode>
</Tender>
<FGMSellPriceSummary>
<ActualSalesPrice>3.159</ActualSalesPrice>
<FGMServiceLevelSummary>
<ServiceLevelCode>1</ServiceLevelCode>
<FGMSalesTotals>
<FuelGradeSalesVolume>177.549</FuelGradeSalesVolume>
<FuelGradeSalesAmount>560.89</FuelGradeSalesAmount>
<DiscountAmount>0</DiscountAmount>
<DiscountCount>0</DiscountCount>
</FGMSalesTotals>
</FGMServiceLevelSummary>
</FGMSellPriceSummary>
</FGMTenderSummary>
</FGMDetail>
<FGMDetail>
<FuelGradeID>001</FuelGradeID>
<FGMTenderSummary>
<Tender>
<TenderCode>outsideCredit</TenderCode>
<TenderSubCode>generic</TenderSubCode>
</Tender>
<FGMSellPriceSummary>
<ActualSalesPrice>3.199</ActualSalesPrice>
<FGMServiceLevelSummary>
<ServiceLevelCode>1</ServiceLevelCode>
<FGMSalesTotals>
<FuelGradeSalesVolume>1134.64</FuelGradeSalesVolume>
<FuelGradeSalesAmount>3629.73</FuelGradeSalesAmount>
<DiscountAmount>0.71</DiscountAmount>
<DiscountCount>1</DiscountCount>
</FGMSalesTotals>
</FGMServiceLevelSummary>
</FGMSellPriceSummary>
</FGMTenderSummary>
</FGMDetail>
<FGMDetail>
<FuelGradeID>001</FuelGradeID>
<FGMTenderSummary>
<Tender>
<TenderCode>outsideDebit</TenderCode>
<TenderSubCode>generic</TenderSubCode>
</Tender>
<FGMSellPriceSummary>
<ActualSalesPrice>3.159</ActualSalesPrice>
<FGMServiceLevelSummary>
<ServiceLevelCode>1</ServiceLevelCode>
<FGMSalesTotals>
<FuelGradeSalesVolume>70.041</FuelGradeSalesVolume>
<FuelGradeSalesAmount>221.25</FuelGradeSalesAmount>
<DiscountAmount>0</DiscountAmount>
<DiscountCount>0</DiscountCount>
</FGMSalesTotals>
</FGMServiceLevelSummary>
</FGMSellPriceSummary>
</FGMTenderSummary>
</FGMDetail>
<FGMDetail>
<FuelGradeID>001</FuelGradeID>
<FGMTenderSummary>
<Tender>
<TenderCode>outsideDebit</TenderCode>
<TenderSubCode>generic</TenderSubCode>
</Tender>
<FGMSellPriceSummary>
<ActualSalesPrice>3.199</ActualSalesPrice>
<FGMServiceLevelSummary>
<ServiceLevelCode>1</ServiceLevelCode>
<FGMSalesTotals>
<FuelGradeSalesVolume>565.945</FuelGradeSalesVolume>
<FuelGradeSalesAmount>1810.43</FuelGradeSalesAmount>
<DiscountAmount>0</DiscountAmount>
<DiscountCount>0</DiscountCount>
</FGMSalesTotals>
</FGMServiceLevelSummary>
</FGMSellPriceSummary>
</FGMTenderSummary>
</FGMDetail>
<FGMDetail>
<FuelGradeID>002</FuelGradeID>
<FGMTenderSummary>
<Tender>
<TenderCode>cash</TenderCode>
<TenderSubCode>generic</TenderSubCode>
</Tender>
<FGMSellPriceSummary>
<ActualSalesPrice>3.299</ActualSalesPrice>
<FGMServiceLevelSummary>
<ServiceLevelCode>1</ServiceLevelCode>
<FGMSalesTotals>
<FuelGradeSalesVolume>43.973</FuelGradeSalesVolume>
<FuelGradeSalesAmount>145.07</FuelGradeSalesAmount>
<DiscountAmount>0</DiscountAmount>
<DiscountCount>0</DiscountCount>
</FGMSalesTotals>
</FGMServiceLevelSummary>
</FGMSellPriceSummary>
</FGMTenderSummary>
</FGMDetail>
<FGMDetail>
<FuelGradeID>002</FuelGradeID>
<FGMTenderSummary>
<Tender>
<TenderCode>creditCards</TenderCode>
<TenderSubCode>generic</TenderSubCode>
</Tender>
<FGMSellPriceSummary>
<ActualSalesPrice>3.299</ActualSalesPrice>
<FGMServiceLevelSummary>
<ServiceLevelCode>1</ServiceLevelCode>
<FGMSalesTotals>
<FuelGradeSalesVolume>21.218</FuelGradeSalesVolume>
<FuelGradeSalesAmount>70</FuelGradeSalesAmount>
<DiscountAmount>0</DiscountAmount>
<DiscountCount>0</DiscountCount>
</FGMSalesTotals>
</FGMServiceLevelSummary>
</FGMSellPriceSummary>
</FGMTenderSummary>
</FGMDetail>
<FGMDetail>
<FuelGradeID>002</FuelGradeID>
<FGMTenderSummary>
<Tender>
<TenderCode>debitCards</TenderCode>
<TenderSubCode>generic</TenderSubCode>
</Tender>
<FGMSellPriceSummary>
<ActualSalesPrice>3.299</ActualSalesPrice>
<FGMServiceLevelSummary>
<ServiceLevelCode>1</ServiceLevelCode>
<FGMSalesTotals>
<FuelGradeSalesVolume>3.032</FuelGradeSalesVolume>
<FuelGradeSalesAmount>10</FuelGradeSalesAmount>
<DiscountAmount>0</DiscountAmount>
<DiscountCount>0</DiscountCount>
</FGMSalesTotals>
</FGMServiceLevelSummary>
</FGMSellPriceSummary>
</FGMTenderSummary>
</FGMDetail>
<FGMDetail>
<FuelGradeID>002</FuelGradeID>
<FGMTenderSummary>
<Tender>
<TenderCode>outsideCredit</TenderCode>
<TenderSubCode>generic</TenderSubCode>
</Tender>
<FGMSellPriceSummary>
<ActualSalesPrice>3.259</ActualSalesPrice>
<FGMServiceLevelSummary>
<ServiceLevelCode>1</ServiceLevelCode>
<FGMSalesTotals>
<FuelGradeSalesVolume>15.729</FuelGradeSalesVolume>
<FuelGradeSalesAmount>51.26</FuelGradeSalesAmount>
<DiscountAmount>0</DiscountAmount>
<DiscountCount>0</DiscountCount>
</FGMSalesTotals>
</FGMServiceLevelSummary>
</FGMSellPriceSummary>
</FGMTenderSummary>
</FGMDetail>
<FGMDetail>
<FuelGradeID>002</FuelGradeID>
<FGMTenderSummary>
<Tender>
<TenderCode>outsideCredit</TenderCode>
<TenderSubCode>generic</TenderSubCode>
</Tender>
<FGMSellPriceSummary>
<ActualSalesPrice>3.299</ActualSalesPrice>
<FGMServiceLevelSummary>
<ServiceLevelCode>1</ServiceLevelCode>
<FGMSalesTotals>
<FuelGradeSalesVolume>180.294</FuelGradeSalesVolume>
<FuelGradeSalesAmount>594.8</FuelGradeSalesAmount>
<DiscountAmount>0</DiscountAmount>
<DiscountCount>0</DiscountCount>
</FGMSalesTotals>
</FGMServiceLevelSummary>
</FGMSellPriceSummary>
</FGMTenderSummary>
</FGMDetail>
<FGMDetail>
<FuelGradeID>002</FuelGradeID>
<FGMTenderSummary>
<Tender>
<TenderCode>outsideDebit</TenderCode>
<TenderSubCode>generic</TenderSubCode>
</Tender>
<FGMSellPriceSummary>
<ActualSalesPrice>3.259</ActualSalesPrice>
<FGMServiceLevelSummary>
<ServiceLevelCode>1</ServiceLevelCode>
<FGMSalesTotals>
<FuelGradeSalesVolume>4.615</FuelGradeSalesVolume>
<FuelGradeSalesAmount>15.04</FuelGradeSalesAmount>
<DiscountAmount>0</DiscountAmount>
<DiscountCount>0</DiscountCount>
</FGMSalesTotals>
</FGMServiceLevelSummary>
</FGMSellPriceSummary>
</FGMTenderSummary>
</FGMDetail>
<FGMDetail>
<FuelGradeID>002</FuelGradeID>
<FGMTenderSummary>
<Tender>
<TenderCode>outsideDebit</TenderCode>
<TenderSubCode>generic</TenderSubCode>
</Tender>
<FGMSellPriceSummary>
<ActualSalesPrice>3.299</ActualSalesPrice>
<FGMServiceLevelSummary>
<ServiceLevelCode>1</ServiceLevelCode>
<FGMSalesTotals>
<FuelGradeSalesVolume>143.555</FuelGradeSalesVolume>
<FuelGradeSalesAmount>473.59</FuelGradeSalesAmount>
<DiscountAmount>0</DiscountAmount>
<DiscountCount>0</DiscountCount>
</FGMSalesTotals>
</FGMServiceLevelSummary>
</FGMSellPriceSummary>
</FGMTenderSummary>
</FGMDetail>
<FGMDetail>
<FuelGradeID>003</FuelGradeID>
<FGMTenderSummary>
<Tender>
<TenderCode>cash</TenderCode>
<TenderSubCode>generic</TenderSubCode>
</Tender>
<FGMSellPriceSummary>
<ActualSalesPrice>3.399</ActualSalesPrice>
<FGMServiceLevelSummary>
<ServiceLevelCode>1</ServiceLevelCode>
<FGMSalesTotals>
<FuelGradeSalesVolume>65.014</FuelGradeSalesVolume>
<FuelGradeSalesAmount>220.97</FuelGradeSalesAmount>
<DiscountAmount>0</DiscountAmount>
<DiscountCount>0</DiscountCount>
</FGMSalesTotals>
</FGMServiceLevelSummary>
</FGMSellPriceSummary>
</FGMTenderSummary>
</FGMDetail>
<FGMDetail>
<FuelGradeID>003</FuelGradeID>
<FGMTenderSummary>
<Tender>
<TenderCode>creditCards</TenderCode>
<TenderSubCode>generic</TenderSubCode>
</Tender>
<FGMSellPriceSummary>
<ActualSalesPrice>3.399</ActualSalesPrice>
<FGMServiceLevelSummary>
<ServiceLevelCode>1</ServiceLevelCode>
<FGMSalesTotals>
<FuelGradeSalesVolume>2.648</FuelGradeSalesVolume>
<FuelGradeSalesAmount>9</FuelGradeSalesAmount>
<DiscountAmount>0</DiscountAmount>
<DiscountCount>0</DiscountCount>
</FGMSalesTotals>
</FGMServiceLevelSummary>
</FGMSellPriceSummary>
</FGMTenderSummary>
</FGMDetail>
<FGMDetail>
<FuelGradeID>003</FuelGradeID>
<FGMTenderSummary>
<Tender>
<TenderCode>debitCards</TenderCode>
<TenderSubCode>generic</TenderSubCode>
</Tender>
<FGMSellPriceSummary>
<ActualSalesPrice>3.399</ActualSalesPrice>
<FGMServiceLevelSummary>
<ServiceLevelCode>1</ServiceLevelCode>
<FGMSalesTotals>
<FuelGradeSalesVolume>14.71</FuelGradeSalesVolume>
<FuelGradeSalesAmount>50</FuelGradeSalesAmount>
<DiscountAmount>0</DiscountAmount>
<DiscountCount>0</DiscountCount>
</FGMSalesTotals>
</FGMServiceLevelSummary>
</FGMSellPriceSummary>
</FGMTenderSummary>
</FGMDetail>
<FGMDetail>
<FuelGradeID>003</FuelGradeID>
<FGMTenderSummary>
<Tender>
<TenderCode>outsideCredit</TenderCode>
<TenderSubCode>generic</TenderSubCode>
</Tender>
<FGMSellPriceSummary>
<ActualSalesPrice>3.359</ActualSalesPrice>
<FGMServiceLevelSummary>
<ServiceLevelCode>1</ServiceLevelCode>
<FGMSalesTotals>
<FuelGradeSalesVolume>56.944</FuelGradeSalesVolume>
<FuelGradeSalesAmount>191.27</FuelGradeSalesAmount>
<DiscountAmount>0</DiscountAmount>
<DiscountCount>0</DiscountCount>
</FGMSalesTotals>
</FGMServiceLevelSummary>
</FGMSellPriceSummary>
</FGMTenderSummary>
</FGMDetail>
<FGMDetail>
<FuelGradeID>003</FuelGradeID>
<FGMTenderSummary>
<Tender>
<TenderCode>outsideCredit</TenderCode>
<TenderSubCode>generic</TenderSubCode>
</Tender>
<FGMSellPriceSummary>
<ActualSalesPrice>3.399</ActualSalesPrice>
<FGMServiceLevelSummary>
<ServiceLevelCode>1</ServiceLevelCode>
<FGMSalesTotals>
<FuelGradeSalesVolume>670.216</FuelGradeSalesVolume>
<FuelGradeSalesAmount>2278.08</FuelGradeSalesAmount>
<DiscountAmount>0.69</DiscountAmount>
<DiscountCount>1</DiscountCount>
</FGMSalesTotals>
</FGMServiceLevelSummary>
</FGMSellPriceSummary>
</FGMTenderSummary>
</FGMDetail>
<FGMDetail>
<FuelGradeID>003</FuelGradeID>
<FGMTenderSummary>
<Tender>
<TenderCode>outsideDebit</TenderCode>
<TenderSubCode>generic</TenderSubCode>
</Tender>
<FGMSellPriceSummary>
<ActualSalesPrice>3.359</ActualSalesPrice>
<FGMServiceLevelSummary>
<ServiceLevelCode>1</ServiceLevelCode>
<FGMSalesTotals>
<FuelGradeSalesVolume>39.119</FuelGradeSalesVolume>
<FuelGradeSalesAmount>131.4</FuelGradeSalesAmount>
<DiscountAmount>0</DiscountAmount>
<DiscountCount>0</DiscountCount>
</FGMSalesTotals>
</FGMServiceLevelSummary>
</FGMSellPriceSummary>
</FGMTenderSummary>
</FGMDetail>
<FGMDetail>
<FuelGradeID>003</FuelGradeID>
<FGMTenderSummary>
<Tender>
<TenderCode>outsideDebit</TenderCode>
<TenderSubCode>generic</TenderSubCode>
</Tender>
<FGMSellPriceSummary>
<ActualSalesPrice>3.399</ActualSalesPrice>
<FGMServiceLevelSummary>
<ServiceLevelCode>1</ServiceLevelCode>
<FGMSalesTotals>
<FuelGradeSalesVolume>167.679</FuelGradeSalesVolume>
<FuelGradeSalesAmount>569.95</FuelGradeSalesAmount>
<DiscountAmount>0.43</DiscountAmount>
<DiscountCount>1</DiscountCount>
</FGMSalesTotals>
</FGMServiceLevelSummary>
</FGMSellPriceSummary>
</FGMTenderSummary>
</FGMDetail>
<FGMDetail>
<FuelGradeID>004</FuelGradeID>
<FGMTenderSummary>
<Tender>
<TenderCode>cash</TenderCode>
<TenderSubCode>generic</TenderSubCode>
</Tender>
<FGMSellPriceSummary>
<ActualSalesPrice>3.099</ActualSalesPrice>
<FGMServiceLevelSummary>
<ServiceLevelCode>1</ServiceLevelCode>
<FGMSalesTotals>
<FuelGradeSalesVolume>47.488</FuelGradeSalesVolume>
<FuelGradeSalesAmount>147.17</FuelGradeSalesAmount>
<DiscountAmount>0</DiscountAmount>
<DiscountCount>0</DiscountCount>
</FGMSalesTotals>
</FGMServiceLevelSummary>
</FGMSellPriceSummary>
</FGMTenderSummary>
</FGMDetail>
<FGMDetail>
<FuelGradeID>004</FuelGradeID>
<FGMTenderSummary>
<Tender>
<TenderCode>creditCards</TenderCode>
<TenderSubCode>generic</TenderSubCode>
</Tender>
<FGMSellPriceSummary>
<ActualSalesPrice>3.099</ActualSalesPrice>
<FGMServiceLevelSummary>
<ServiceLevelCode>1</ServiceLevelCode>
<FGMSalesTotals>
<FuelGradeSalesVolume>18.923</FuelGradeSalesVolume>
<FuelGradeSalesAmount>58.64</FuelGradeSalesAmount>
<DiscountAmount>0</DiscountAmount>
<DiscountCount>0</DiscountCount>
</FGMSalesTotals>
</FGMServiceLevelSummary>
</FGMSellPriceSummary>
</FGMTenderSummary>
</FGMDetail>
<FGMDetail>
<FuelGradeID>004</FuelGradeID>
<FGMTenderSummary>
<Tender>
<TenderCode>outsideCredit</TenderCode>
<TenderSubCode>generic</TenderSubCode>
</Tender>
<FGMSellPriceSummary>
<ActualSalesPrice>3.099</ActualSalesPrice>
<FGMServiceLevelSummary>
<ServiceLevelCode>1</ServiceLevelCode>
<FGMSalesTotals>
<FuelGradeSalesVolume>258.736</FuelGradeSalesVolume>
<FuelGradeSalesAmount>801.81</FuelGradeSalesAmount>
<DiscountAmount>0</DiscountAmount>
<DiscountCount>0</DiscountCount>
</FGMSalesTotals>
</FGMServiceLevelSummary>
</FGMSellPriceSummary>
</FGMTenderSummary>
</FGMDetail>
<FGMDetail>
<FuelGradeID>004</FuelGradeID>
<FGMTenderSummary>
<Tender>
<TenderCode>outsideDebit</TenderCode>
<TenderSubCode>generic</TenderSubCode>
</Tender>
<FGMSellPriceSummary>
<ActualSalesPrice>3.099</ActualSalesPrice>
<FGMServiceLevelSummary>
<ServiceLevelCode>1</ServiceLevelCode>
<FGMSalesTotals>
<FuelGradeSalesVolume>63.133</FuelGradeSalesVolume>
<FuelGradeSalesAmount>195.65</FuelGradeSalesAmount>
<DiscountAmount>0</DiscountAmount>
<DiscountCount>0</DiscountCount>
</FGMSalesTotals>
</FGMServiceLevelSummary>
</FGMSellPriceSummary>
</FGMTenderSummary>
</FGMDetail>
</FuelGradeMovement>
</NAXML-MovementReport>
