<?xml version="1.0" encoding="ISO-8859-1"?>
<NAXML-MovementReport version="3.4">
<TransmissionHeader>
<StoreLocationID>299</StoreLocationID>
<VendorName>Gilbarco-VeederRoot</VendorName>
<VendorModelVersion>10.10.27.03B</VendorModelVersion>
</TransmissionHeader>
<FuelGradeMovement>
<MovementHeader>
<ReportSequenceNumber>1</ReportSequenceNumber>
<PrimaryReportPeriod>2</PrimaryReportPeriod>
<SecondaryReportPeriod>0</SecondaryReportPeriod>
<BusinessDate>2017-09-13</BusinessDate>
<BeginDate>2017-09-13</BeginDate>
<BeginTime>22:43:49</BeginTime>
<EndDate>2017-09-14</EndDate>
<EndTime>22:45:13</EndTime>
</MovementHeader>
<FGMDetail>
<FuelGradeID>001</FuelGradeID>
<FGMNonResettableTotal>
<FuelGradeNonResettableTotalVolume>3866326.83</FuelGradeNonResettableTotalVolume>
<FuelGradeNonResettableTotalAmount>7253543.15</FuelGradeNonResettableTotalAmount>
</FGMNonResettableTotal>
<FGMSalesTotals>
<FuelGradeSalesVolume>2254.477</FuelGradeSalesVolume>
<FuelGradeSalesAmount>7572.75</FuelGradeSalesAmount>
<PumpTestTotals>
<PumpTestAmount>0</PumpTestAmount>
<PumpTestVolume>0</PumpTestVolume>
<ReturnTankID/>
</PumpTestTotals>
<TaxExemptSalesVolume>0</TaxExemptSalesVolume>
<DiscountAmount>0</DiscountAmount>
<DiscountCount>0</DiscountCount>
<DispenserDiscountAmount>-2.04</DispenserDiscountAmount>
<DispenserDiscountCount>4</DispenserDiscountCount>
</FGMSalesTotals>
</FGMDetail>
<FGMDetail>
<FuelGradeID>002</FuelGradeID>
<FGMNonResettableTotal>
<FuelGradeNonResettableTotalVolume>907159.44</FuelGradeNonResettableTotalVolume>
<FuelGradeNonResettableTotalAmount>3312779.29</FuelGradeNonResettableTotalAmount>
</FGMNonResettableTotal>
<FGMSalesTotals>
<FuelGradeSalesVolume>582.787</FuelGradeSalesVolume>
<FuelGradeSalesAmount>2015.85</FuelGradeSalesAmount>
<PumpTestTotals>
<PumpTestAmount>0</PumpTestAmount>
<PumpTestVolume>0</PumpTestVolume>
<ReturnTankID/>
</PumpTestTotals>
<TaxExemptSalesVolume>0</TaxExemptSalesVolume>
<DiscountAmount>0</DiscountAmount>
<DiscountCount>0</DiscountCount>
<DispenserDiscountAmount>-1.62</DispenserDiscountAmount>
<DispenserDiscountCount>1</DispenserDiscountCount>
</FGMSalesTotals>
</FGMDetail>
<FGMDetail>
<FuelGradeID>003</FuelGradeID>
<FGMNonResettableTotal>
<FuelGradeNonResettableTotalVolume>1941979.95</FuelGradeNonResettableTotalVolume>
<FuelGradeNonResettableTotalAmount>5222331.72</FuelGradeNonResettableTotalAmount>
</FGMNonResettableTotal>
<FGMSalesTotals>
<FuelGradeSalesVolume>916.754</FuelGradeSalesVolume>
<FuelGradeSalesAmount>3262.73</FuelGradeSalesAmount>
<PumpTestTotals>
<PumpTestAmount>0</PumpTestAmount>
<PumpTestVolume>0</PumpTestVolume>
<ReturnTankID/>
</PumpTestTotals>
<TaxExemptSalesVolume>0</TaxExemptSalesVolume>
<DiscountAmount>0</DiscountAmount>
<DiscountCount>0</DiscountCount>
<DispenserDiscountAmount>-2.06</DispenserDiscountAmount>
<DispenserDiscountCount>3</DispenserDiscountCount>
</FGMSalesTotals>
</FGMDetail>
<FGMDetail>
<FuelGradeID>004</FuelGradeID>
<FGMNonResettableTotal>
<FuelGradeNonResettableTotalVolume>170105.09</FuelGradeNonResettableTotalVolume>
<FuelGradeNonResettableTotalAmount>494228.26</FuelGradeNonResettableTotalAmount>
</FGMNonResettableTotal>
<FGMSalesTotals>
<FuelGradeSalesVolume>136.23</FuelGradeSalesVolume>
<FuelGradeSalesAmount>435.79</FuelGradeSalesAmount>
<PumpTestTotals>
<PumpTestAmount>0</PumpTestAmount>
<PumpTestVolume>0</PumpTestVolume>
<ReturnTankID/>
</PumpTestTotals>
<TaxExemptSalesVolume>0</TaxExemptSalesVolume>
<DiscountAmount>0</DiscountAmount>
<DiscountCount>0</DiscountCount>
<DispenserDiscountAmount>0</DispenserDiscountAmount>
<DispenserDiscountCount>0</DispenserDiscountCount>
</FGMSalesTotals>
</FGMDetail>
</FuelGradeMovement>
</NAXML-MovementReport>
