<?xml version="1.0" encoding="ISO-8859-1"?>
<NAXML-MovementReport version="3.4">
<TransmissionHeader>
<StoreLocationID>299</StoreLocationID>
<VendorName>Gilbarco-VeederRoot</VendorName>
<VendorModelVersion>10.10.27.03B</VendorModelVersion>
</TransmissionHeader>
<FuelGradeMovement>
<MovementHeader>
<ReportSequenceNumber>1</ReportSequenceNumber>
<PrimaryReportPeriod>2</PrimaryReportPeriod>
<SecondaryReportPeriod>0</SecondaryReportPeriod>
<BusinessDate>2017-08-11</BusinessDate>
<BeginDate>2017-08-11</BeginDate>
<BeginTime>22:48:55</BeginTime>
<EndDate>2017-08-12</EndDate>
<EndTime>22:41:33</EndTime>
</MovementHeader>
<FGMDetail>
<FuelGradeID>001</FuelGradeID>
<FGMTenderSummary>
<Tender>
<TenderCode>cash</TenderCode>
<TenderSubCode>generic</TenderSubCode>
</Tender>
<FGMSellPriceSummary>
<ActualSalesPrice>3.159</ActualSalesPrice>
<FGMServiceLevelSummary>
<ServiceLevelCode>1</ServiceLevelCode>
<FGMSalesTotals>
<FuelGradeSalesVolume>168.95</FuelGradeSalesVolume>
<FuelGradeSalesAmount>533.69</FuelGradeSalesAmount>
<DiscountAmount>0</DiscountAmount>
<DiscountCount>0</DiscountCount>
</FGMSalesTotals>
</FGMServiceLevelSummary>
</FGMSellPriceSummary>
</FGMTenderSummary>
</FGMDetail>
<FGMDetail>
<FuelGradeID>001</FuelGradeID>
<FGMTenderSummary>
<Tender>
<TenderCode>creditCards</TenderCode>
<TenderSubCode>generic</TenderSubCode>
</Tender>
<FGMSellPriceSummary>
<ActualSalesPrice>3.159</ActualSalesPrice>
<FGMServiceLevelSummary>
<ServiceLevelCode>1</ServiceLevelCode>
<FGMSalesTotals>
<FuelGradeSalesVolume>93.907</FuelGradeSalesVolume>
<FuelGradeSalesAmount>296.64</FuelGradeSalesAmount>
<DiscountAmount>0</DiscountAmount>
<DiscountCount>0</DiscountCount>
</FGMSalesTotals>
</FGMServiceLevelSummary>
</FGMSellPriceSummary>
</FGMTenderSummary>
</FGMDetail>
<FGMDetail>
<FuelGradeID>001</FuelGradeID>
<FGMTenderSummary>
<Tender>
<TenderCode>debitCards</TenderCode>
<TenderSubCode>generic</TenderSubCode>
</Tender>
<FGMSellPriceSummary>
<ActualSalesPrice>3.159</ActualSalesPrice>
<FGMServiceLevelSummary>
<ServiceLevelCode>1</ServiceLevelCode>
<FGMSalesTotals>
<FuelGradeSalesVolume>88.006</FuelGradeSalesVolume>
<FuelGradeSalesAmount>278</FuelGradeSalesAmount>
<DiscountAmount>0</DiscountAmount>
<DiscountCount>0</DiscountCount>
</FGMSalesTotals>
</FGMServiceLevelSummary>
</FGMSellPriceSummary>
</FGMTenderSummary>
</FGMDetail>
<FGMDetail>
<FuelGradeID>001</FuelGradeID>
<FGMTenderSummary>
<Tender>
<TenderCode>outsideCredit</TenderCode>
<TenderSubCode>generic</TenderSubCode>
</Tender>
<FGMSellPriceSummary>
<ActualSalesPrice>3.159</ActualSalesPrice>
<FGMServiceLevelSummary>
<ServiceLevelCode>1</ServiceLevelCode>
<FGMSalesTotals>
<FuelGradeSalesVolume>1173.132</FuelGradeSalesVolume>
<FuelGradeSalesAmount>3705.96</FuelGradeSalesAmount>
<DiscountAmount>3.9</DiscountAmount>
<DiscountCount>1</DiscountCount>
</FGMSalesTotals>
</FGMServiceLevelSummary>
</FGMSellPriceSummary>
</FGMTenderSummary>
</FGMDetail>
<FGMDetail>
<FuelGradeID>001</FuelGradeID>
<FGMTenderSummary>
<Tender>
<TenderCode>outsideDebit</TenderCode>
<TenderSubCode>generic</TenderSubCode>
</Tender>
<FGMSellPriceSummary>
<ActualSalesPrice>3.159</ActualSalesPrice>
<FGMServiceLevelSummary>
<ServiceLevelCode>1</ServiceLevelCode>
<FGMSalesTotals>
<FuelGradeSalesVolume>597.237</FuelGradeSalesVolume>
<FuelGradeSalesAmount>1886.64</FuelGradeSalesAmount>
<DiscountAmount>3.24</DiscountAmount>
<DiscountCount>1</DiscountCount>
</FGMSalesTotals>
</FGMServiceLevelSummary>
</FGMSellPriceSummary>
</FGMTenderSummary>
</FGMDetail>
<FGMDetail>
<FuelGradeID>002</FuelGradeID>
<FGMTenderSummary>
<Tender>
<TenderCode>cash</TenderCode>
<TenderSubCode>generic</TenderSubCode>
</Tender>
<FGMSellPriceSummary>
<ActualSalesPrice>3.259</ActualSalesPrice>
<FGMServiceLevelSummary>
<ServiceLevelCode>1</ServiceLevelCode>
<FGMSalesTotals>
<FuelGradeSalesVolume>48.835</FuelGradeSalesVolume>
<FuelGradeSalesAmount>159.17</FuelGradeSalesAmount>
<DiscountAmount>0</DiscountAmount>
<DiscountCount>0</DiscountCount>
</FGMSalesTotals>
</FGMServiceLevelSummary>
</FGMSellPriceSummary>
</FGMTenderSummary>
</FGMDetail>
<FGMDetail>
<FuelGradeID>002</FuelGradeID>
<FGMTenderSummary>
<Tender>
<TenderCode>creditCards</TenderCode>
<TenderSubCode>generic</TenderSubCode>
</Tender>
<FGMSellPriceSummary>
<ActualSalesPrice>3.259</ActualSalesPrice>
<FGMServiceLevelSummary>
<ServiceLevelCode>1</ServiceLevelCode>
<FGMSalesTotals>
<FuelGradeSalesVolume>16.338</FuelGradeSalesVolume>
<FuelGradeSalesAmount>53.24</FuelGradeSalesAmount>
<DiscountAmount>0</DiscountAmount>
<DiscountCount>0</DiscountCount>
</FGMSalesTotals>
</FGMServiceLevelSummary>
</FGMSellPriceSummary>
</FGMTenderSummary>
</FGMDetail>
<FGMDetail>
<FuelGradeID>002</FuelGradeID>
<FGMTenderSummary>
<Tender>
<TenderCode>debitCards</TenderCode>
<TenderSubCode>generic</TenderSubCode>
</Tender>
<FGMSellPriceSummary>
<ActualSalesPrice>3.259</ActualSalesPrice>
<FGMServiceLevelSummary>
<ServiceLevelCode>1</ServiceLevelCode>
<FGMSalesTotals>
<FuelGradeSalesVolume>9.206</FuelGradeSalesVolume>
<FuelGradeSalesAmount>30</FuelGradeSalesAmount>
<DiscountAmount>0</DiscountAmount>
<DiscountCount>0</DiscountCount>
</FGMSalesTotals>
</FGMServiceLevelSummary>
</FGMSellPriceSummary>
</FGMTenderSummary>
</FGMDetail>
<FGMDetail>
<FuelGradeID>002</FuelGradeID>
<FGMTenderSummary>
<Tender>
<TenderCode>outsideCredit</TenderCode>
<TenderSubCode>generic</TenderSubCode>
</Tender>
<FGMSellPriceSummary>
<ActualSalesPrice>3.259</ActualSalesPrice>
<FGMServiceLevelSummary>
<ServiceLevelCode>1</ServiceLevelCode>
<FGMSalesTotals>
<FuelGradeSalesVolume>259.479</FuelGradeSalesVolume>
<FuelGradeSalesAmount>845.63</FuelGradeSalesAmount>
<DiscountAmount>0</DiscountAmount>
<DiscountCount>0</DiscountCount>
</FGMSalesTotals>
</FGMServiceLevelSummary>
</FGMSellPriceSummary>
</FGMTenderSummary>
</FGMDetail>
<FGMDetail>
<FuelGradeID>002</FuelGradeID>
<FGMTenderSummary>
<Tender>
<TenderCode>outsideDebit</TenderCode>
<TenderSubCode>generic</TenderSubCode>
</Tender>
<FGMSellPriceSummary>
<ActualSalesPrice>3.259</ActualSalesPrice>
<FGMServiceLevelSummary>
<ServiceLevelCode>1</ServiceLevelCode>
<FGMSalesTotals>
<FuelGradeSalesVolume>106.756</FuelGradeSalesVolume>
<FuelGradeSalesAmount>347.92</FuelGradeSalesAmount>
<DiscountAmount>0</DiscountAmount>
<DiscountCount>0</DiscountCount>
</FGMSalesTotals>
</FGMServiceLevelSummary>
</FGMSellPriceSummary>
</FGMTenderSummary>
</FGMDetail>
<FGMDetail>
<FuelGradeID>003</FuelGradeID>
<FGMTenderSummary>
<Tender>
<TenderCode>cash</TenderCode>
<TenderSubCode>generic</TenderSubCode>
</Tender>
<FGMSellPriceSummary>
<ActualSalesPrice>3.359</ActualSalesPrice>
<FGMServiceLevelSummary>
<ServiceLevelCode>1</ServiceLevelCode>
<FGMSalesTotals>
<FuelGradeSalesVolume>40.03</FuelGradeSalesVolume>
<FuelGradeSalesAmount>134.45</FuelGradeSalesAmount>
<DiscountAmount>0.75</DiscountAmount>
<DiscountCount>1</DiscountCount>
</FGMSalesTotals>
</FGMServiceLevelSummary>
</FGMSellPriceSummary>
</FGMTenderSummary>
</FGMDetail>
<FGMDetail>
<FuelGradeID>003</FuelGradeID>
<FGMTenderSummary>
<Tender>
<TenderCode>creditCards</TenderCode>
<TenderSubCode>generic</TenderSubCode>
</Tender>
<FGMSellPriceSummary>
<ActualSalesPrice>3.359</ActualSalesPrice>
<FGMServiceLevelSummary>
<ServiceLevelCode>1</ServiceLevelCode>
<FGMSalesTotals>
<FuelGradeSalesVolume>13.396</FuelGradeSalesVolume>
<FuelGradeSalesAmount>45</FuelGradeSalesAmount>
<DiscountAmount>0</DiscountAmount>
<DiscountCount>0</DiscountCount>
</FGMSalesTotals>
</FGMServiceLevelSummary>
</FGMSellPriceSummary>
</FGMTenderSummary>
</FGMDetail>
<FGMDetail>
<FuelGradeID>003</FuelGradeID>
<FGMTenderSummary>
<Tender>
<TenderCode>debitCards</TenderCode>
<TenderSubCode>generic</TenderSubCode>
</Tender>
<FGMSellPriceSummary>
<ActualSalesPrice>3.359</ActualSalesPrice>
<FGMServiceLevelSummary>
<ServiceLevelCode>1</ServiceLevelCode>
<FGMSalesTotals>
<FuelGradeSalesVolume>13.466</FuelGradeSalesVolume>
<FuelGradeSalesAmount>45.23</FuelGradeSalesAmount>
<DiscountAmount>0.23</DiscountAmount>
<DiscountCount>1</DiscountCount>
</FGMSalesTotals>
</FGMServiceLevelSummary>
</FGMSellPriceSummary>
</FGMTenderSummary>
</FGMDetail>
<FGMDetail>
<FuelGradeID>003</FuelGradeID>
<FGMTenderSummary>
<Tender>
<TenderCode>outsideCredit</TenderCode>
<TenderSubCode>generic</TenderSubCode>
</Tender>
<FGMSellPriceSummary>
<ActualSalesPrice>3.359</ActualSalesPrice>
<FGMServiceLevelSummary>
<ServiceLevelCode>1</ServiceLevelCode>
<FGMSalesTotals>
<FuelGradeSalesVolume>778.663</FuelGradeSalesVolume>
<FuelGradeSalesAmount>2615.5</FuelGradeSalesAmount>
<DiscountAmount>1.31</DiscountAmount>
<DiscountCount>1</DiscountCount>
</FGMSalesTotals>
</FGMServiceLevelSummary>
</FGMSellPriceSummary>
</FGMTenderSummary>
</FGMDetail>
<FGMDetail>
<FuelGradeID>003</FuelGradeID>
<FGMTenderSummary>
<Tender>
<TenderCode>outsideDebit</TenderCode>
<TenderSubCode>generic</TenderSubCode>
</Tender>
<FGMSellPriceSummary>
<ActualSalesPrice>3.359</ActualSalesPrice>
<FGMServiceLevelSummary>
<ServiceLevelCode>1</ServiceLevelCode>
<FGMSalesTotals>
<FuelGradeSalesVolume>159.631</FuelGradeSalesVolume>
<FuelGradeSalesAmount>536.21</FuelGradeSalesAmount>
<DiscountAmount>0.38</DiscountAmount>
<DiscountCount>1</DiscountCount>
</FGMSalesTotals>
</FGMServiceLevelSummary>
</FGMSellPriceSummary>
</FGMTenderSummary>
</FGMDetail>
<FGMDetail>
<FuelGradeID>004</FuelGradeID>
<FGMTenderSummary>
<Tender>
<TenderCode>cash</TenderCode>
<TenderSubCode>generic</TenderSubCode>
</Tender>
<FGMSellPriceSummary>
<ActualSalesPrice>2.999</ActualSalesPrice>
<FGMServiceLevelSummary>
<ServiceLevelCode>1</ServiceLevelCode>
<FGMSalesTotals>
<FuelGradeSalesVolume>15.006</FuelGradeSalesVolume>
<FuelGradeSalesAmount>45</FuelGradeSalesAmount>
<DiscountAmount>0</DiscountAmount>
<DiscountCount>0</DiscountCount>
</FGMSalesTotals>
</FGMServiceLevelSummary>
</FGMSellPriceSummary>
</FGMTenderSummary>
</FGMDetail>
<FGMDetail>
<FuelGradeID>004</FuelGradeID>
<FGMTenderSummary>
<Tender>
<TenderCode>outsideCredit</TenderCode>
<TenderSubCode>generic</TenderSubCode>
</Tender>
<FGMSellPriceSummary>
<ActualSalesPrice>2.999</ActualSalesPrice>
<FGMServiceLevelSummary>
<ServiceLevelCode>1</ServiceLevelCode>
<FGMSalesTotals>
<FuelGradeSalesVolume>160.15</FuelGradeSalesVolume>
<FuelGradeSalesAmount>480.27</FuelGradeSalesAmount>
<DiscountAmount>0</DiscountAmount>
<DiscountCount>0</DiscountCount>
</FGMSalesTotals>
</FGMServiceLevelSummary>
</FGMSellPriceSummary>
</FGMTenderSummary>
</FGMDetail>
<FGMDetail>
<FuelGradeID>004</FuelGradeID>
<FGMTenderSummary>
<Tender>
<TenderCode>outsideDebit</TenderCode>
<TenderSubCode>generic</TenderSubCode>
</Tender>
<FGMSellPriceSummary>
<ActualSalesPrice>2.999</ActualSalesPrice>
<FGMServiceLevelSummary>
<ServiceLevelCode>1</ServiceLevelCode>
<FGMSalesTotals>
<FuelGradeSalesVolume>24.273</FuelGradeSalesVolume>
<FuelGradeSalesAmount>72.79</FuelGradeSalesAmount>
<DiscountAmount>0</DiscountAmount>
<DiscountCount>0</DiscountCount>
</FGMSalesTotals>
</FGMServiceLevelSummary>
</FGMSellPriceSummary>
</FGMTenderSummary>
</FGMDetail>
</FuelGradeMovement>
</NAXML-MovementReport>
