<?xml version="1.0" encoding="ISO-8859-1"?>
<NAXML-MovementReport version="3.4">
<TransmissionHeader>
<StoreLocationID>299</StoreLocationID>
<VendorName>Gilbarco-VeederRoot</VendorName>
<VendorModelVersion>10.10.27.03B</VendorModelVersion>
</TransmissionHeader>
<FuelGradeMovement>
<MovementHeader>
<ReportSequenceNumber>1</ReportSequenceNumber>
<PrimaryReportPeriod>2</PrimaryReportPeriod>
<SecondaryReportPeriod>0</SecondaryReportPeriod>
<BusinessDate>2017-07-28</BusinessDate>
<BeginDate>2017-07-28</BeginDate>
<BeginTime>22:50:49</BeginTime>
<EndDate>2017-07-29</EndDate>
<EndTime>22:32:13</EndTime>
</MovementHeader>
<FGMDetail>
<FuelGradeID>001</FuelGradeID>
<FGMNonResettableTotal>
<FuelGradeNonResettableTotalVolume>3764335.74</FuelGradeNonResettableTotalVolume>
<FuelGradeNonResettableTotalAmount>6925524.77</FuelGradeNonResettableTotalAmount>
</FGMNonResettableTotal>
<FGMSalesTotals>
<FuelGradeSalesVolume>2063.129</FuelGradeSalesVolume>
<FuelGradeSalesAmount>6393.68</FuelGradeSalesAmount>
<PumpTestTotals>
<PumpTestAmount>0</PumpTestAmount>
<PumpTestVolume>0</PumpTestVolume>
<ReturnTankID/>
</PumpTestTotals>
<TaxExemptSalesVolume>0</TaxExemptSalesVolume>
<DiscountAmount>0</DiscountAmount>
<DiscountCount>0</DiscountCount>
<DispenserDiscountAmount>-3</DispenserDiscountAmount>
<DispenserDiscountCount>4</DispenserDiscountCount>
</FGMSalesTotals>
</FGMDetail>
<FGMDetail>
<FuelGradeID>002</FuelGradeID>
<FGMNonResettableTotal>
<FuelGradeNonResettableTotalVolume>888196.43</FuelGradeNonResettableTotalVolume>
<FuelGradeNonResettableTotalAmount>3249856.8</FuelGradeNonResettableTotalAmount>
</FGMNonResettableTotal>
<FGMSalesTotals>
<FuelGradeSalesVolume>375.55</FuelGradeSalesVolume>
<FuelGradeSalesAmount>1201.39</FuelGradeSalesAmount>
<PumpTestTotals>
<PumpTestAmount>0</PumpTestAmount>
<PumpTestVolume>0</PumpTestVolume>
<ReturnTankID/>
</PumpTestTotals>
<TaxExemptSalesVolume>0</TaxExemptSalesVolume>
<DiscountAmount>0</DiscountAmount>
<DiscountCount>0</DiscountCount>
<DispenserDiscountAmount>0</DispenserDiscountAmount>
<DispenserDiscountCount>0</DispenserDiscountCount>
</FGMSalesTotals>
</FGMDetail>
<FGMDetail>
<FuelGradeID>003</FuelGradeID>
<FGMNonResettableTotal>
<FuelGradeNonResettableTotalVolume>1896579.39</FuelGradeNonResettableTotalVolume>
<FuelGradeNonResettableTotalAmount>5067266.36</FuelGradeNonResettableTotalAmount>
</FGMNonResettableTotal>
<FGMSalesTotals>
<FuelGradeSalesVolume>1327.234</FuelGradeSalesVolume>
<FuelGradeSalesAmount>4378.61</FuelGradeSalesAmount>
<PumpTestTotals>
<PumpTestAmount>0</PumpTestAmount>
<PumpTestVolume>0</PumpTestVolume>
<ReturnTankID/>
</PumpTestTotals>
<TaxExemptSalesVolume>0</TaxExemptSalesVolume>
<DiscountAmount>0</DiscountAmount>
<DiscountCount>0</DiscountCount>
<DispenserDiscountAmount>-2.11</DispenserDiscountAmount>
<DispenserDiscountCount>2</DispenserDiscountCount>
</FGMSalesTotals>
</FGMDetail>
<FGMDetail>
<FuelGradeID>004</FuelGradeID>
<FGMNonResettableTotal>
<FuelGradeNonResettableTotalVolume>160692.83</FuelGradeNonResettableTotalVolume>
<FuelGradeNonResettableTotalAmount>465352.98</FuelGradeNonResettableTotalAmount>
</FGMNonResettableTotal>
<FGMSalesTotals>
<FuelGradeSalesVolume>161.731</FuelGradeSalesVolume>
<FuelGradeSalesAmount>485.03</FuelGradeSalesAmount>
<PumpTestTotals>
<PumpTestAmount>0</PumpTestAmount>
<PumpTestVolume>0</PumpTestVolume>
<ReturnTankID/>
</PumpTestTotals>
<TaxExemptSalesVolume>0</TaxExemptSalesVolume>
<DiscountAmount>0</DiscountAmount>
<DiscountCount>0</DiscountCount>
<DispenserDiscountAmount>0</DispenserDiscountAmount>
<DispenserDiscountCount>0</DispenserDiscountCount>
</FGMSalesTotals>
</FGMDetail>
</FuelGradeMovement>
</NAXML-MovementReport>
