<?xml version="1.0" encoding="ISO-8859-1"?>
<NAXML-MovementReport version="3.4">
<TransmissionHeader>
<StoreLocationID>299</StoreLocationID>
<VendorName>Gilbarco-VeederRoot</VendorName>
<VendorModelVersion>10.10.27.03B</VendorModelVersion>
</TransmissionHeader>
<FuelGradeMovement>
<MovementHeader>
<ReportSequenceNumber>1</ReportSequenceNumber>
<PrimaryReportPeriod>2</PrimaryReportPeriod>
<SecondaryReportPeriod>0</SecondaryReportPeriod>
<BusinessDate>2017-07-15</BusinessDate>
<BeginDate>2017-07-15</BeginDate>
<BeginTime>22:43:11</BeginTime>
<EndDate>2017-07-16</EndDate>
<EndTime>22:39:51</EndTime>
</MovementHeader>
<FGMDetail>
<FuelGradeID>001</FuelGradeID>
<FGMTenderSummary>
<Tender>
<TenderCode>cash</TenderCode>
<TenderSubCode>generic</TenderSubCode>
</Tender>
<FGMSellPriceSummary>
<ActualSalesPrice>2.999</ActualSalesPrice>
<FGMServiceLevelSummary>
<ServiceLevelCode>1</ServiceLevelCode>
<FGMSalesTotals>
<FuelGradeSalesVolume>144.048</FuelGradeSalesVolume>
<FuelGradeSalesAmount>432.03</FuelGradeSalesAmount>
<DiscountAmount>0</DiscountAmount>
<DiscountCount>0</DiscountCount>
</FGMSalesTotals>
</FGMServiceLevelSummary>
</FGMSellPriceSummary>
</FGMTenderSummary>
</FGMDetail>
<FGMDetail>
<FuelGradeID>001</FuelGradeID>
<FGMTenderSummary>
<Tender>
<TenderCode>creditCards</TenderCode>
<TenderSubCode>generic</TenderSubCode>
</Tender>
<FGMSellPriceSummary>
<ActualSalesPrice>2.999</ActualSalesPrice>
<FGMServiceLevelSummary>
<ServiceLevelCode>1</ServiceLevelCode>
<FGMSalesTotals>
<FuelGradeSalesVolume>79.21</FuelGradeSalesVolume>
<FuelGradeSalesAmount>237.56</FuelGradeSalesAmount>
<DiscountAmount>0</DiscountAmount>
<DiscountCount>0</DiscountCount>
</FGMSalesTotals>
</FGMServiceLevelSummary>
</FGMSellPriceSummary>
</FGMTenderSummary>
</FGMDetail>
<FGMDetail>
<FuelGradeID>001</FuelGradeID>
<FGMTenderSummary>
<Tender>
<TenderCode>debitCards</TenderCode>
<TenderSubCode>generic</TenderSubCode>
</Tender>
<FGMSellPriceSummary>
<ActualSalesPrice>2.999</ActualSalesPrice>
<FGMServiceLevelSummary>
<ServiceLevelCode>1</ServiceLevelCode>
<FGMSalesTotals>
<FuelGradeSalesVolume>45.704</FuelGradeSalesVolume>
<FuelGradeSalesAmount>137.07</FuelGradeSalesAmount>
<DiscountAmount>0</DiscountAmount>
<DiscountCount>0</DiscountCount>
</FGMSalesTotals>
</FGMServiceLevelSummary>
</FGMSellPriceSummary>
</FGMTenderSummary>
</FGMDetail>
<FGMDetail>
<FuelGradeID>001</FuelGradeID>
<FGMTenderSummary>
<Tender>
<TenderCode>outsideCredit</TenderCode>
<TenderSubCode>generic</TenderSubCode>
</Tender>
<FGMSellPriceSummary>
<ActualSalesPrice>2.999</ActualSalesPrice>
<FGMServiceLevelSummary>
<ServiceLevelCode>1</ServiceLevelCode>
<FGMSalesTotals>
<FuelGradeSalesVolume>1359.213</FuelGradeSalesVolume>
<FuelGradeSalesAmount>4076.18</FuelGradeSalesAmount>
<DiscountAmount>1.23</DiscountAmount>
<DiscountCount>1</DiscountCount>
</FGMSalesTotals>
</FGMServiceLevelSummary>
</FGMSellPriceSummary>
</FGMTenderSummary>
</FGMDetail>
<FGMDetail>
<FuelGradeID>001</FuelGradeID>
<FGMTenderSummary>
<Tender>
<TenderCode>outsideDebit</TenderCode>
<TenderSubCode>generic</TenderSubCode>
</Tender>
<FGMSellPriceSummary>
<ActualSalesPrice>2.999</ActualSalesPrice>
<FGMServiceLevelSummary>
<ServiceLevelCode>1</ServiceLevelCode>
<FGMSalesTotals>
<FuelGradeSalesVolume>704.901</FuelGradeSalesVolume>
<FuelGradeSalesAmount>2114.02</FuelGradeSalesAmount>
<DiscountAmount>1.87</DiscountAmount>
<DiscountCount>1</DiscountCount>
</FGMSalesTotals>
</FGMServiceLevelSummary>
</FGMSellPriceSummary>
</FGMTenderSummary>
</FGMDetail>
<FGMDetail>
<FuelGradeID>002</FuelGradeID>
<FGMTenderSummary>
<Tender>
<TenderCode>cash</TenderCode>
<TenderSubCode>generic</TenderSubCode>
</Tender>
<FGMSellPriceSummary>
<ActualSalesPrice>3.099</ActualSalesPrice>
<FGMServiceLevelSummary>
<ServiceLevelCode>1</ServiceLevelCode>
<FGMSalesTotals>
<FuelGradeSalesVolume>55.036</FuelGradeSalesVolume>
<FuelGradeSalesAmount>170.56</FuelGradeSalesAmount>
<DiscountAmount>0</DiscountAmount>
<DiscountCount>0</DiscountCount>
</FGMSalesTotals>
</FGMServiceLevelSummary>
</FGMSellPriceSummary>
</FGMTenderSummary>
</FGMDetail>
<FGMDetail>
<FuelGradeID>002</FuelGradeID>
<FGMTenderSummary>
<Tender>
<TenderCode>creditCards</TenderCode>
<TenderSubCode>generic</TenderSubCode>
</Tender>
<FGMSellPriceSummary>
<ActualSalesPrice>3.099</ActualSalesPrice>
<FGMServiceLevelSummary>
<ServiceLevelCode>1</ServiceLevelCode>
<FGMSalesTotals>
<FuelGradeSalesVolume>15.812</FuelGradeSalesVolume>
<FuelGradeSalesAmount>49</FuelGradeSalesAmount>
<DiscountAmount>0</DiscountAmount>
<DiscountCount>0</DiscountCount>
</FGMSalesTotals>
</FGMServiceLevelSummary>
</FGMSellPriceSummary>
</FGMTenderSummary>
</FGMDetail>
<FGMDetail>
<FuelGradeID>002</FuelGradeID>
<FGMTenderSummary>
<Tender>
<TenderCode>debitCards</TenderCode>
<TenderSubCode>generic</TenderSubCode>
</Tender>
<FGMSellPriceSummary>
<ActualSalesPrice>3.099</ActualSalesPrice>
<FGMServiceLevelSummary>
<ServiceLevelCode>1</ServiceLevelCode>
<FGMSalesTotals>
<FuelGradeSalesVolume>12.906</FuelGradeSalesVolume>
<FuelGradeSalesAmount>40</FuelGradeSalesAmount>
<DiscountAmount>0</DiscountAmount>
<DiscountCount>0</DiscountCount>
</FGMSalesTotals>
</FGMServiceLevelSummary>
</FGMSellPriceSummary>
</FGMTenderSummary>
</FGMDetail>
<FGMDetail>
<FuelGradeID>002</FuelGradeID>
<FGMTenderSummary>
<Tender>
<TenderCode>outsideCredit</TenderCode>
<TenderSubCode>generic</TenderSubCode>
</Tender>
<FGMSellPriceSummary>
<ActualSalesPrice>3.099</ActualSalesPrice>
<FGMServiceLevelSummary>
<ServiceLevelCode>1</ServiceLevelCode>
<FGMSalesTotals>
<FuelGradeSalesVolume>187.643</FuelGradeSalesVolume>
<FuelGradeSalesAmount>581.51</FuelGradeSalesAmount>
<DiscountAmount>0</DiscountAmount>
<DiscountCount>0</DiscountCount>
</FGMSalesTotals>
</FGMServiceLevelSummary>
</FGMSellPriceSummary>
</FGMTenderSummary>
</FGMDetail>
<FGMDetail>
<FuelGradeID>002</FuelGradeID>
<FGMTenderSummary>
<Tender>
<TenderCode>outsideDebit</TenderCode>
<TenderSubCode>generic</TenderSubCode>
</Tender>
<FGMSellPriceSummary>
<ActualSalesPrice>3.099</ActualSalesPrice>
<FGMServiceLevelSummary>
<ServiceLevelCode>1</ServiceLevelCode>
<FGMSalesTotals>
<FuelGradeSalesVolume>66.079</FuelGradeSalesVolume>
<FuelGradeSalesAmount>204.78</FuelGradeSalesAmount>
<DiscountAmount>0</DiscountAmount>
<DiscountCount>0</DiscountCount>
</FGMSalesTotals>
</FGMServiceLevelSummary>
</FGMSellPriceSummary>
</FGMTenderSummary>
</FGMDetail>
<FGMDetail>
<FuelGradeID>003</FuelGradeID>
<FGMTenderSummary>
<Tender>
<TenderCode>cash</TenderCode>
<TenderSubCode>generic</TenderSubCode>
</Tender>
<FGMSellPriceSummary>
<ActualSalesPrice>3.199</ActualSalesPrice>
<FGMServiceLevelSummary>
<ServiceLevelCode>1</ServiceLevelCode>
<FGMSalesTotals>
<FuelGradeSalesVolume>61.712</FuelGradeSalesVolume>
<FuelGradeSalesAmount>197.42</FuelGradeSalesAmount>
<DiscountAmount>0</DiscountAmount>
<DiscountCount>0</DiscountCount>
</FGMSalesTotals>
</FGMServiceLevelSummary>
</FGMSellPriceSummary>
</FGMTenderSummary>
</FGMDetail>
<FGMDetail>
<FuelGradeID>003</FuelGradeID>
<FGMTenderSummary>
<Tender>
<TenderCode>creditCards</TenderCode>
<TenderSubCode>generic</TenderSubCode>
</Tender>
<FGMSellPriceSummary>
<ActualSalesPrice>3.199</ActualSalesPrice>
<FGMServiceLevelSummary>
<ServiceLevelCode>1</ServiceLevelCode>
<FGMSalesTotals>
<FuelGradeSalesVolume>9.378</FuelGradeSalesVolume>
<FuelGradeSalesAmount>30</FuelGradeSalesAmount>
<DiscountAmount>0</DiscountAmount>
<DiscountCount>0</DiscountCount>
</FGMSalesTotals>
</FGMServiceLevelSummary>
</FGMSellPriceSummary>
</FGMTenderSummary>
</FGMDetail>
<FGMDetail>
<FuelGradeID>003</FuelGradeID>
<FGMTenderSummary>
<Tender>
<TenderCode>debitCards</TenderCode>
<TenderSubCode>generic</TenderSubCode>
</Tender>
<FGMSellPriceSummary>
<ActualSalesPrice>3.199</ActualSalesPrice>
<FGMServiceLevelSummary>
<ServiceLevelCode>1</ServiceLevelCode>
<FGMSalesTotals>
<FuelGradeSalesVolume>18.756</FuelGradeSalesVolume>
<FuelGradeSalesAmount>60</FuelGradeSalesAmount>
<DiscountAmount>0</DiscountAmount>
<DiscountCount>0</DiscountCount>
</FGMSalesTotals>
</FGMServiceLevelSummary>
</FGMSellPriceSummary>
</FGMTenderSummary>
</FGMDetail>
<FGMDetail>
<FuelGradeID>003</FuelGradeID>
<FGMTenderSummary>
<Tender>
<TenderCode>outsideCredit</TenderCode>
<TenderSubCode>generic</TenderSubCode>
</Tender>
<FGMSellPriceSummary>
<ActualSalesPrice>3.199</ActualSalesPrice>
<FGMServiceLevelSummary>
<ServiceLevelCode>1</ServiceLevelCode>
<FGMSalesTotals>
<FuelGradeSalesVolume>941.128</FuelGradeSalesVolume>
<FuelGradeSalesAmount>3010.66</FuelGradeSalesAmount>
<DiscountAmount>1.29</DiscountAmount>
<DiscountCount>1</DiscountCount>
</FGMSalesTotals>
</FGMServiceLevelSummary>
</FGMSellPriceSummary>
</FGMTenderSummary>
</FGMDetail>
<FGMDetail>
<FuelGradeID>003</FuelGradeID>
<FGMTenderSummary>
<Tender>
<TenderCode>outsideDebit</TenderCode>
<TenderSubCode>generic</TenderSubCode>
</Tender>
<FGMSellPriceSummary>
<ActualSalesPrice>3.199</ActualSalesPrice>
<FGMServiceLevelSummary>
<ServiceLevelCode>1</ServiceLevelCode>
<FGMSalesTotals>
<FuelGradeSalesVolume>246.385</FuelGradeSalesVolume>
<FuelGradeSalesAmount>788.21</FuelGradeSalesAmount>
<DiscountAmount>4</DiscountAmount>
<DiscountCount>1</DiscountCount>
</FGMSalesTotals>
</FGMServiceLevelSummary>
</FGMSellPriceSummary>
</FGMTenderSummary>
</FGMDetail>
<FGMDetail>
<FuelGradeID>004</FuelGradeID>
<FGMTenderSummary>
<Tender>
<TenderCode>cash</TenderCode>
<TenderSubCode>generic</TenderSubCode>
</Tender>
<FGMSellPriceSummary>
<ActualSalesPrice>2.959</ActualSalesPrice>
<FGMServiceLevelSummary>
<ServiceLevelCode>1</ServiceLevelCode>
<FGMSalesTotals>
<FuelGradeSalesVolume>27.039</FuelGradeSalesVolume>
<FuelGradeSalesAmount>80.01</FuelGradeSalesAmount>
<DiscountAmount>0</DiscountAmount>
<DiscountCount>0</DiscountCount>
</FGMSalesTotals>
</FGMServiceLevelSummary>
</FGMSellPriceSummary>
</FGMTenderSummary>
</FGMDetail>
<FGMDetail>
<FuelGradeID>004</FuelGradeID>
<FGMTenderSummary>
<Tender>
<TenderCode>outsideCredit</TenderCode>
<TenderSubCode>generic</TenderSubCode>
</Tender>
<FGMSellPriceSummary>
<ActualSalesPrice>2.959</ActualSalesPrice>
<FGMServiceLevelSummary>
<ServiceLevelCode>1</ServiceLevelCode>
<FGMSalesTotals>
<FuelGradeSalesVolume>87.65</FuelGradeSalesVolume>
<FuelGradeSalesAmount>259.36</FuelGradeSalesAmount>
<DiscountAmount>0</DiscountAmount>
<DiscountCount>0</DiscountCount>
</FGMSalesTotals>
</FGMServiceLevelSummary>
</FGMSellPriceSummary>
</FGMTenderSummary>
</FGMDetail>
<FGMDetail>
<FuelGradeID>004</FuelGradeID>
<FGMTenderSummary>
<Tender>
<TenderCode>outsideDebit</TenderCode>
<TenderSubCode>generic</TenderSubCode>
</Tender>
<FGMSellPriceSummary>
<ActualSalesPrice>2.959</ActualSalesPrice>
<FGMServiceLevelSummary>
<ServiceLevelCode>1</ServiceLevelCode>
<FGMSalesTotals>
<FuelGradeSalesVolume>18.12</FuelGradeSalesVolume>
<FuelGradeSalesAmount>53.62</FuelGradeSalesAmount>
<DiscountAmount>0</DiscountAmount>
<DiscountCount>0</DiscountCount>
</FGMSalesTotals>
</FGMServiceLevelSummary>
</FGMSellPriceSummary>
</FGMTenderSummary>
</FGMDetail>
</FuelGradeMovement>
</NAXML-MovementReport>
