<?xml version="1.0" encoding="ISO-8859-1"?>
<NAXML-MovementReport version="3.4">
<TransmissionHeader>
<StoreLocationID>299</StoreLocationID>
<VendorName>Gilbarco-VeederRoot</VendorName>
<VendorModelVersion>10.10.27.03B</VendorModelVersion>
</TransmissionHeader>
<FuelGradeMovement>
<MovementHeader>
<ReportSequenceNumber>1</ReportSequenceNumber>
<PrimaryReportPeriod>2</PrimaryReportPeriod>
<SecondaryReportPeriod>0</SecondaryReportPeriod>
<BusinessDate>2017-08-13</BusinessDate>
<BeginDate>2017-08-13</BeginDate>
<BeginTime>22:33:33</BeginTime>
<EndDate>2017-08-14</EndDate>
<EndTime>22:11:44</EndTime>
</MovementHeader>
<FGMDetail>
<FuelGradeID>001</FuelGradeID>
<FGMPositionSummary>
<FuelPositionID>1</FuelPositionID>
<FGMNonResettableTotal>
<FuelGradeNonResettableTotalVolume>121652.27</FuelGradeNonResettableTotalVolume>
<FuelGradeNonResettableTotalAmount>360457.6</FuelGradeNonResettableTotalAmount>
</FGMNonResettableTotal>
<FGMSalesTotals>
<FuelGradeSalesVolume>165.774</FuelGradeSalesVolume>
<FuelGradeSalesAmount>523.65</FuelGradeSalesAmount>
<PumpTestTotals>
<PumpTestAmount>0</PumpTestAmount>
<PumpTestVolume>0</PumpTestVolume>
<ReturnTankID/>
</PumpTestTotals>
<TaxExemptSalesVolume>0</TaxExemptSalesVolume>
<DiscountAmount>0</DiscountAmount>
<DiscountCount>0</DiscountCount>
<DispenserDiscountAmount>0</DispenserDiscountAmount>
<DispenserDiscountCount>0</DispenserDiscountCount>
</FGMSalesTotals>
</FGMPositionSummary>
</FGMDetail>
<FGMDetail>
<FuelGradeID>001</FuelGradeID>
<FGMPositionSummary>
<FuelPositionID>2</FuelPositionID>
<FGMNonResettableTotal>
<FuelGradeNonResettableTotalVolume>191679.04</FuelGradeNonResettableTotalVolume>
<FuelGradeNonResettableTotalAmount>568504.29</FuelGradeNonResettableTotalAmount>
</FGMNonResettableTotal>
<FGMSalesTotals>
<FuelGradeSalesVolume>381.404</FuelGradeSalesVolume>
<FuelGradeSalesAmount>1204.84</FuelGradeSalesAmount>
<PumpTestTotals>
<PumpTestAmount>0</PumpTestAmount>
<PumpTestVolume>0</PumpTestVolume>
<ReturnTankID/>
</PumpTestTotals>
<TaxExemptSalesVolume>0</TaxExemptSalesVolume>
<DiscountAmount>0</DiscountAmount>
<DiscountCount>0</DiscountCount>
<DispenserDiscountAmount>0</DispenserDiscountAmount>
<DispenserDiscountCount>0</DispenserDiscountCount>
</FGMSalesTotals>
</FGMPositionSummary>
</FGMDetail>
<FGMDetail>
<FuelGradeID>001</FuelGradeID>
<FGMPositionSummary>
<FuelPositionID>3</FuelPositionID>
<FGMNonResettableTotal>
<FuelGradeNonResettableTotalVolume>466773.55</FuelGradeNonResettableTotalVolume>
<FuelGradeNonResettableTotalAmount>1661518.86</FuelGradeNonResettableTotalAmount>
</FGMNonResettableTotal>
<FGMSalesTotals>
<FuelGradeSalesVolume>122.423</FuelGradeSalesVolume>
<FuelGradeSalesAmount>386.73</FuelGradeSalesAmount>
<PumpTestTotals>
<PumpTestAmount>0</PumpTestAmount>
<PumpTestVolume>0</PumpTestVolume>
<ReturnTankID/>
</PumpTestTotals>
<TaxExemptSalesVolume>0</TaxExemptSalesVolume>
<DiscountAmount>0</DiscountAmount>
<DiscountCount>0</DiscountCount>
<DispenserDiscountAmount>0</DispenserDiscountAmount>
<DispenserDiscountCount>0</DispenserDiscountCount>
</FGMSalesTotals>
</FGMPositionSummary>
</FGMDetail>
<FGMDetail>
<FuelGradeID>001</FuelGradeID>
<FGMPositionSummary>
<FuelPositionID>4</FuelPositionID>
<FGMNonResettableTotal>
<FuelGradeNonResettableTotalVolume>808789.11</FuelGradeNonResettableTotalVolume>
<FuelGradeNonResettableTotalAmount>902163.36</FuelGradeNonResettableTotalAmount>
</FGMNonResettableTotal>
<FGMSalesTotals>
<FuelGradeSalesVolume>313.577</FuelGradeSalesVolume>
<FuelGradeSalesAmount>990.57</FuelGradeSalesAmount>
<PumpTestTotals>
<PumpTestAmount>0</PumpTestAmount>
<PumpTestVolume>0</PumpTestVolume>
<ReturnTankID/>
</PumpTestTotals>
<TaxExemptSalesVolume>0</TaxExemptSalesVolume>
<DiscountAmount>0</DiscountAmount>
<DiscountCount>0</DiscountCount>
<DispenserDiscountAmount>0</DispenserDiscountAmount>
<DispenserDiscountCount>0</DispenserDiscountCount>
</FGMSalesTotals>
</FGMPositionSummary>
</FGMDetail>
<FGMDetail>
<FuelGradeID>001</FuelGradeID>
<FGMPositionSummary>
<FuelPositionID>5</FuelPositionID>
<FGMNonResettableTotal>
<FuelGradeNonResettableTotalVolume>606358.55</FuelGradeNonResettableTotalVolume>
<FuelGradeNonResettableTotalAmount>170916.08</FuelGradeNonResettableTotalAmount>
</FGMNonResettableTotal>
<FGMSalesTotals>
<FuelGradeSalesVolume>189.288</FuelGradeSalesVolume>
<FuelGradeSalesAmount>597.95</FuelGradeSalesAmount>
<PumpTestTotals>
<PumpTestAmount>0</PumpTestAmount>
<PumpTestVolume>0</PumpTestVolume>
<ReturnTankID/>
</PumpTestTotals>
<TaxExemptSalesVolume>0</TaxExemptSalesVolume>
<DiscountAmount>0</DiscountAmount>
<DiscountCount>0</DiscountCount>
<DispenserDiscountAmount>0</DispenserDiscountAmount>
<DispenserDiscountCount>0</DispenserDiscountCount>
</FGMSalesTotals>
</FGMPositionSummary>
</FGMDetail>
<FGMDetail>
<FuelGradeID>001</FuelGradeID>
<FGMPositionSummary>
<FuelPositionID>6</FuelPositionID>
<FGMNonResettableTotal>
<FuelGradeNonResettableTotalVolume>100852.01</FuelGradeNonResettableTotalVolume>
<FuelGradeNonResettableTotalAmount>969187.97</FuelGradeNonResettableTotalAmount>
</FGMNonResettableTotal>
<FGMSalesTotals>
<FuelGradeSalesVolume>500.827</FuelGradeSalesVolume>
<FuelGradeSalesAmount>1582.1</FuelGradeSalesAmount>
<PumpTestTotals>
<PumpTestAmount>0</PumpTestAmount>
<PumpTestVolume>0</PumpTestVolume>
<ReturnTankID/>
</PumpTestTotals>
<TaxExemptSalesVolume>0</TaxExemptSalesVolume>
<DiscountAmount>0</DiscountAmount>
<DiscountCount>0</DiscountCount>
<DispenserDiscountAmount>0</DispenserDiscountAmount>
<DispenserDiscountCount>0</DispenserDiscountCount>
</FGMSalesTotals>
</FGMPositionSummary>
</FGMDetail>
<FGMDetail>
<FuelGradeID>001</FuelGradeID>
<FGMPositionSummary>
<FuelPositionID>7</FuelPositionID>
<FGMNonResettableTotal>
<FuelGradeNonResettableTotalVolume>549162.6</FuelGradeNonResettableTotalVolume>
<FuelGradeNonResettableTotalAmount>966171.48</FuelGradeNonResettableTotalAmount>
</FGMNonResettableTotal>
<FGMSalesTotals>
<FuelGradeSalesVolume>208.258</FuelGradeSalesVolume>
<FuelGradeSalesAmount>657.89</FuelGradeSalesAmount>
<PumpTestTotals>
<PumpTestAmount>0</PumpTestAmount>
<PumpTestVolume>0</PumpTestVolume>
<ReturnTankID/>
</PumpTestTotals>
<TaxExemptSalesVolume>0</TaxExemptSalesVolume>
<DiscountAmount>0</DiscountAmount>
<DiscountCount>0</DiscountCount>
<DispenserDiscountAmount>0</DispenserDiscountAmount>
<DispenserDiscountCount>0</DispenserDiscountCount>
</FGMSalesTotals>
</FGMPositionSummary>
</FGMDetail>
<FGMDetail>
<FuelGradeID>001</FuelGradeID>
<FGMPositionSummary>
<FuelPositionID>8</FuelPositionID>
<FGMNonResettableTotal>
<FuelGradeNonResettableTotalVolume>954316.56</FuelGradeNonResettableTotalVolume>
<FuelGradeNonResettableTotalAmount>1437004.55</FuelGradeNonResettableTotalAmount>
</FGMNonResettableTotal>
<FGMSalesTotals>
<FuelGradeSalesVolume>381.513</FuelGradeSalesVolume>
<FuelGradeSalesAmount>1205.18</FuelGradeSalesAmount>
<PumpTestTotals>
<PumpTestAmount>0</PumpTestAmount>
<PumpTestVolume>0</PumpTestVolume>
<ReturnTankID/>
</PumpTestTotals>
<TaxExemptSalesVolume>0</TaxExemptSalesVolume>
<DiscountAmount>0</DiscountAmount>
<DiscountCount>0</DiscountCount>
<DispenserDiscountAmount>0</DispenserDiscountAmount>
<DispenserDiscountCount>0</DispenserDiscountCount>
</FGMSalesTotals>
</FGMPositionSummary>
</FGMDetail>
<FGMDetail>
<FuelGradeID>002</FuelGradeID>
<FGMPositionSummary>
<FuelPositionID>1</FuelPositionID>
<FGMNonResettableTotal>
<FuelGradeNonResettableTotalVolume>27731.36</FuelGradeNonResettableTotalVolume>
<FuelGradeNonResettableTotalAmount>84752.64</FuelGradeNonResettableTotalAmount>
</FGMNonResettableTotal>
<FGMSalesTotals>
<FuelGradeSalesVolume>45.322</FuelGradeSalesVolume>
<FuelGradeSalesAmount>147.7</FuelGradeSalesAmount>
<PumpTestTotals>
<PumpTestAmount>0</PumpTestAmount>
<PumpTestVolume>0</PumpTestVolume>
<ReturnTankID/>
</PumpTestTotals>
<TaxExemptSalesVolume>0</TaxExemptSalesVolume>
<DiscountAmount>0</DiscountAmount>
<DiscountCount>0</DiscountCount>
<DispenserDiscountAmount>0</DispenserDiscountAmount>
<DispenserDiscountCount>0</DispenserDiscountCount>
</FGMSalesTotals>
</FGMPositionSummary>
</FGMDetail>
<FGMDetail>
<FuelGradeID>002</FuelGradeID>
<FGMPositionSummary>
<FuelPositionID>2</FuelPositionID>
<FGMNonResettableTotal>
<FuelGradeNonResettableTotalVolume>32629</FuelGradeNonResettableTotalVolume>
<FuelGradeNonResettableTotalAmount>100078.59</FuelGradeNonResettableTotalAmount>
</FGMNonResettableTotal>
<FGMSalesTotals>
<FuelGradeSalesVolume>37.475</FuelGradeSalesVolume>
<FuelGradeSalesAmount>122.14</FuelGradeSalesAmount>
<PumpTestTotals>
<PumpTestAmount>0</PumpTestAmount>
<PumpTestVolume>0</PumpTestVolume>
<ReturnTankID/>
</PumpTestTotals>
<TaxExemptSalesVolume>0</TaxExemptSalesVolume>
<DiscountAmount>0</DiscountAmount>
<DiscountCount>0</DiscountCount>
<DispenserDiscountAmount>0</DispenserDiscountAmount>
<DispenserDiscountCount>0</DispenserDiscountCount>
</FGMSalesTotals>
</FGMPositionSummary>
</FGMDetail>
<FGMDetail>
<FuelGradeID>002</FuelGradeID>
<FGMPositionSummary>
<FuelPositionID>3</FuelPositionID>
<FGMNonResettableTotal>
<FuelGradeNonResettableTotalVolume>92926.17</FuelGradeNonResettableTotalVolume>
<FuelGradeNonResettableTotalAmount>339506.69</FuelGradeNonResettableTotalAmount>
</FGMNonResettableTotal>
<FGMSalesTotals>
<FuelGradeSalesVolume>52.394</FuelGradeSalesVolume>
<FuelGradeSalesAmount>170.75</FuelGradeSalesAmount>
<PumpTestTotals>
<PumpTestAmount>0</PumpTestAmount>
<PumpTestVolume>0</PumpTestVolume>
<ReturnTankID/>
</PumpTestTotals>
<TaxExemptSalesVolume>0</TaxExemptSalesVolume>
<DiscountAmount>0</DiscountAmount>
<DiscountCount>0</DiscountCount>
<DispenserDiscountAmount>0</DispenserDiscountAmount>
<DispenserDiscountCount>0</DispenserDiscountCount>
</FGMSalesTotals>
</FGMPositionSummary>
</FGMDetail>
<FGMDetail>
<FuelGradeID>002</FuelGradeID>
<FGMPositionSummary>
<FuelPositionID>4</FuelPositionID>
<FGMNonResettableTotal>
<FuelGradeNonResettableTotalVolume>135429.21</FuelGradeNonResettableTotalVolume>
<FuelGradeNonResettableTotalAmount>499157.38</FuelGradeNonResettableTotalAmount>
</FGMNonResettableTotal>
<FGMSalesTotals>
<FuelGradeSalesVolume>84.09</FuelGradeSalesVolume>
<FuelGradeSalesAmount>274.07</FuelGradeSalesAmount>
<PumpTestTotals>
<PumpTestAmount>0</PumpTestAmount>
<PumpTestVolume>0</PumpTestVolume>
<ReturnTankID/>
</PumpTestTotals>
<TaxExemptSalesVolume>0</TaxExemptSalesVolume>
<DiscountAmount>0</DiscountAmount>
<DiscountCount>0</DiscountCount>
<DispenserDiscountAmount>0</DispenserDiscountAmount>
<DispenserDiscountCount>0</DispenserDiscountCount>
</FGMSalesTotals>
</FGMPositionSummary>
</FGMDetail>
<FGMDetail>
<FuelGradeID>002</FuelGradeID>
<FGMPositionSummary>
<FuelPositionID>5</FuelPositionID>
<FGMNonResettableTotal>
<FuelGradeNonResettableTotalVolume>156915.22</FuelGradeNonResettableTotalVolume>
<FuelGradeNonResettableTotalAmount>577478.35</FuelGradeNonResettableTotalAmount>
</FGMNonResettableTotal>
<FGMSalesTotals>
<FuelGradeSalesVolume>38.574</FuelGradeSalesVolume>
<FuelGradeSalesAmount>125.71</FuelGradeSalesAmount>
<PumpTestTotals>
<PumpTestAmount>0</PumpTestAmount>
<PumpTestVolume>0</PumpTestVolume>
<ReturnTankID/>
</PumpTestTotals>
<TaxExemptSalesVolume>0</TaxExemptSalesVolume>
<DiscountAmount>0</DiscountAmount>
<DiscountCount>0</DiscountCount>
<DispenserDiscountAmount>0</DispenserDiscountAmount>
<DispenserDiscountCount>0</DispenserDiscountCount>
</FGMSalesTotals>
</FGMPositionSummary>
</FGMDetail>
<FGMDetail>
<FuelGradeID>002</FuelGradeID>
<FGMPositionSummary>
<FuelPositionID>6</FuelPositionID>
<FGMNonResettableTotal>
<FuelGradeNonResettableTotalVolume>166747.4</FuelGradeNonResettableTotalVolume>
<FuelGradeNonResettableTotalAmount>620817.86</FuelGradeNonResettableTotalAmount>
</FGMNonResettableTotal>
<FGMSalesTotals>
<FuelGradeSalesVolume>115.866</FuelGradeSalesVolume>
<FuelGradeSalesAmount>377.61</FuelGradeSalesAmount>
<PumpTestTotals>
<PumpTestAmount>0</PumpTestAmount>
<PumpTestVolume>0</PumpTestVolume>
<ReturnTankID/>
</PumpTestTotals>
<TaxExemptSalesVolume>0</TaxExemptSalesVolume>
<DiscountAmount>0</DiscountAmount>
<DiscountCount>0</DiscountCount>
<DispenserDiscountAmount>-.4</DispenserDiscountAmount>
<DispenserDiscountCount>1</DispenserDiscountCount>
</FGMSalesTotals>
</FGMPositionSummary>
</FGMDetail>
<FGMDetail>
<FuelGradeID>002</FuelGradeID>
<FGMPositionSummary>
<FuelPositionID>7</FuelPositionID>
<FGMNonResettableTotal>
<FuelGradeNonResettableTotalVolume>146062.95</FuelGradeNonResettableTotalVolume>
<FuelGradeNonResettableTotalAmount>542898.91</FuelGradeNonResettableTotalAmount>
</FGMNonResettableTotal>
<FGMSalesTotals>
<FuelGradeSalesVolume>50.483</FuelGradeSalesVolume>
<FuelGradeSalesAmount>164.53</FuelGradeSalesAmount>
<PumpTestTotals>
<PumpTestAmount>0</PumpTestAmount>
<PumpTestVolume>0</PumpTestVolume>
<ReturnTankID/>
</PumpTestTotals>
<TaxExemptSalesVolume>0</TaxExemptSalesVolume>
<DiscountAmount>0</DiscountAmount>
<DiscountCount>0</DiscountCount>
<DispenserDiscountAmount>0</DispenserDiscountAmount>
<DispenserDiscountCount>0</DispenserDiscountCount>
</FGMSalesTotals>
</FGMPositionSummary>
</FGMDetail>
<FGMDetail>
<FuelGradeID>002</FuelGradeID>
<FGMPositionSummary>
<FuelPositionID>8</FuelPositionID>
<FGMNonResettableTotal>
<FuelGradeNonResettableTotalVolume>136048.62</FuelGradeNonResettableTotalVolume>
<FuelGradeNonResettableTotalAmount>505526.62</FuelGradeNonResettableTotalAmount>
</FGMNonResettableTotal>
<FGMSalesTotals>
<FuelGradeSalesVolume>36.385</FuelGradeSalesVolume>
<FuelGradeSalesAmount>118.58</FuelGradeSalesAmount>
<PumpTestTotals>
<PumpTestAmount>0</PumpTestAmount>
<PumpTestVolume>0</PumpTestVolume>
<ReturnTankID/>
</PumpTestTotals>
<TaxExemptSalesVolume>0</TaxExemptSalesVolume>
<DiscountAmount>0</DiscountAmount>
<DiscountCount>0</DiscountCount>
<DispenserDiscountAmount>-.42</DispenserDiscountAmount>
<DispenserDiscountCount>1</DispenserDiscountCount>
</FGMSalesTotals>
</FGMPositionSummary>
</FGMDetail>
<FGMDetail>
<FuelGradeID>003</FuelGradeID>
<FGMPositionSummary>
<FuelPositionID>1</FuelPositionID>
<FGMNonResettableTotal>
<FuelGradeNonResettableTotalVolume>64992.15</FuelGradeNonResettableTotalVolume>
<FuelGradeNonResettableTotalAmount>205435.07</FuelGradeNonResettableTotalAmount>
</FGMNonResettableTotal>
<FGMSalesTotals>
<FuelGradeSalesVolume>19.448</FuelGradeSalesVolume>
<FuelGradeSalesAmount>65.33</FuelGradeSalesAmount>
<PumpTestTotals>
<PumpTestAmount>0</PumpTestAmount>
<PumpTestVolume>0</PumpTestVolume>
<ReturnTankID/>
</PumpTestTotals>
<TaxExemptSalesVolume>0</TaxExemptSalesVolume>
<DiscountAmount>0</DiscountAmount>
<DiscountCount>0</DiscountCount>
<DispenserDiscountAmount>0</DispenserDiscountAmount>
<DispenserDiscountCount>0</DispenserDiscountCount>
</FGMSalesTotals>
</FGMPositionSummary>
</FGMDetail>
<FGMDetail>
<FuelGradeID>003</FuelGradeID>
<FGMPositionSummary>
<FuelPositionID>2</FuelPositionID>
<FGMNonResettableTotal>
<FuelGradeNonResettableTotalVolume>68677.41</FuelGradeNonResettableTotalVolume>
<FuelGradeNonResettableTotalAmount>217123.86</FuelGradeNonResettableTotalAmount>
</FGMNonResettableTotal>
<FGMSalesTotals>
<FuelGradeSalesVolume>67.123</FuelGradeSalesVolume>
<FuelGradeSalesAmount>225.46</FuelGradeSalesAmount>
<PumpTestTotals>
<PumpTestAmount>0</PumpTestAmount>
<PumpTestVolume>0</PumpTestVolume>
<ReturnTankID/>
</PumpTestTotals>
<TaxExemptSalesVolume>0</TaxExemptSalesVolume>
<DiscountAmount>0</DiscountAmount>
<DiscountCount>0</DiscountCount>
<DispenserDiscountAmount>0</DispenserDiscountAmount>
<DispenserDiscountCount>0</DispenserDiscountCount>
</FGMSalesTotals>
</FGMPositionSummary>
</FGMDetail>
<FGMDetail>
<FuelGradeID>003</FuelGradeID>
<FGMPositionSummary>
<FuelPositionID>3</FuelPositionID>
<FGMNonResettableTotal>
<FuelGradeNonResettableTotalVolume>228405.92</FuelGradeNonResettableTotalVolume>
<FuelGradeNonResettableTotalAmount>854285.33</FuelGradeNonResettableTotalAmount>
</FGMNonResettableTotal>
<FGMSalesTotals>
<FuelGradeSalesVolume>56.25</FuelGradeSalesVolume>
<FuelGradeSalesAmount>188.94</FuelGradeSalesAmount>
<PumpTestTotals>
<PumpTestAmount>0</PumpTestAmount>
<PumpTestVolume>0</PumpTestVolume>
<ReturnTankID/>
</PumpTestTotals>
<TaxExemptSalesVolume>0</TaxExemptSalesVolume>
<DiscountAmount>0</DiscountAmount>
<DiscountCount>0</DiscountCount>
<DispenserDiscountAmount>-.48</DispenserDiscountAmount>
<DispenserDiscountCount>1</DispenserDiscountCount>
</FGMSalesTotals>
</FGMPositionSummary>
</FGMDetail>
<FGMDetail>
<FuelGradeID>003</FuelGradeID>
<FGMPositionSummary>
<FuelPositionID>4</FuelPositionID>
<FGMNonResettableTotal>
<FuelGradeNonResettableTotalVolume>208164.13</FuelGradeNonResettableTotalVolume>
<FuelGradeNonResettableTotalAmount>781239.82</FuelGradeNonResettableTotalAmount>
</FGMNonResettableTotal>
<FGMSalesTotals>
<FuelGradeSalesVolume>101.167</FuelGradeSalesVolume>
<FuelGradeSalesAmount>339.81</FuelGradeSalesAmount>
<PumpTestTotals>
<PumpTestAmount>0</PumpTestAmount>
<PumpTestVolume>0</PumpTestVolume>
<ReturnTankID/>
</PumpTestTotals>
<TaxExemptSalesVolume>0</TaxExemptSalesVolume>
<DiscountAmount>0</DiscountAmount>
<DiscountCount>0</DiscountCount>
<DispenserDiscountAmount>-.59</DispenserDiscountAmount>
<DispenserDiscountCount>1</DispenserDiscountCount>
</FGMSalesTotals>
</FGMPositionSummary>
</FGMDetail>
<FGMDetail>
<FuelGradeID>003</FuelGradeID>
<FGMPositionSummary>
<FuelPositionID>5</FuelPositionID>
<FGMNonResettableTotal>
<FuelGradeNonResettableTotalVolume>443789.69</FuelGradeNonResettableTotalVolume>
<FuelGradeNonResettableTotalAmount>678393.92</FuelGradeNonResettableTotalAmount>
</FGMNonResettableTotal>
<FGMSalesTotals>
<FuelGradeSalesVolume>188.293</FuelGradeSalesVolume>
<FuelGradeSalesAmount>632.47</FuelGradeSalesAmount>
<PumpTestTotals>
<PumpTestAmount>0</PumpTestAmount>
<PumpTestVolume>0</PumpTestVolume>
<ReturnTankID/>
</PumpTestTotals>
<TaxExemptSalesVolume>0</TaxExemptSalesVolume>
<DiscountAmount>0</DiscountAmount>
<DiscountCount>0</DiscountCount>
<DispenserDiscountAmount>0</DispenserDiscountAmount>
<DispenserDiscountCount>0</DispenserDiscountCount>
</FGMSalesTotals>
</FGMPositionSummary>
</FGMDetail>
<FGMDetail>
<FuelGradeID>003</FuelGradeID>
<FGMPositionSummary>
<FuelPositionID>6</FuelPositionID>
<FGMNonResettableTotal>
<FuelGradeNonResettableTotalVolume>223937.55</FuelGradeNonResettableTotalVolume>
<FuelGradeNonResettableTotalAmount>844430.32</FuelGradeNonResettableTotalAmount>
</FGMNonResettableTotal>
<FGMSalesTotals>
<FuelGradeSalesVolume>102.646</FuelGradeSalesVolume>
<FuelGradeSalesAmount>344.79</FuelGradeSalesAmount>
<PumpTestTotals>
<PumpTestAmount>0</PumpTestAmount>
<PumpTestVolume>0</PumpTestVolume>
<ReturnTankID/>
</PumpTestTotals>
<TaxExemptSalesVolume>0</TaxExemptSalesVolume>
<DiscountAmount>0</DiscountAmount>
<DiscountCount>0</DiscountCount>
<DispenserDiscountAmount>0</DispenserDiscountAmount>
<DispenserDiscountCount>0</DispenserDiscountCount>
</FGMSalesTotals>
</FGMPositionSummary>
</FGMDetail>
<FGMDetail>
<FuelGradeID>003</FuelGradeID>
<FGMPositionSummary>
<FuelPositionID>7</FuelPositionID>
<FGMNonResettableTotal>
<FuelGradeNonResettableTotalVolume>495374.1</FuelGradeNonResettableTotalVolume>
<FuelGradeNonResettableTotalAmount>866155.76</FuelGradeNonResettableTotalAmount>
</FGMNonResettableTotal>
<FGMSalesTotals>
<FuelGradeSalesVolume>192.745</FuelGradeSalesVolume>
<FuelGradeSalesAmount>647.43</FuelGradeSalesAmount>
<PumpTestTotals>
<PumpTestAmount>0</PumpTestAmount>
<PumpTestVolume>0</PumpTestVolume>
<ReturnTankID/>
</PumpTestTotals>
<TaxExemptSalesVolume>0</TaxExemptSalesVolume>
<DiscountAmount>0</DiscountAmount>
<DiscountCount>0</DiscountCount>
<DispenserDiscountAmount>-.54</DispenserDiscountAmount>
<DispenserDiscountCount>1</DispenserDiscountCount>
</FGMSalesTotals>
</FGMPositionSummary>
</FGMDetail>
<FGMDetail>
<FuelGradeID>003</FuelGradeID>
<FGMPositionSummary>
<FuelPositionID>8</FuelPositionID>
<FGMNonResettableTotal>
<FuelGradeNonResettableTotalVolume>179308.21</FuelGradeNonResettableTotalVolume>
<FuelGradeNonResettableTotalAmount>673764.86</FuelGradeNonResettableTotalAmount>
</FGMNonResettableTotal>
<FGMSalesTotals>
<FuelGradeSalesVolume>94.694</FuelGradeSalesVolume>
<FuelGradeSalesAmount>318.08</FuelGradeSalesAmount>
<PumpTestTotals>
<PumpTestAmount>0</PumpTestAmount>
<PumpTestVolume>0</PumpTestVolume>
<ReturnTankID/>
</PumpTestTotals>
<TaxExemptSalesVolume>0</TaxExemptSalesVolume>
<DiscountAmount>0</DiscountAmount>
<DiscountCount>0</DiscountCount>
<DispenserDiscountAmount>0</DispenserDiscountAmount>
<DispenserDiscountCount>0</DispenserDiscountCount>
</FGMSalesTotals>
</FGMPositionSummary>
</FGMDetail>
<FGMDetail>
<FuelGradeID>004</FuelGradeID>
<FGMPositionSummary>
<FuelPositionID>1</FuelPositionID>
<FGMNonResettableTotal>
<FuelGradeNonResettableTotalVolume>95836.59</FuelGradeNonResettableTotalVolume>
<FuelGradeNonResettableTotalAmount>277588.27</FuelGradeNonResettableTotalAmount>
</FGMNonResettableTotal>
<FGMSalesTotals>
<FuelGradeSalesVolume>79.261</FuelGradeSalesVolume>
<FuelGradeSalesAmount>237.7</FuelGradeSalesAmount>
<PumpTestTotals>
<PumpTestAmount>0</PumpTestAmount>
<PumpTestVolume>0</PumpTestVolume>
<ReturnTankID/>
</PumpTestTotals>
<TaxExemptSalesVolume>0</TaxExemptSalesVolume>
<DiscountAmount>0</DiscountAmount>
<DiscountCount>0</DiscountCount>
<DispenserDiscountAmount>0</DispenserDiscountAmount>
<DispenserDiscountCount>0</DispenserDiscountCount>
</FGMSalesTotals>
</FGMPositionSummary>
</FGMDetail>
<FGMDetail>
<FuelGradeID>004</FuelGradeID>
<FGMPositionSummary>
<FuelPositionID>2</FuelPositionID>
<FGMNonResettableTotal>
<FuelGradeNonResettableTotalVolume>67943.75</FuelGradeNonResettableTotalVolume>
<FuelGradeNonResettableTotalAmount>196963.77</FuelGradeNonResettableTotalAmount>
</FGMNonResettableTotal>
<FGMSalesTotals>
<FuelGradeSalesVolume>57.816</FuelGradeSalesVolume>
<FuelGradeSalesAmount>173.39</FuelGradeSalesAmount>
<PumpTestTotals>
<PumpTestAmount>0</PumpTestAmount>
<PumpTestVolume>0</PumpTestVolume>
<ReturnTankID/>
</PumpTestTotals>
<TaxExemptSalesVolume>0</TaxExemptSalesVolume>
<DiscountAmount>0</DiscountAmount>
<DiscountCount>0</DiscountCount>
<DispenserDiscountAmount>0</DispenserDiscountAmount>
<DispenserDiscountCount>0</DispenserDiscountCount>
</FGMSalesTotals>
</FGMPositionSummary>
</FGMDetail>
</FuelGradeMovement>
</NAXML-MovementReport>
