<?xml version="1.0" encoding="ISO-8859-1"?>
<NAXML-MovementReport version="3.4">
<TransmissionHeader>
<StoreLocationID>299</StoreLocationID>
<VendorName>Gilbarco-VeederRoot</VendorName>
<VendorModelVersion>10.10.27.03B</VendorModelVersion>
</TransmissionHeader>
<FuelGradeMovement>
<MovementHeader>
<ReportSequenceNumber>1</ReportSequenceNumber>
<PrimaryReportPeriod>2</PrimaryReportPeriod>
<SecondaryReportPeriod>0</SecondaryReportPeriod>
<BusinessDate>2017-08-18</BusinessDate>
<BeginDate>2017-08-18</BeginDate>
<BeginTime>22:59:26</BeginTime>
<EndDate>2017-08-19</EndDate>
<EndTime>22:34:42</EndTime>
</MovementHeader>
<FGMDetail>
<FuelGradeID>001</FuelGradeID>
<FGMTenderSummary>
<Tender>
<TenderCode>cash</TenderCode>
<TenderSubCode>generic</TenderSubCode>
</Tender>
<FGMSellPriceSummary>
<ActualSalesPrice>3.159</ActualSalesPrice>
<FGMServiceLevelSummary>
<ServiceLevelCode>1</ServiceLevelCode>
<FGMSalesTotals>
<FuelGradeSalesVolume>253.332</FuelGradeSalesVolume>
<FuelGradeSalesAmount>800.26</FuelGradeSalesAmount>
<DiscountAmount>0</DiscountAmount>
<DiscountCount>0</DiscountCount>
</FGMSalesTotals>
</FGMServiceLevelSummary>
</FGMSellPriceSummary>
</FGMTenderSummary>
</FGMDetail>
<FGMDetail>
<FuelGradeID>001</FuelGradeID>
<FGMTenderSummary>
<Tender>
<TenderCode>creditCards</TenderCode>
<TenderSubCode>generic</TenderSubCode>
</Tender>
<FGMSellPriceSummary>
<ActualSalesPrice>3.159</ActualSalesPrice>
<FGMServiceLevelSummary>
<ServiceLevelCode>1</ServiceLevelCode>
<FGMSalesTotals>
<FuelGradeSalesVolume>56.326</FuelGradeSalesVolume>
<FuelGradeSalesAmount>177.93</FuelGradeSalesAmount>
<DiscountAmount>0</DiscountAmount>
<DiscountCount>0</DiscountCount>
</FGMSalesTotals>
</FGMServiceLevelSummary>
</FGMSellPriceSummary>
</FGMTenderSummary>
</FGMDetail>
<FGMDetail>
<FuelGradeID>001</FuelGradeID>
<FGMTenderSummary>
<Tender>
<TenderCode>debitCards</TenderCode>
<TenderSubCode>generic</TenderSubCode>
</Tender>
<FGMSellPriceSummary>
<ActualSalesPrice>3.159</ActualSalesPrice>
<FGMServiceLevelSummary>
<ServiceLevelCode>1</ServiceLevelCode>
<FGMSalesTotals>
<FuelGradeSalesVolume>11.08</FuelGradeSalesVolume>
<FuelGradeSalesAmount>35</FuelGradeSalesAmount>
<DiscountAmount>0</DiscountAmount>
<DiscountCount>0</DiscountCount>
</FGMSalesTotals>
</FGMServiceLevelSummary>
</FGMSellPriceSummary>
</FGMTenderSummary>
</FGMDetail>
<FGMDetail>
<FuelGradeID>001</FuelGradeID>
<FGMTenderSummary>
<Tender>
<TenderCode>outsideCredit</TenderCode>
<TenderSubCode>generic</TenderSubCode>
</Tender>
<FGMSellPriceSummary>
<ActualSalesPrice>3.159</ActualSalesPrice>
<FGMServiceLevelSummary>
<ServiceLevelCode>1</ServiceLevelCode>
<FGMSalesTotals>
<FuelGradeSalesVolume>1206.583</FuelGradeSalesVolume>
<FuelGradeSalesAmount>3811.61</FuelGradeSalesAmount>
<DiscountAmount>0.97</DiscountAmount>
<DiscountCount>1</DiscountCount>
</FGMSalesTotals>
</FGMServiceLevelSummary>
</FGMSellPriceSummary>
</FGMTenderSummary>
</FGMDetail>
<FGMDetail>
<FuelGradeID>001</FuelGradeID>
<FGMTenderSummary>
<Tender>
<TenderCode>outsideDebit</TenderCode>
<TenderSubCode>generic</TenderSubCode>
</Tender>
<FGMSellPriceSummary>
<ActualSalesPrice>3.159</ActualSalesPrice>
<FGMServiceLevelSummary>
<ServiceLevelCode>1</ServiceLevelCode>
<FGMSalesTotals>
<FuelGradeSalesVolume>516.025</FuelGradeSalesVolume>
<FuelGradeSalesAmount>1630.07</FuelGradeSalesAmount>
<DiscountAmount>0.5</DiscountAmount>
<DiscountCount>1</DiscountCount>
</FGMSalesTotals>
</FGMServiceLevelSummary>
</FGMSellPriceSummary>
</FGMTenderSummary>
</FGMDetail>
<FGMDetail>
<FuelGradeID>002</FuelGradeID>
<FGMTenderSummary>
<Tender>
<TenderCode>cash</TenderCode>
<TenderSubCode>generic</TenderSubCode>
</Tender>
<FGMSellPriceSummary>
<ActualSalesPrice>3.259</ActualSalesPrice>
<FGMServiceLevelSummary>
<ServiceLevelCode>1</ServiceLevelCode>
<FGMSalesTotals>
<FuelGradeSalesVolume>50.81</FuelGradeSalesVolume>
<FuelGradeSalesAmount>165.6</FuelGradeSalesAmount>
<DiscountAmount>0</DiscountAmount>
<DiscountCount>0</DiscountCount>
</FGMSalesTotals>
</FGMServiceLevelSummary>
</FGMSellPriceSummary>
</FGMTenderSummary>
</FGMDetail>
<FGMDetail>
<FuelGradeID>002</FuelGradeID>
<FGMTenderSummary>
<Tender>
<TenderCode>creditCards</TenderCode>
<TenderSubCode>generic</TenderSubCode>
</Tender>
<FGMSellPriceSummary>
<ActualSalesPrice>3.259</ActualSalesPrice>
<FGMServiceLevelSummary>
<ServiceLevelCode>1</ServiceLevelCode>
<FGMSalesTotals>
<FuelGradeSalesVolume>5.08</FuelGradeSalesVolume>
<FuelGradeSalesAmount>16.56</FuelGradeSalesAmount>
<DiscountAmount>0</DiscountAmount>
<DiscountCount>0</DiscountCount>
</FGMSalesTotals>
</FGMServiceLevelSummary>
</FGMSellPriceSummary>
</FGMTenderSummary>
</FGMDetail>
<FGMDetail>
<FuelGradeID>002</FuelGradeID>
<FGMTenderSummary>
<Tender>
<TenderCode>debitCards</TenderCode>
<TenderSubCode>generic</TenderSubCode>
</Tender>
<FGMSellPriceSummary>
<ActualSalesPrice>3.259</ActualSalesPrice>
<FGMServiceLevelSummary>
<ServiceLevelCode>1</ServiceLevelCode>
<FGMSalesTotals>
<FuelGradeSalesVolume>13.808</FuelGradeSalesVolume>
<FuelGradeSalesAmount>45</FuelGradeSalesAmount>
<DiscountAmount>0</DiscountAmount>
<DiscountCount>0</DiscountCount>
</FGMSalesTotals>
</FGMServiceLevelSummary>
</FGMSellPriceSummary>
</FGMTenderSummary>
</FGMDetail>
<FGMDetail>
<FuelGradeID>002</FuelGradeID>
<FGMTenderSummary>
<Tender>
<TenderCode>outsideCredit</TenderCode>
<TenderSubCode>generic</TenderSubCode>
</Tender>
<FGMSellPriceSummary>
<ActualSalesPrice>3.259</ActualSalesPrice>
<FGMServiceLevelSummary>
<ServiceLevelCode>1</ServiceLevelCode>
<FGMSalesTotals>
<FuelGradeSalesVolume>312.345</FuelGradeSalesVolume>
<FuelGradeSalesAmount>1017.95</FuelGradeSalesAmount>
<DiscountAmount>0</DiscountAmount>
<DiscountCount>0</DiscountCount>
</FGMSalesTotals>
</FGMServiceLevelSummary>
</FGMSellPriceSummary>
</FGMTenderSummary>
</FGMDetail>
<FGMDetail>
<FuelGradeID>002</FuelGradeID>
<FGMTenderSummary>
<Tender>
<TenderCode>outsideDebit</TenderCode>
<TenderSubCode>generic</TenderSubCode>
</Tender>
<FGMSellPriceSummary>
<ActualSalesPrice>3.259</ActualSalesPrice>
<FGMServiceLevelSummary>
<ServiceLevelCode>1</ServiceLevelCode>
<FGMSalesTotals>
<FuelGradeSalesVolume>114.015</FuelGradeSalesVolume>
<FuelGradeSalesAmount>371.57</FuelGradeSalesAmount>
<DiscountAmount>0</DiscountAmount>
<DiscountCount>0</DiscountCount>
</FGMSalesTotals>
</FGMServiceLevelSummary>
</FGMSellPriceSummary>
</FGMTenderSummary>
</FGMDetail>
<FGMDetail>
<FuelGradeID>003</FuelGradeID>
<FGMTenderSummary>
<Tender>
<TenderCode>cash</TenderCode>
<TenderSubCode>generic</TenderSubCode>
</Tender>
<FGMSellPriceSummary>
<ActualSalesPrice>3.359</ActualSalesPrice>
<FGMServiceLevelSummary>
<ServiceLevelCode>1</ServiceLevelCode>
<FGMSalesTotals>
<FuelGradeSalesVolume>50.214</FuelGradeSalesVolume>
<FuelGradeSalesAmount>168.66</FuelGradeSalesAmount>
<DiscountAmount>0</DiscountAmount>
<DiscountCount>0</DiscountCount>
</FGMSalesTotals>
</FGMServiceLevelSummary>
</FGMSellPriceSummary>
</FGMTenderSummary>
</FGMDetail>
<FGMDetail>
<FuelGradeID>003</FuelGradeID>
<FGMTenderSummary>
<Tender>
<TenderCode>debitCards</TenderCode>
<TenderSubCode>generic</TenderSubCode>
</Tender>
<FGMSellPriceSummary>
<ActualSalesPrice>3.359</ActualSalesPrice>
<FGMServiceLevelSummary>
<ServiceLevelCode>1</ServiceLevelCode>
<FGMSalesTotals>
<FuelGradeSalesVolume>9.826</FuelGradeSalesVolume>
<FuelGradeSalesAmount>33</FuelGradeSalesAmount>
<DiscountAmount>0</DiscountAmount>
<DiscountCount>0</DiscountCount>
</FGMSalesTotals>
</FGMServiceLevelSummary>
</FGMSellPriceSummary>
</FGMTenderSummary>
</FGMDetail>
<FGMDetail>
<FuelGradeID>003</FuelGradeID>
<FGMTenderSummary>
<Tender>
<TenderCode>outsideCredit</TenderCode>
<TenderSubCode>generic</TenderSubCode>
</Tender>
<FGMSellPriceSummary>
<ActualSalesPrice>3.359</ActualSalesPrice>
<FGMServiceLevelSummary>
<ServiceLevelCode>1</ServiceLevelCode>
<FGMSalesTotals>
<FuelGradeSalesVolume>705.633</FuelGradeSalesVolume>
<FuelGradeSalesAmount>2370.17</FuelGradeSalesAmount>
<DiscountAmount>1.36</DiscountAmount>
<DiscountCount>1</DiscountCount>
</FGMSalesTotals>
</FGMServiceLevelSummary>
</FGMSellPriceSummary>
</FGMTenderSummary>
</FGMDetail>
<FGMDetail>
<FuelGradeID>003</FuelGradeID>
<FGMTenderSummary>
<Tender>
<TenderCode>outsideDebit</TenderCode>
<TenderSubCode>generic</TenderSubCode>
</Tender>
<FGMSellPriceSummary>
<ActualSalesPrice>3.359</ActualSalesPrice>
<FGMServiceLevelSummary>
<ServiceLevelCode>1</ServiceLevelCode>
<FGMSalesTotals>
<FuelGradeSalesVolume>279.08</FuelGradeSalesVolume>
<FuelGradeSalesAmount>937.43</FuelGradeSalesAmount>
<DiscountAmount>0.75</DiscountAmount>
<DiscountCount>1</DiscountCount>
</FGMSalesTotals>
</FGMServiceLevelSummary>
</FGMSellPriceSummary>
</FGMTenderSummary>
</FGMDetail>
<FGMDetail>
<FuelGradeID>004</FuelGradeID>
<FGMTenderSummary>
<Tender>
<TenderCode>creditCards</TenderCode>
<TenderSubCode>generic</TenderSubCode>
</Tender>
<FGMSellPriceSummary>
<ActualSalesPrice>2.999</ActualSalesPrice>
<FGMServiceLevelSummary>
<ServiceLevelCode>1</ServiceLevelCode>
<FGMSalesTotals>
<FuelGradeSalesVolume>16.672</FuelGradeSalesVolume>
<FuelGradeSalesAmount>50</FuelGradeSalesAmount>
<DiscountAmount>0</DiscountAmount>
<DiscountCount>0</DiscountCount>
</FGMSalesTotals>
</FGMServiceLevelSummary>
</FGMSellPriceSummary>
</FGMTenderSummary>
</FGMDetail>
<FGMDetail>
<FuelGradeID>004</FuelGradeID>
<FGMTenderSummary>
<Tender>
<TenderCode>debitCards</TenderCode>
<TenderSubCode>generic</TenderSubCode>
</Tender>
<FGMSellPriceSummary>
<ActualSalesPrice>2.999</ActualSalesPrice>
<FGMServiceLevelSummary>
<ServiceLevelCode>1</ServiceLevelCode>
<FGMSalesTotals>
<FuelGradeSalesVolume>3.334</FuelGradeSalesVolume>
<FuelGradeSalesAmount>10</FuelGradeSalesAmount>
<DiscountAmount>0</DiscountAmount>
<DiscountCount>0</DiscountCount>
</FGMSalesTotals>
</FGMServiceLevelSummary>
</FGMSellPriceSummary>
</FGMTenderSummary>
</FGMDetail>
<FGMDetail>
<FuelGradeID>004</FuelGradeID>
<FGMTenderSummary>
<Tender>
<TenderCode>outsideCredit</TenderCode>
<TenderSubCode>generic</TenderSubCode>
</Tender>
<FGMSellPriceSummary>
<ActualSalesPrice>2.999</ActualSalesPrice>
<FGMServiceLevelSummary>
<ServiceLevelCode>1</ServiceLevelCode>
<FGMSalesTotals>
<FuelGradeSalesVolume>128.433</FuelGradeSalesVolume>
<FuelGradeSalesAmount>385.18</FuelGradeSalesAmount>
<DiscountAmount>0</DiscountAmount>
<DiscountCount>0</DiscountCount>
</FGMSalesTotals>
</FGMServiceLevelSummary>
</FGMSellPriceSummary>
</FGMTenderSummary>
</FGMDetail>
<FGMDetail>
<FuelGradeID>004</FuelGradeID>
<FGMTenderSummary>
<Tender>
<TenderCode>outsideDebit</TenderCode>
<TenderSubCode>generic</TenderSubCode>
</Tender>
<FGMSellPriceSummary>
<ActualSalesPrice>2.999</ActualSalesPrice>
<FGMServiceLevelSummary>
<ServiceLevelCode>1</ServiceLevelCode>
<FGMSalesTotals>
<FuelGradeSalesVolume>24.197</FuelGradeSalesVolume>
<FuelGradeSalesAmount>72.57</FuelGradeSalesAmount>
<DiscountAmount>0</DiscountAmount>
<DiscountCount>0</DiscountCount>
</FGMSalesTotals>
</FGMServiceLevelSummary>
</FGMSellPriceSummary>
</FGMTenderSummary>
</FGMDetail>
</FuelGradeMovement>
</NAXML-MovementReport>
