<?xml version="1.0" encoding="ISO-8859-1"?>
<NAXML-MovementReport version="3.4">
<TransmissionHeader>
<StoreLocationID>299</StoreLocationID>
<VendorName>Gilbarco-VeederRoot</VendorName>
<VendorModelVersion>10.10.27.03B</VendorModelVersion>
</TransmissionHeader>
<FuelGradeMovement>
<MovementHeader>
<ReportSequenceNumber>1</ReportSequenceNumber>
<PrimaryReportPeriod>98</PrimaryReportPeriod>
<SecondaryReportPeriod>0</SecondaryReportPeriod>
<BusinessDate>2017-08-22</BusinessDate>
<BeginDate>2017-08-22</BeginDate>
<BeginTime>22:46:22</BeginTime>
<EndDate>2017-08-23</EndDate>
<EndTime>22:47:43</EndTime>
</MovementHeader>
<SalesMovementHeader>
<RegisterID>1</RegisterID>
<CashierID>2</CashierID>
<TillID>2083</TillID>
</SalesMovementHeader>
<FGMDetail>
<FuelGradeID>001</FuelGradeID>
<FGMPositionSummary>
<FuelPositionID>1</FuelPositionID>
<FGMSalesTotals>
<FuelGradeSalesVolume>0</FuelGradeSalesVolume>
<FuelGradeSalesAmount>0</FuelGradeSalesAmount>
<PumpTestTotals>
<PumpTestAmount>0</PumpTestAmount>
<PumpTestVolume>0</PumpTestVolume>
<ReturnTankID/>
</PumpTestTotals>
<TaxExemptSalesVolume>0</TaxExemptSalesVolume>
<DiscountAmount>0</DiscountAmount>
<DiscountCount>0</DiscountCount>
<DispenserDiscountAmount>0</DispenserDiscountAmount>
<DispenserDiscountCount>0</DispenserDiscountCount>
</FGMSalesTotals>
</FGMPositionSummary>
<FGMPositionSummary>
<FuelPositionID>2</FuelPositionID>
<FGMSalesTotals>
<FuelGradeSalesVolume>0</FuelGradeSalesVolume>
<FuelGradeSalesAmount>0</FuelGradeSalesAmount>
<PumpTestTotals>
<PumpTestAmount>0</PumpTestAmount>
<PumpTestVolume>0</PumpTestVolume>
<ReturnTankID/>
</PumpTestTotals>
<TaxExemptSalesVolume>0</TaxExemptSalesVolume>
<DiscountAmount>0</DiscountAmount>
<DiscountCount>0</DiscountCount>
<DispenserDiscountAmount>0</DispenserDiscountAmount>
<DispenserDiscountCount>0</DispenserDiscountCount>
</FGMSalesTotals>
</FGMPositionSummary>
<FGMPositionSummary>
<FuelPositionID>3</FuelPositionID>
<FGMSalesTotals>
<FuelGradeSalesVolume>17.412</FuelGradeSalesVolume>
<FuelGradeSalesAmount>55</FuelGradeSalesAmount>
<PumpTestTotals>
<PumpTestAmount>0</PumpTestAmount>
<PumpTestVolume>0</PumpTestVolume>
<ReturnTankID/>
</PumpTestTotals>
<TaxExemptSalesVolume>0</TaxExemptSalesVolume>
<DiscountAmount>0</DiscountAmount>
<DiscountCount>0</DiscountCount>
<DispenserDiscountAmount>0</DispenserDiscountAmount>
<DispenserDiscountCount>0</DispenserDiscountCount>
</FGMSalesTotals>
</FGMPositionSummary>
<FGMPositionSummary>
<FuelPositionID>4</FuelPositionID>
<FGMSalesTotals>
<FuelGradeSalesVolume>8.548</FuelGradeSalesVolume>
<FuelGradeSalesAmount>27</FuelGradeSalesAmount>
<PumpTestTotals>
<PumpTestAmount>0</PumpTestAmount>
<PumpTestVolume>0</PumpTestVolume>
<ReturnTankID/>
</PumpTestTotals>
<TaxExemptSalesVolume>0</TaxExemptSalesVolume>
<DiscountAmount>0</DiscountAmount>
<DiscountCount>0</DiscountCount>
<DispenserDiscountAmount>0</DispenserDiscountAmount>
<DispenserDiscountCount>0</DispenserDiscountCount>
</FGMSalesTotals>
</FGMPositionSummary>
<FGMPositionSummary>
<FuelPositionID>5</FuelPositionID>
<FGMSalesTotals>
<FuelGradeSalesVolume>0</FuelGradeSalesVolume>
<FuelGradeSalesAmount>0</FuelGradeSalesAmount>
<PumpTestTotals>
<PumpTestAmount>0</PumpTestAmount>
<PumpTestVolume>0</PumpTestVolume>
<ReturnTankID/>
</PumpTestTotals>
<TaxExemptSalesVolume>0</TaxExemptSalesVolume>
<DiscountAmount>0</DiscountAmount>
<DiscountCount>0</DiscountCount>
<DispenserDiscountAmount>0</DispenserDiscountAmount>
<DispenserDiscountCount>0</DispenserDiscountCount>
</FGMSalesTotals>
</FGMPositionSummary>
<FGMPositionSummary>
<FuelPositionID>6</FuelPositionID>
<FGMSalesTotals>
<FuelGradeSalesVolume>6.332</FuelGradeSalesVolume>
<FuelGradeSalesAmount>20</FuelGradeSalesAmount>
<PumpTestTotals>
<PumpTestAmount>0</PumpTestAmount>
<PumpTestVolume>0</PumpTestVolume>
<ReturnTankID/>
</PumpTestTotals>
<TaxExemptSalesVolume>0</TaxExemptSalesVolume>
<DiscountAmount>0</DiscountAmount>
<DiscountCount>0</DiscountCount>
<DispenserDiscountAmount>0</DispenserDiscountAmount>
<DispenserDiscountCount>0</DispenserDiscountCount>
</FGMSalesTotals>
</FGMPositionSummary>
<FGMPositionSummary>
<FuelPositionID>7</FuelPositionID>
<FGMSalesTotals>
<FuelGradeSalesVolume>3.166</FuelGradeSalesVolume>
<FuelGradeSalesAmount>10</FuelGradeSalesAmount>
<PumpTestTotals>
<PumpTestAmount>0</PumpTestAmount>
<PumpTestVolume>0</PumpTestVolume>
<ReturnTankID/>
</PumpTestTotals>
<TaxExemptSalesVolume>0</TaxExemptSalesVolume>
<DiscountAmount>0</DiscountAmount>
<DiscountCount>0</DiscountCount>
<DispenserDiscountAmount>0</DispenserDiscountAmount>
<DispenserDiscountCount>0</DispenserDiscountCount>
</FGMSalesTotals>
</FGMPositionSummary>
<FGMPositionSummary>
<FuelPositionID>8</FuelPositionID>
<FGMSalesTotals>
<FuelGradeSalesVolume>0</FuelGradeSalesVolume>
<FuelGradeSalesAmount>0</FuelGradeSalesAmount>
<PumpTestTotals>
<PumpTestAmount>0</PumpTestAmount>
<PumpTestVolume>0</PumpTestVolume>
<ReturnTankID/>
</PumpTestTotals>
<TaxExemptSalesVolume>0</TaxExemptSalesVolume>
<DiscountAmount>0</DiscountAmount>
<DiscountCount>0</DiscountCount>
<DispenserDiscountAmount>0</DispenserDiscountAmount>
<DispenserDiscountCount>0</DispenserDiscountCount>
</FGMSalesTotals>
</FGMPositionSummary>
</FGMDetail>
<FGMDetail>
<FuelGradeID>002</FuelGradeID>
<FGMPositionSummary>
<FuelPositionID>1</FuelPositionID>
<FGMSalesTotals>
<FuelGradeSalesVolume>0</FuelGradeSalesVolume>
<FuelGradeSalesAmount>0</FuelGradeSalesAmount>
<PumpTestTotals>
<PumpTestAmount>0</PumpTestAmount>
<PumpTestVolume>0</PumpTestVolume>
<ReturnTankID/>
</PumpTestTotals>
<TaxExemptSalesVolume>0</TaxExemptSalesVolume>
<DiscountAmount>0</DiscountAmount>
<DiscountCount>0</DiscountCount>
<DispenserDiscountAmount>0</DispenserDiscountAmount>
<DispenserDiscountCount>0</DispenserDiscountCount>
</FGMSalesTotals>
</FGMPositionSummary>
<FGMPositionSummary>
<FuelPositionID>2</FuelPositionID>
<FGMSalesTotals>
<FuelGradeSalesVolume>0</FuelGradeSalesVolume>
<FuelGradeSalesAmount>0</FuelGradeSalesAmount>
<PumpTestTotals>
<PumpTestAmount>0</PumpTestAmount>
<PumpTestVolume>0</PumpTestVolume>
<ReturnTankID/>
</PumpTestTotals>
<TaxExemptSalesVolume>0</TaxExemptSalesVolume>
<DiscountAmount>0</DiscountAmount>
<DiscountCount>0</DiscountCount>
<DispenserDiscountAmount>0</DispenserDiscountAmount>
<DispenserDiscountCount>0</DispenserDiscountCount>
</FGMSalesTotals>
</FGMPositionSummary>
<FGMPositionSummary>
<FuelPositionID>3</FuelPositionID>
<FGMSalesTotals>
<FuelGradeSalesVolume>0</FuelGradeSalesVolume>
<FuelGradeSalesAmount>0</FuelGradeSalesAmount>
<PumpTestTotals>
<PumpTestAmount>0</PumpTestAmount>
<PumpTestVolume>0</PumpTestVolume>
<ReturnTankID/>
</PumpTestTotals>
<TaxExemptSalesVolume>0</TaxExemptSalesVolume>
<DiscountAmount>0</DiscountAmount>
<DiscountCount>0</DiscountCount>
<DispenserDiscountAmount>0</DispenserDiscountAmount>
<DispenserDiscountCount>0</DispenserDiscountCount>
</FGMSalesTotals>
</FGMPositionSummary>
<FGMPositionSummary>
<FuelPositionID>4</FuelPositionID>
<FGMSalesTotals>
<FuelGradeSalesVolume>10.894</FuelGradeSalesVolume>
<FuelGradeSalesAmount>35.5</FuelGradeSalesAmount>
<PumpTestTotals>
<PumpTestAmount>0</PumpTestAmount>
<PumpTestVolume>0</PumpTestVolume>
<ReturnTankID/>
</PumpTestTotals>
<TaxExemptSalesVolume>0</TaxExemptSalesVolume>
<DiscountAmount>0</DiscountAmount>
<DiscountCount>0</DiscountCount>
<DispenserDiscountAmount>0</DispenserDiscountAmount>
<DispenserDiscountCount>0</DispenserDiscountCount>
</FGMSalesTotals>
</FGMPositionSummary>
<FGMPositionSummary>
<FuelPositionID>5</FuelPositionID>
<FGMSalesTotals>
<FuelGradeSalesVolume>0</FuelGradeSalesVolume>
<FuelGradeSalesAmount>0</FuelGradeSalesAmount>
<PumpTestTotals>
<PumpTestAmount>0</PumpTestAmount>
<PumpTestVolume>0</PumpTestVolume>
<ReturnTankID/>
</PumpTestTotals>
<TaxExemptSalesVolume>0</TaxExemptSalesVolume>
<DiscountAmount>0</DiscountAmount>
<DiscountCount>0</DiscountCount>
<DispenserDiscountAmount>0</DispenserDiscountAmount>
<DispenserDiscountCount>0</DispenserDiscountCount>
</FGMSalesTotals>
</FGMPositionSummary>
<FGMPositionSummary>
<FuelPositionID>6</FuelPositionID>
<FGMSalesTotals>
<FuelGradeSalesVolume>0</FuelGradeSalesVolume>
<FuelGradeSalesAmount>0</FuelGradeSalesAmount>
<PumpTestTotals>
<PumpTestAmount>0</PumpTestAmount>
<PumpTestVolume>0</PumpTestVolume>
<ReturnTankID/>
</PumpTestTotals>
<TaxExemptSalesVolume>0</TaxExemptSalesVolume>
<DiscountAmount>0</DiscountAmount>
<DiscountCount>0</DiscountCount>
<DispenserDiscountAmount>0</DispenserDiscountAmount>
<DispenserDiscountCount>0</DispenserDiscountCount>
</FGMSalesTotals>
</FGMPositionSummary>
<FGMPositionSummary>
<FuelPositionID>7</FuelPositionID>
<FGMSalesTotals>
<FuelGradeSalesVolume>0</FuelGradeSalesVolume>
<FuelGradeSalesAmount>0</FuelGradeSalesAmount>
<PumpTestTotals>
<PumpTestAmount>0</PumpTestAmount>
<PumpTestVolume>0</PumpTestVolume>
<ReturnTankID/>
</PumpTestTotals>
<TaxExemptSalesVolume>0</TaxExemptSalesVolume>
<DiscountAmount>0</DiscountAmount>
<DiscountCount>0</DiscountCount>
<DispenserDiscountAmount>0</DispenserDiscountAmount>
<DispenserDiscountCount>0</DispenserDiscountCount>
</FGMSalesTotals>
</FGMPositionSummary>
<FGMPositionSummary>
<FuelPositionID>8</FuelPositionID>
<FGMSalesTotals>
<FuelGradeSalesVolume>0</FuelGradeSalesVolume>
<FuelGradeSalesAmount>0</FuelGradeSalesAmount>
<PumpTestTotals>
<PumpTestAmount>0</PumpTestAmount>
<PumpTestVolume>0</PumpTestVolume>
<ReturnTankID/>
</PumpTestTotals>
<TaxExemptSalesVolume>0</TaxExemptSalesVolume>
<DiscountAmount>0</DiscountAmount>
<DiscountCount>0</DiscountCount>
<DispenserDiscountAmount>0</DispenserDiscountAmount>
<DispenserDiscountCount>0</DispenserDiscountCount>
</FGMSalesTotals>
</FGMPositionSummary>
</FGMDetail>
<FGMDetail>
<FuelGradeID>003</FuelGradeID>
<FGMPositionSummary>
<FuelPositionID>1</FuelPositionID>
<FGMSalesTotals>
<FuelGradeSalesVolume>0</FuelGradeSalesVolume>
<FuelGradeSalesAmount>0</FuelGradeSalesAmount>
<PumpTestTotals>
<PumpTestAmount>0</PumpTestAmount>
<PumpTestVolume>0</PumpTestVolume>
<ReturnTankID/>
</PumpTestTotals>
<TaxExemptSalesVolume>0</TaxExemptSalesVolume>
<DiscountAmount>0</DiscountAmount>
<DiscountCount>0</DiscountCount>
<DispenserDiscountAmount>0</DispenserDiscountAmount>
<DispenserDiscountCount>0</DispenserDiscountCount>
</FGMSalesTotals>
</FGMPositionSummary>
<FGMPositionSummary>
<FuelPositionID>2</FuelPositionID>
<FGMSalesTotals>
<FuelGradeSalesVolume>0</FuelGradeSalesVolume>
<FuelGradeSalesAmount>0</FuelGradeSalesAmount>
<PumpTestTotals>
<PumpTestAmount>0</PumpTestAmount>
<PumpTestVolume>0</PumpTestVolume>
<ReturnTankID/>
</PumpTestTotals>
<TaxExemptSalesVolume>0</TaxExemptSalesVolume>
<DiscountAmount>0</DiscountAmount>
<DiscountCount>0</DiscountCount>
<DispenserDiscountAmount>0</DispenserDiscountAmount>
<DispenserDiscountCount>0</DispenserDiscountCount>
</FGMSalesTotals>
</FGMPositionSummary>
<FGMPositionSummary>
<FuelPositionID>3</FuelPositionID>
<FGMSalesTotals>
<FuelGradeSalesVolume>0</FuelGradeSalesVolume>
<FuelGradeSalesAmount>0</FuelGradeSalesAmount>
<PumpTestTotals>
<PumpTestAmount>0</PumpTestAmount>
<PumpTestVolume>0</PumpTestVolume>
<ReturnTankID/>
</PumpTestTotals>
<TaxExemptSalesVolume>0</TaxExemptSalesVolume>
<DiscountAmount>0</DiscountAmount>
<DiscountCount>0</DiscountCount>
<DispenserDiscountAmount>0</DispenserDiscountAmount>
<DispenserDiscountCount>0</DispenserDiscountCount>
</FGMSalesTotals>
</FGMPositionSummary>
<FGMPositionSummary>
<FuelPositionID>4</FuelPositionID>
<FGMSalesTotals>
<FuelGradeSalesVolume>0</FuelGradeSalesVolume>
<FuelGradeSalesAmount>0</FuelGradeSalesAmount>
<PumpTestTotals>
<PumpTestAmount>0</PumpTestAmount>
<PumpTestVolume>0</PumpTestVolume>
<ReturnTankID/>
</PumpTestTotals>
<TaxExemptSalesVolume>0</TaxExemptSalesVolume>
<DiscountAmount>0</DiscountAmount>
<DiscountCount>0</DiscountCount>
<DispenserDiscountAmount>0</DispenserDiscountAmount>
<DispenserDiscountCount>0</DispenserDiscountCount>
</FGMSalesTotals>
</FGMPositionSummary>
<FGMPositionSummary>
<FuelPositionID>5</FuelPositionID>
<FGMSalesTotals>
<FuelGradeSalesVolume>5.954</FuelGradeSalesVolume>
<FuelGradeSalesAmount>20</FuelGradeSalesAmount>
<PumpTestTotals>
<PumpTestAmount>0</PumpTestAmount>
<PumpTestVolume>0</PumpTestVolume>
<ReturnTankID/>
</PumpTestTotals>
<TaxExemptSalesVolume>0</TaxExemptSalesVolume>
<DiscountAmount>0</DiscountAmount>
<DiscountCount>0</DiscountCount>
<DispenserDiscountAmount>0</DispenserDiscountAmount>
<DispenserDiscountCount>0</DispenserDiscountCount>
</FGMSalesTotals>
</FGMPositionSummary>
<FGMPositionSummary>
<FuelPositionID>6</FuelPositionID>
<FGMSalesTotals>
<FuelGradeSalesVolume>0</FuelGradeSalesVolume>
<FuelGradeSalesAmount>0</FuelGradeSalesAmount>
<PumpTestTotals>
<PumpTestAmount>0</PumpTestAmount>
<PumpTestVolume>0</PumpTestVolume>
<ReturnTankID/>
</PumpTestTotals>
<TaxExemptSalesVolume>0</TaxExemptSalesVolume>
<DiscountAmount>0</DiscountAmount>
<DiscountCount>0</DiscountCount>
<DispenserDiscountAmount>0</DispenserDiscountAmount>
<DispenserDiscountCount>0</DispenserDiscountCount>
</FGMSalesTotals>
</FGMPositionSummary>
<FGMPositionSummary>
<FuelPositionID>7</FuelPositionID>
<FGMSalesTotals>
<FuelGradeSalesVolume>0</FuelGradeSalesVolume>
<FuelGradeSalesAmount>0</FuelGradeSalesAmount>
<PumpTestTotals>
<PumpTestAmount>0</PumpTestAmount>
<PumpTestVolume>0</PumpTestVolume>
<ReturnTankID/>
</PumpTestTotals>
<TaxExemptSalesVolume>0</TaxExemptSalesVolume>
<DiscountAmount>0</DiscountAmount>
<DiscountCount>0</DiscountCount>
<DispenserDiscountAmount>0</DispenserDiscountAmount>
<DispenserDiscountCount>0</DispenserDiscountCount>
</FGMSalesTotals>
</FGMPositionSummary>
<FGMPositionSummary>
<FuelPositionID>8</FuelPositionID>
<FGMSalesTotals>
<FuelGradeSalesVolume>0</FuelGradeSalesVolume>
<FuelGradeSalesAmount>0</FuelGradeSalesAmount>
<PumpTestTotals>
<PumpTestAmount>0</PumpTestAmount>
<PumpTestVolume>0</PumpTestVolume>
<ReturnTankID/>
</PumpTestTotals>
<TaxExemptSalesVolume>0</TaxExemptSalesVolume>
<DiscountAmount>0</DiscountAmount>
<DiscountCount>0</DiscountCount>
<DispenserDiscountAmount>0</DispenserDiscountAmount>
<DispenserDiscountCount>0</DispenserDiscountCount>
</FGMSalesTotals>
</FGMPositionSummary>
</FGMDetail>
<FGMDetail>
<FuelGradeID>004</FuelGradeID>
<FGMPositionSummary>
<FuelPositionID>1</FuelPositionID>
<FGMSalesTotals>
<FuelGradeSalesVolume>0</FuelGradeSalesVolume>
<FuelGradeSalesAmount>0</FuelGradeSalesAmount>
<PumpTestTotals>
<PumpTestAmount>0</PumpTestAmount>
<PumpTestVolume>0</PumpTestVolume>
<ReturnTankID/>
</PumpTestTotals>
<TaxExemptSalesVolume>0</TaxExemptSalesVolume>
<DiscountAmount>0</DiscountAmount>
<DiscountCount>0</DiscountCount>
<DispenserDiscountAmount>0</DispenserDiscountAmount>
<DispenserDiscountCount>0</DispenserDiscountCount>
</FGMSalesTotals>
</FGMPositionSummary>
<FGMPositionSummary>
<FuelPositionID>2</FuelPositionID>
<FGMSalesTotals>
<FuelGradeSalesVolume>0</FuelGradeSalesVolume>
<FuelGradeSalesAmount>0</FuelGradeSalesAmount>
<PumpTestTotals>
<PumpTestAmount>0</PumpTestAmount>
<PumpTestVolume>0</PumpTestVolume>
<ReturnTankID/>
</PumpTestTotals>
<TaxExemptSalesVolume>0</TaxExemptSalesVolume>
<DiscountAmount>0</DiscountAmount>
<DiscountCount>0</DiscountCount>
<DispenserDiscountAmount>0</DispenserDiscountAmount>
<DispenserDiscountCount>0</DispenserDiscountCount>
</FGMSalesTotals>
</FGMPositionSummary>
</FGMDetail>
</FuelGradeMovement>
<FuelGradeMovement>
<MovementHeader>
<ReportSequenceNumber>1</ReportSequenceNumber>
<PrimaryReportPeriod>98</PrimaryReportPeriod>
<SecondaryReportPeriod>0</SecondaryReportPeriod>
<BusinessDate>2017-08-22</BusinessDate>
<BeginDate>2017-08-22</BeginDate>
<BeginTime>22:46:22</BeginTime>
<EndDate>2017-08-23</EndDate>
<EndTime>22:47:43</EndTime>
</MovementHeader>
<SalesMovementHeader>
<RegisterID>1</RegisterID>
<CashierID>3</CashierID>
<TillID>2084</TillID>
</SalesMovementHeader>
<FGMDetail>
<FuelGradeID>001</FuelGradeID>
<FGMPositionSummary>
<FuelPositionID>1</FuelPositionID>
<FGMSalesTotals>
<FuelGradeSalesVolume>21.514</FuelGradeSalesVolume>
<FuelGradeSalesAmount>67.96</FuelGradeSalesAmount>
<PumpTestTotals>
<PumpTestAmount>0</PumpTestAmount>
<PumpTestVolume>0</PumpTestVolume>
<ReturnTankID/>
</PumpTestTotals>
<TaxExemptSalesVolume>0</TaxExemptSalesVolume>
<DiscountAmount>0</DiscountAmount>
<DiscountCount>0</DiscountCount>
<DispenserDiscountAmount>0</DispenserDiscountAmount>
<DispenserDiscountCount>0</DispenserDiscountCount>
</FGMSalesTotals>
</FGMPositionSummary>
<FGMPositionSummary>
<FuelPositionID>2</FuelPositionID>
<FGMSalesTotals>
<FuelGradeSalesVolume>10.762</FuelGradeSalesVolume>
<FuelGradeSalesAmount>34</FuelGradeSalesAmount>
<PumpTestTotals>
<PumpTestAmount>0</PumpTestAmount>
<PumpTestVolume>0</PumpTestVolume>
<ReturnTankID/>
</PumpTestTotals>
<TaxExemptSalesVolume>0</TaxExemptSalesVolume>
<DiscountAmount>0</DiscountAmount>
<DiscountCount>0</DiscountCount>
<DispenserDiscountAmount>0</DispenserDiscountAmount>
<DispenserDiscountCount>0</DispenserDiscountCount>
</FGMSalesTotals>
</FGMPositionSummary>
<FGMPositionSummary>
<FuelPositionID>3</FuelPositionID>
<FGMSalesTotals>
<FuelGradeSalesVolume>0</FuelGradeSalesVolume>
<FuelGradeSalesAmount>0</FuelGradeSalesAmount>
<PumpTestTotals>
<PumpTestAmount>0</PumpTestAmount>
<PumpTestVolume>0</PumpTestVolume>
<ReturnTankID/>
</PumpTestTotals>
<TaxExemptSalesVolume>0</TaxExemptSalesVolume>
<DiscountAmount>0</DiscountAmount>
<DiscountCount>0</DiscountCount>
<DispenserDiscountAmount>0</DispenserDiscountAmount>
<DispenserDiscountCount>0</DispenserDiscountCount>
</FGMSalesTotals>
</FGMPositionSummary>
<FGMPositionSummary>
<FuelPositionID>4</FuelPositionID>
<FGMSalesTotals>
<FuelGradeSalesVolume>9.498</FuelGradeSalesVolume>
<FuelGradeSalesAmount>30</FuelGradeSalesAmount>
<PumpTestTotals>
<PumpTestAmount>0</PumpTestAmount>
<PumpTestVolume>0</PumpTestVolume>
<ReturnTankID/>
</PumpTestTotals>
<TaxExemptSalesVolume>0</TaxExemptSalesVolume>
<DiscountAmount>0</DiscountAmount>
<DiscountCount>0</DiscountCount>
<DispenserDiscountAmount>0</DispenserDiscountAmount>
<DispenserDiscountCount>0</DispenserDiscountCount>
</FGMSalesTotals>
</FGMPositionSummary>
<FGMPositionSummary>
<FuelPositionID>5</FuelPositionID>
<FGMSalesTotals>
<FuelGradeSalesVolume>0</FuelGradeSalesVolume>
<FuelGradeSalesAmount>0</FuelGradeSalesAmount>
<PumpTestTotals>
<PumpTestAmount>0</PumpTestAmount>
<PumpTestVolume>0</PumpTestVolume>
<ReturnTankID/>
</PumpTestTotals>
<TaxExemptSalesVolume>0</TaxExemptSalesVolume>
<DiscountAmount>0</DiscountAmount>
<DiscountCount>0</DiscountCount>
<DispenserDiscountAmount>0</DispenserDiscountAmount>
<DispenserDiscountCount>0</DispenserDiscountCount>
</FGMSalesTotals>
</FGMPositionSummary>
<FGMPositionSummary>
<FuelPositionID>6</FuelPositionID>
<FGMSalesTotals>
<FuelGradeSalesVolume>31.34</FuelGradeSalesVolume>
<FuelGradeSalesAmount>99</FuelGradeSalesAmount>
<PumpTestTotals>
<PumpTestAmount>0</PumpTestAmount>
<PumpTestVolume>0</PumpTestVolume>
<ReturnTankID/>
</PumpTestTotals>
<TaxExemptSalesVolume>0</TaxExemptSalesVolume>
<DiscountAmount>0</DiscountAmount>
<DiscountCount>0</DiscountCount>
<DispenserDiscountAmount>0</DispenserDiscountAmount>
<DispenserDiscountCount>0</DispenserDiscountCount>
</FGMSalesTotals>
</FGMPositionSummary>
<FGMPositionSummary>
<FuelPositionID>7</FuelPositionID>
<FGMSalesTotals>
<FuelGradeSalesVolume>14.246</FuelGradeSalesVolume>
<FuelGradeSalesAmount>45</FuelGradeSalesAmount>
<PumpTestTotals>
<PumpTestAmount>0</PumpTestAmount>
<PumpTestVolume>0</PumpTestVolume>
<ReturnTankID/>
</PumpTestTotals>
<TaxExemptSalesVolume>0</TaxExemptSalesVolume>
<DiscountAmount>0</DiscountAmount>
<DiscountCount>0</DiscountCount>
<DispenserDiscountAmount>0</DispenserDiscountAmount>
<DispenserDiscountCount>0</DispenserDiscountCount>
</FGMSalesTotals>
</FGMPositionSummary>
<FGMPositionSummary>
<FuelPositionID>8</FuelPositionID>
<FGMSalesTotals>
<FuelGradeSalesVolume>16.03</FuelGradeSalesVolume>
<FuelGradeSalesAmount>50.64</FuelGradeSalesAmount>
<PumpTestTotals>
<PumpTestAmount>0</PumpTestAmount>
<PumpTestVolume>0</PumpTestVolume>
<ReturnTankID/>
</PumpTestTotals>
<TaxExemptSalesVolume>0</TaxExemptSalesVolume>
<DiscountAmount>0</DiscountAmount>
<DiscountCount>0</DiscountCount>
<DispenserDiscountAmount>0</DispenserDiscountAmount>
<DispenserDiscountCount>0</DispenserDiscountCount>
</FGMSalesTotals>
</FGMPositionSummary>
</FGMDetail>
<FGMDetail>
<FuelGradeID>002</FuelGradeID>
<FGMPositionSummary>
<FuelPositionID>1</FuelPositionID>
<FGMSalesTotals>
<FuelGradeSalesVolume>10.74</FuelGradeSalesVolume>
<FuelGradeSalesAmount>35</FuelGradeSalesAmount>
<PumpTestTotals>
<PumpTestAmount>0</PumpTestAmount>
<PumpTestVolume>0</PumpTestVolume>
<ReturnTankID/>
</PumpTestTotals>
<TaxExemptSalesVolume>0</TaxExemptSalesVolume>
<DiscountAmount>0</DiscountAmount>
<DiscountCount>0</DiscountCount>
<DispenserDiscountAmount>0</DispenserDiscountAmount>
<DispenserDiscountCount>0</DispenserDiscountCount>
</FGMSalesTotals>
</FGMPositionSummary>
<FGMPositionSummary>
<FuelPositionID>2</FuelPositionID>
<FGMSalesTotals>
<FuelGradeSalesVolume>13.808</FuelGradeSalesVolume>
<FuelGradeSalesAmount>45</FuelGradeSalesAmount>
<PumpTestTotals>
<PumpTestAmount>0</PumpTestAmount>
<PumpTestVolume>0</PumpTestVolume>
<ReturnTankID/>
</PumpTestTotals>
<TaxExemptSalesVolume>0</TaxExemptSalesVolume>
<DiscountAmount>0</DiscountAmount>
<DiscountCount>0</DiscountCount>
<DispenserDiscountAmount>0</DispenserDiscountAmount>
<DispenserDiscountCount>0</DispenserDiscountCount>
</FGMSalesTotals>
</FGMPositionSummary>
<FGMPositionSummary>
<FuelPositionID>3</FuelPositionID>
<FGMSalesTotals>
<FuelGradeSalesVolume>12.274</FuelGradeSalesVolume>
<FuelGradeSalesAmount>40</FuelGradeSalesAmount>
<PumpTestTotals>
<PumpTestAmount>0</PumpTestAmount>
<PumpTestVolume>0</PumpTestVolume>
<ReturnTankID/>
</PumpTestTotals>
<TaxExemptSalesVolume>0</TaxExemptSalesVolume>
<DiscountAmount>0</DiscountAmount>
<DiscountCount>0</DiscountCount>
<DispenserDiscountAmount>0</DispenserDiscountAmount>
<DispenserDiscountCount>0</DispenserDiscountCount>
</FGMSalesTotals>
</FGMPositionSummary>
<FGMPositionSummary>
<FuelPositionID>4</FuelPositionID>
<FGMSalesTotals>
<FuelGradeSalesVolume>0</FuelGradeSalesVolume>
<FuelGradeSalesAmount>0</FuelGradeSalesAmount>
<PumpTestTotals>
<PumpTestAmount>0</PumpTestAmount>
<PumpTestVolume>0</PumpTestVolume>
<ReturnTankID/>
</PumpTestTotals>
<TaxExemptSalesVolume>0</TaxExemptSalesVolume>
<DiscountAmount>0</DiscountAmount>
<DiscountCount>0</DiscountCount>
<DispenserDiscountAmount>0</DispenserDiscountAmount>
<DispenserDiscountCount>0</DispenserDiscountCount>
</FGMSalesTotals>
</FGMPositionSummary>
<FGMPositionSummary>
<FuelPositionID>5</FuelPositionID>
<FGMSalesTotals>
<FuelGradeSalesVolume>8.898</FuelGradeSalesVolume>
<FuelGradeSalesAmount>29</FuelGradeSalesAmount>
<PumpTestTotals>
<PumpTestAmount>0</PumpTestAmount>
<PumpTestVolume>0</PumpTestVolume>
<ReturnTankID/>
</PumpTestTotals>
<TaxExemptSalesVolume>0</TaxExemptSalesVolume>
<DiscountAmount>0</DiscountAmount>
<DiscountCount>0</DiscountCount>
<DispenserDiscountAmount>0</DispenserDiscountAmount>
<DispenserDiscountCount>0</DispenserDiscountCount>
</FGMSalesTotals>
</FGMPositionSummary>
<FGMPositionSummary>
<FuelPositionID>6</FuelPositionID>
<FGMSalesTotals>
<FuelGradeSalesVolume>0</FuelGradeSalesVolume>
<FuelGradeSalesAmount>0</FuelGradeSalesAmount>
<PumpTestTotals>
<PumpTestAmount>0</PumpTestAmount>
<PumpTestVolume>0</PumpTestVolume>
<ReturnTankID/>
</PumpTestTotals>
<TaxExemptSalesVolume>0</TaxExemptSalesVolume>
<DiscountAmount>0</DiscountAmount>
<DiscountCount>0</DiscountCount>
<DispenserDiscountAmount>0</DispenserDiscountAmount>
<DispenserDiscountCount>0</DispenserDiscountCount>
</FGMSalesTotals>
</FGMPositionSummary>
<FGMPositionSummary>
<FuelPositionID>7</FuelPositionID>
<FGMSalesTotals>
<FuelGradeSalesVolume>0</FuelGradeSalesVolume>
<FuelGradeSalesAmount>0</FuelGradeSalesAmount>
<PumpTestTotals>
<PumpTestAmount>0</PumpTestAmount>
<PumpTestVolume>0</PumpTestVolume>
<ReturnTankID/>
</PumpTestTotals>
<TaxExemptSalesVolume>0</TaxExemptSalesVolume>
<DiscountAmount>0</DiscountAmount>
<DiscountCount>0</DiscountCount>
<DispenserDiscountAmount>0</DispenserDiscountAmount>
<DispenserDiscountCount>0</DispenserDiscountCount>
</FGMSalesTotals>
</FGMPositionSummary>
<FGMPositionSummary>
<FuelPositionID>8</FuelPositionID>
<FGMSalesTotals>
<FuelGradeSalesVolume>0</FuelGradeSalesVolume>
<FuelGradeSalesAmount>0</FuelGradeSalesAmount>
<PumpTestTotals>
<PumpTestAmount>0</PumpTestAmount>
<PumpTestVolume>0</PumpTestVolume>
<ReturnTankID/>
</PumpTestTotals>
<TaxExemptSalesVolume>0</TaxExemptSalesVolume>
<DiscountAmount>0</DiscountAmount>
<DiscountCount>0</DiscountCount>
<DispenserDiscountAmount>0</DispenserDiscountAmount>
<DispenserDiscountCount>0</DispenserDiscountCount>
</FGMSalesTotals>
</FGMPositionSummary>
</FGMDetail>
<FGMDetail>
<FuelGradeID>003</FuelGradeID>
<FGMPositionSummary>
<FuelPositionID>1</FuelPositionID>
<FGMSalesTotals>
<FuelGradeSalesVolume>0</FuelGradeSalesVolume>
<FuelGradeSalesAmount>0</FuelGradeSalesAmount>
<PumpTestTotals>
<PumpTestAmount>0</PumpTestAmount>
<PumpTestVolume>0</PumpTestVolume>
<ReturnTankID/>
</PumpTestTotals>
<TaxExemptSalesVolume>0</TaxExemptSalesVolume>
<DiscountAmount>0</DiscountAmount>
<DiscountCount>0</DiscountCount>
<DispenserDiscountAmount>0</DispenserDiscountAmount>
<DispenserDiscountCount>0</DispenserDiscountCount>
</FGMSalesTotals>
</FGMPositionSummary>
<FGMPositionSummary>
<FuelPositionID>2</FuelPositionID>
<FGMSalesTotals>
<FuelGradeSalesVolume>0</FuelGradeSalesVolume>
<FuelGradeSalesAmount>0</FuelGradeSalesAmount>
<PumpTestTotals>
<PumpTestAmount>0</PumpTestAmount>
<PumpTestVolume>0</PumpTestVolume>
<ReturnTankID/>
</PumpTestTotals>
<TaxExemptSalesVolume>0</TaxExemptSalesVolume>
<DiscountAmount>0</DiscountAmount>
<DiscountCount>0</DiscountCount>
<DispenserDiscountAmount>0</DispenserDiscountAmount>
<DispenserDiscountCount>0</DispenserDiscountCount>
</FGMSalesTotals>
</FGMPositionSummary>
<FGMPositionSummary>
<FuelPositionID>3</FuelPositionID>
<FGMSalesTotals>
<FuelGradeSalesVolume>11.908</FuelGradeSalesVolume>
<FuelGradeSalesAmount>40</FuelGradeSalesAmount>
<PumpTestTotals>
<PumpTestAmount>0</PumpTestAmount>
<PumpTestVolume>0</PumpTestVolume>
<ReturnTankID/>
</PumpTestTotals>
<TaxExemptSalesVolume>0</TaxExemptSalesVolume>
<DiscountAmount>0</DiscountAmount>
<DiscountCount>0</DiscountCount>
<DispenserDiscountAmount>0</DispenserDiscountAmount>
<DispenserDiscountCount>0</DispenserDiscountCount>
</FGMSalesTotals>
</FGMPositionSummary>
<FGMPositionSummary>
<FuelPositionID>4</FuelPositionID>
<FGMSalesTotals>
<FuelGradeSalesVolume>14.886</FuelGradeSalesVolume>
<FuelGradeSalesAmount>50</FuelGradeSalesAmount>
<PumpTestTotals>
<PumpTestAmount>0</PumpTestAmount>
<PumpTestVolume>0</PumpTestVolume>
<ReturnTankID/>
</PumpTestTotals>
<TaxExemptSalesVolume>0</TaxExemptSalesVolume>
<DiscountAmount>0</DiscountAmount>
<DiscountCount>0</DiscountCount>
<DispenserDiscountAmount>0</DispenserDiscountAmount>
<DispenserDiscountCount>0</DispenserDiscountCount>
</FGMSalesTotals>
</FGMPositionSummary>
<FGMPositionSummary>
<FuelPositionID>5</FuelPositionID>
<FGMSalesTotals>
<FuelGradeSalesVolume>2.978</FuelGradeSalesVolume>
<FuelGradeSalesAmount>10</FuelGradeSalesAmount>
<PumpTestTotals>
<PumpTestAmount>0</PumpTestAmount>
<PumpTestVolume>0</PumpTestVolume>
<ReturnTankID/>
</PumpTestTotals>
<TaxExemptSalesVolume>0</TaxExemptSalesVolume>
<DiscountAmount>0</DiscountAmount>
<DiscountCount>0</DiscountCount>
<DispenserDiscountAmount>0</DispenserDiscountAmount>
<DispenserDiscountCount>0</DispenserDiscountCount>
</FGMSalesTotals>
</FGMPositionSummary>
<FGMPositionSummary>
<FuelPositionID>6</FuelPositionID>
<FGMSalesTotals>
<FuelGradeSalesVolume>0</FuelGradeSalesVolume>
<FuelGradeSalesAmount>0</FuelGradeSalesAmount>
<PumpTestTotals>
<PumpTestAmount>0</PumpTestAmount>
<PumpTestVolume>0</PumpTestVolume>
<ReturnTankID/>
</PumpTestTotals>
<TaxExemptSalesVolume>0</TaxExemptSalesVolume>
<DiscountAmount>0</DiscountAmount>
<DiscountCount>0</DiscountCount>
<DispenserDiscountAmount>0</DispenserDiscountAmount>
<DispenserDiscountCount>0</DispenserDiscountCount>
</FGMSalesTotals>
</FGMPositionSummary>
<FGMPositionSummary>
<FuelPositionID>7</FuelPositionID>
<FGMSalesTotals>
<FuelGradeSalesVolume>0</FuelGradeSalesVolume>
<FuelGradeSalesAmount>0</FuelGradeSalesAmount>
<PumpTestTotals>
<PumpTestAmount>0</PumpTestAmount>
<PumpTestVolume>0</PumpTestVolume>
<ReturnTankID/>
</PumpTestTotals>
<TaxExemptSalesVolume>0</TaxExemptSalesVolume>
<DiscountAmount>0</DiscountAmount>
<DiscountCount>0</DiscountCount>
<DispenserDiscountAmount>0</DispenserDiscountAmount>
<DispenserDiscountCount>0</DispenserDiscountCount>
</FGMSalesTotals>
</FGMPositionSummary>
<FGMPositionSummary>
<FuelPositionID>8</FuelPositionID>
<FGMSalesTotals>
<FuelGradeSalesVolume>0</FuelGradeSalesVolume>
<FuelGradeSalesAmount>0</FuelGradeSalesAmount>
<PumpTestTotals>
<PumpTestAmount>0</PumpTestAmount>
<PumpTestVolume>0</PumpTestVolume>
<ReturnTankID/>
</PumpTestTotals>
<TaxExemptSalesVolume>0</TaxExemptSalesVolume>
<DiscountAmount>0</DiscountAmount>
<DiscountCount>0</DiscountCount>
<DispenserDiscountAmount>0</DispenserDiscountAmount>
<DispenserDiscountCount>0</DispenserDiscountCount>
</FGMSalesTotals>
</FGMPositionSummary>
</FGMDetail>
<FGMDetail>
<FuelGradeID>004</FuelGradeID>
<FGMPositionSummary>
<FuelPositionID>1</FuelPositionID>
<FGMSalesTotals>
<FuelGradeSalesVolume>0</FuelGradeSalesVolume>
<FuelGradeSalesAmount>0</FuelGradeSalesAmount>
<PumpTestTotals>
<PumpTestAmount>0</PumpTestAmount>
<PumpTestVolume>0</PumpTestVolume>
<ReturnTankID/>
</PumpTestTotals>
<TaxExemptSalesVolume>0</TaxExemptSalesVolume>
<DiscountAmount>0</DiscountAmount>
<DiscountCount>0</DiscountCount>
<DispenserDiscountAmount>0</DispenserDiscountAmount>
<DispenserDiscountCount>0</DispenserDiscountCount>
</FGMSalesTotals>
</FGMPositionSummary>
<FGMPositionSummary>
<FuelPositionID>2</FuelPositionID>
<FGMSalesTotals>
<FuelGradeSalesVolume>.998</FuelGradeSalesVolume>
<FuelGradeSalesAmount>3.09</FuelGradeSalesAmount>
<PumpTestTotals>
<PumpTestAmount>0</PumpTestAmount>
<PumpTestVolume>0</PumpTestVolume>
<ReturnTankID/>
</PumpTestTotals>
<TaxExemptSalesVolume>0</TaxExemptSalesVolume>
<DiscountAmount>0</DiscountAmount>
<DiscountCount>0</DiscountCount>
<DispenserDiscountAmount>0</DispenserDiscountAmount>
<DispenserDiscountCount>0</DispenserDiscountCount>
</FGMSalesTotals>
</FGMPositionSummary>
</FGMDetail>
</FuelGradeMovement>
<FuelGradeMovement>
<MovementHeader>
<ReportSequenceNumber>1</ReportSequenceNumber>
<PrimaryReportPeriod>98</PrimaryReportPeriod>
<SecondaryReportPeriod>0</SecondaryReportPeriod>
<BusinessDate>2017-08-22</BusinessDate>
<BeginDate>2017-08-22</BeginDate>
<BeginTime>22:46:22</BeginTime>
<EndDate>2017-08-23</EndDate>
<EndTime>22:47:43</EndTime>
</MovementHeader>
<SalesMovementHeader>
<RegisterID>1</RegisterID>
<CashierID>3</CashierID>
<TillID>2085</TillID>
</SalesMovementHeader>
<FGMDetail>
<FuelGradeID>001</FuelGradeID>
<FGMPositionSummary>
<FuelPositionID>1</FuelPositionID>
<FGMSalesTotals>
<FuelGradeSalesVolume>0</FuelGradeSalesVolume>
<FuelGradeSalesAmount>0</FuelGradeSalesAmount>
<PumpTestTotals>
<PumpTestAmount>0</PumpTestAmount>
<PumpTestVolume>0</PumpTestVolume>
<ReturnTankID/>
</PumpTestTotals>
<TaxExemptSalesVolume>0</TaxExemptSalesVolume>
<DiscountAmount>0</DiscountAmount>
<DiscountCount>0</DiscountCount>
<DispenserDiscountAmount>0</DispenserDiscountAmount>
<DispenserDiscountCount>0</DispenserDiscountCount>
</FGMSalesTotals>
</FGMPositionSummary>
<FGMPositionSummary>
<FuelPositionID>2</FuelPositionID>
<FGMSalesTotals>
<FuelGradeSalesVolume>13.876</FuelGradeSalesVolume>
<FuelGradeSalesAmount>43.83</FuelGradeSalesAmount>
<PumpTestTotals>
<PumpTestAmount>0</PumpTestAmount>
<PumpTestVolume>0</PumpTestVolume>
<ReturnTankID/>
</PumpTestTotals>
<TaxExemptSalesVolume>0</TaxExemptSalesVolume>
<DiscountAmount>0</DiscountAmount>
<DiscountCount>0</DiscountCount>
<DispenserDiscountAmount>0</DispenserDiscountAmount>
<DispenserDiscountCount>0</DispenserDiscountCount>
</FGMSalesTotals>
</FGMPositionSummary>
<FGMPositionSummary>
<FuelPositionID>3</FuelPositionID>
<FGMSalesTotals>
<FuelGradeSalesVolume>6.332</FuelGradeSalesVolume>
<FuelGradeSalesAmount>20</FuelGradeSalesAmount>
<PumpTestTotals>
<PumpTestAmount>0</PumpTestAmount>
<PumpTestVolume>0</PumpTestVolume>
<ReturnTankID/>
</PumpTestTotals>
<TaxExemptSalesVolume>0</TaxExemptSalesVolume>
<DiscountAmount>0</DiscountAmount>
<DiscountCount>0</DiscountCount>
<DispenserDiscountAmount>0</DispenserDiscountAmount>
<DispenserDiscountCount>0</DispenserDiscountCount>
</FGMSalesTotals>
</FGMPositionSummary>
<FGMPositionSummary>
<FuelPositionID>4</FuelPositionID>
<FGMSalesTotals>
<FuelGradeSalesVolume>6.33</FuelGradeSalesVolume>
<FuelGradeSalesAmount>20</FuelGradeSalesAmount>
<PumpTestTotals>
<PumpTestAmount>0</PumpTestAmount>
<PumpTestVolume>0</PumpTestVolume>
<ReturnTankID/>
</PumpTestTotals>
<TaxExemptSalesVolume>0</TaxExemptSalesVolume>
<DiscountAmount>0</DiscountAmount>
<DiscountCount>0</DiscountCount>
<DispenserDiscountAmount>0</DispenserDiscountAmount>
<DispenserDiscountCount>0</DispenserDiscountCount>
</FGMSalesTotals>
</FGMPositionSummary>
<FGMPositionSummary>
<FuelPositionID>5</FuelPositionID>
<FGMSalesTotals>
<FuelGradeSalesVolume>41.764</FuelGradeSalesVolume>
<FuelGradeSalesAmount>131.93</FuelGradeSalesAmount>
<PumpTestTotals>
<PumpTestAmount>0</PumpTestAmount>
<PumpTestVolume>0</PumpTestVolume>
<ReturnTankID/>
</PumpTestTotals>
<TaxExemptSalesVolume>0</TaxExemptSalesVolume>
<DiscountAmount>0</DiscountAmount>
<DiscountCount>0</DiscountCount>
<DispenserDiscountAmount>0</DispenserDiscountAmount>
<DispenserDiscountCount>0</DispenserDiscountCount>
</FGMSalesTotals>
</FGMPositionSummary>
<FGMPositionSummary>
<FuelPositionID>6</FuelPositionID>
<FGMSalesTotals>
<FuelGradeSalesVolume>25.96</FuelGradeSalesVolume>
<FuelGradeSalesAmount>82.01</FuelGradeSalesAmount>
<PumpTestTotals>
<PumpTestAmount>0</PumpTestAmount>
<PumpTestVolume>0</PumpTestVolume>
<ReturnTankID/>
</PumpTestTotals>
<TaxExemptSalesVolume>0</TaxExemptSalesVolume>
<DiscountAmount>0</DiscountAmount>
<DiscountCount>0</DiscountCount>
<DispenserDiscountAmount>0</DispenserDiscountAmount>
<DispenserDiscountCount>0</DispenserDiscountCount>
</FGMSalesTotals>
</FGMPositionSummary>
<FGMPositionSummary>
<FuelPositionID>7</FuelPositionID>
<FGMSalesTotals>
<FuelGradeSalesVolume>0</FuelGradeSalesVolume>
<FuelGradeSalesAmount>0</FuelGradeSalesAmount>
<PumpTestTotals>
<PumpTestAmount>0</PumpTestAmount>
<PumpTestVolume>0</PumpTestVolume>
<ReturnTankID/>
</PumpTestTotals>
<TaxExemptSalesVolume>0</TaxExemptSalesVolume>
<DiscountAmount>0</DiscountAmount>
<DiscountCount>0</DiscountCount>
<DispenserDiscountAmount>0</DispenserDiscountAmount>
<DispenserDiscountCount>0</DispenserDiscountCount>
</FGMSalesTotals>
</FGMPositionSummary>
<FGMPositionSummary>
<FuelPositionID>8</FuelPositionID>
<FGMSalesTotals>
<FuelGradeSalesVolume>17.412</FuelGradeSalesVolume>
<FuelGradeSalesAmount>55</FuelGradeSalesAmount>
<PumpTestTotals>
<PumpTestAmount>0</PumpTestAmount>
<PumpTestVolume>0</PumpTestVolume>
<ReturnTankID/>
</PumpTestTotals>
<TaxExemptSalesVolume>0</TaxExemptSalesVolume>
<DiscountAmount>0</DiscountAmount>
<DiscountCount>0</DiscountCount>
<DispenserDiscountAmount>0</DispenserDiscountAmount>
<DispenserDiscountCount>0</DispenserDiscountCount>
</FGMSalesTotals>
</FGMPositionSummary>
</FGMDetail>
<FGMDetail>
<FuelGradeID>002</FuelGradeID>
<FGMPositionSummary>
<FuelPositionID>1</FuelPositionID>
<FGMSalesTotals>
<FuelGradeSalesVolume>0</FuelGradeSalesVolume>
<FuelGradeSalesAmount>0</FuelGradeSalesAmount>
<PumpTestTotals>
<PumpTestAmount>0</PumpTestAmount>
<PumpTestVolume>0</PumpTestVolume>
<ReturnTankID/>
</PumpTestTotals>
<TaxExemptSalesVolume>0</TaxExemptSalesVolume>
<DiscountAmount>0</DiscountAmount>
<DiscountCount>0</DiscountCount>
<DispenserDiscountAmount>0</DispenserDiscountAmount>
<DispenserDiscountCount>0</DispenserDiscountCount>
</FGMSalesTotals>
</FGMPositionSummary>
<FGMPositionSummary>
<FuelPositionID>2</FuelPositionID>
<FGMSalesTotals>
<FuelGradeSalesVolume>0</FuelGradeSalesVolume>
<FuelGradeSalesAmount>0</FuelGradeSalesAmount>
<PumpTestTotals>
<PumpTestAmount>0</PumpTestAmount>
<PumpTestVolume>0</PumpTestVolume>
<ReturnTankID/>
</PumpTestTotals>
<TaxExemptSalesVolume>0</TaxExemptSalesVolume>
<DiscountAmount>0</DiscountAmount>
<DiscountCount>0</DiscountCount>
<DispenserDiscountAmount>0</DispenserDiscountAmount>
<DispenserDiscountCount>0</DispenserDiscountCount>
</FGMSalesTotals>
</FGMPositionSummary>
<FGMPositionSummary>
<FuelPositionID>3</FuelPositionID>
<FGMSalesTotals>
<FuelGradeSalesVolume>0</FuelGradeSalesVolume>
<FuelGradeSalesAmount>0</FuelGradeSalesAmount>
<PumpTestTotals>
<PumpTestAmount>0</PumpTestAmount>
<PumpTestVolume>0</PumpTestVolume>
<ReturnTankID/>
</PumpTestTotals>
<TaxExemptSalesVolume>0</TaxExemptSalesVolume>
<DiscountAmount>0</DiscountAmount>
<DiscountCount>0</DiscountCount>
<DispenserDiscountAmount>0</DispenserDiscountAmount>
<DispenserDiscountCount>0</DispenserDiscountCount>
</FGMSalesTotals>
</FGMPositionSummary>
<FGMPositionSummary>
<FuelPositionID>4</FuelPositionID>
<FGMSalesTotals>
<FuelGradeSalesVolume>9.204</FuelGradeSalesVolume>
<FuelGradeSalesAmount>30</FuelGradeSalesAmount>
<PumpTestTotals>
<PumpTestAmount>0</PumpTestAmount>
<PumpTestVolume>0</PumpTestVolume>
<ReturnTankID/>
</PumpTestTotals>
<TaxExemptSalesVolume>0</TaxExemptSalesVolume>
<DiscountAmount>0</DiscountAmount>
<DiscountCount>0</DiscountCount>
<DispenserDiscountAmount>0</DispenserDiscountAmount>
<DispenserDiscountCount>0</DispenserDiscountCount>
</FGMSalesTotals>
</FGMPositionSummary>
<FGMPositionSummary>
<FuelPositionID>5</FuelPositionID>
<FGMSalesTotals>
<FuelGradeSalesVolume>0</FuelGradeSalesVolume>
<FuelGradeSalesAmount>0</FuelGradeSalesAmount>
<PumpTestTotals>
<PumpTestAmount>0</PumpTestAmount>
<PumpTestVolume>0</PumpTestVolume>
<ReturnTankID/>
</PumpTestTotals>
<TaxExemptSalesVolume>0</TaxExemptSalesVolume>
<DiscountAmount>0</DiscountAmount>
<DiscountCount>0</DiscountCount>
<DispenserDiscountAmount>0</DispenserDiscountAmount>
<DispenserDiscountCount>0</DispenserDiscountCount>
</FGMSalesTotals>
</FGMPositionSummary>
<FGMPositionSummary>
<FuelPositionID>6</FuelPositionID>
<FGMSalesTotals>
<FuelGradeSalesVolume>0</FuelGradeSalesVolume>
<FuelGradeSalesAmount>0</FuelGradeSalesAmount>
<PumpTestTotals>
<PumpTestAmount>0</PumpTestAmount>
<PumpTestVolume>0</PumpTestVolume>
<ReturnTankID/>
</PumpTestTotals>
<TaxExemptSalesVolume>0</TaxExemptSalesVolume>
<DiscountAmount>0</DiscountAmount>
<DiscountCount>0</DiscountCount>
<DispenserDiscountAmount>0</DispenserDiscountAmount>
<DispenserDiscountCount>0</DispenserDiscountCount>
</FGMSalesTotals>
</FGMPositionSummary>
<FGMPositionSummary>
<FuelPositionID>7</FuelPositionID>
<FGMSalesTotals>
<FuelGradeSalesVolume>0</FuelGradeSalesVolume>
<FuelGradeSalesAmount>0</FuelGradeSalesAmount>
<PumpTestTotals>
<PumpTestAmount>0</PumpTestAmount>
<PumpTestVolume>0</PumpTestVolume>
<ReturnTankID/>
</PumpTestTotals>
<TaxExemptSalesVolume>0</TaxExemptSalesVolume>
<DiscountAmount>0</DiscountAmount>
<DiscountCount>0</DiscountCount>
<DispenserDiscountAmount>0</DispenserDiscountAmount>
<DispenserDiscountCount>0</DispenserDiscountCount>
</FGMSalesTotals>
</FGMPositionSummary>
<FGMPositionSummary>
<FuelPositionID>8</FuelPositionID>
<FGMSalesTotals>
<FuelGradeSalesVolume>0</FuelGradeSalesVolume>
<FuelGradeSalesAmount>0</FuelGradeSalesAmount>
<PumpTestTotals>
<PumpTestAmount>0</PumpTestAmount>
<PumpTestVolume>0</PumpTestVolume>
<ReturnTankID/>
</PumpTestTotals>
<TaxExemptSalesVolume>0</TaxExemptSalesVolume>
<DiscountAmount>0</DiscountAmount>
<DiscountCount>0</DiscountCount>
<DispenserDiscountAmount>0</DispenserDiscountAmount>
<DispenserDiscountCount>0</DispenserDiscountCount>
</FGMSalesTotals>
</FGMPositionSummary>
</FGMDetail>
<FGMDetail>
<FuelGradeID>003</FuelGradeID>
<FGMPositionSummary>
<FuelPositionID>1</FuelPositionID>
<FGMSalesTotals>
<FuelGradeSalesVolume>2.474</FuelGradeSalesVolume>
<FuelGradeSalesAmount>8.31</FuelGradeSalesAmount>
<PumpTestTotals>
<PumpTestAmount>0</PumpTestAmount>
<PumpTestVolume>0</PumpTestVolume>
<ReturnTankID/>
</PumpTestTotals>
<TaxExemptSalesVolume>0</TaxExemptSalesVolume>
<DiscountAmount>0</DiscountAmount>
<DiscountCount>0</DiscountCount>
<DispenserDiscountAmount>0</DispenserDiscountAmount>
<DispenserDiscountCount>0</DispenserDiscountCount>
</FGMSalesTotals>
</FGMPositionSummary>
<FGMPositionSummary>
<FuelPositionID>2</FuelPositionID>
<FGMSalesTotals>
<FuelGradeSalesVolume>11.908</FuelGradeSalesVolume>
<FuelGradeSalesAmount>40</FuelGradeSalesAmount>
<PumpTestTotals>
<PumpTestAmount>0</PumpTestAmount>
<PumpTestVolume>0</PumpTestVolume>
<ReturnTankID/>
</PumpTestTotals>
<TaxExemptSalesVolume>0</TaxExemptSalesVolume>
<DiscountAmount>0</DiscountAmount>
<DiscountCount>0</DiscountCount>
<DispenserDiscountAmount>0</DispenserDiscountAmount>
<DispenserDiscountCount>0</DispenserDiscountCount>
</FGMSalesTotals>
</FGMPositionSummary>
<FGMPositionSummary>
<FuelPositionID>3</FuelPositionID>
<FGMSalesTotals>
<FuelGradeSalesVolume>7.442</FuelGradeSalesVolume>
<FuelGradeSalesAmount>25</FuelGradeSalesAmount>
<PumpTestTotals>
<PumpTestAmount>0</PumpTestAmount>
<PumpTestVolume>0</PumpTestVolume>
<ReturnTankID/>
</PumpTestTotals>
<TaxExemptSalesVolume>0</TaxExemptSalesVolume>
<DiscountAmount>0</DiscountAmount>
<DiscountCount>0</DiscountCount>
<DispenserDiscountAmount>0</DispenserDiscountAmount>
<DispenserDiscountCount>0</DispenserDiscountCount>
</FGMSalesTotals>
</FGMPositionSummary>
<FGMPositionSummary>
<FuelPositionID>4</FuelPositionID>
<FGMSalesTotals>
<FuelGradeSalesVolume>9.391</FuelGradeSalesVolume>
<FuelGradeSalesAmount>31.54</FuelGradeSalesAmount>
<PumpTestTotals>
<PumpTestAmount>0</PumpTestAmount>
<PumpTestVolume>0</PumpTestVolume>
<ReturnTankID/>
</PumpTestTotals>
<TaxExemptSalesVolume>0</TaxExemptSalesVolume>
<DiscountAmount>0</DiscountAmount>
<DiscountCount>0</DiscountCount>
<DispenserDiscountAmount>0</DispenserDiscountAmount>
<DispenserDiscountCount>0</DispenserDiscountCount>
</FGMSalesTotals>
</FGMPositionSummary>
<FGMPositionSummary>
<FuelPositionID>5</FuelPositionID>
<FGMSalesTotals>
<FuelGradeSalesVolume>23.816</FuelGradeSalesVolume>
<FuelGradeSalesAmount>80</FuelGradeSalesAmount>
<PumpTestTotals>
<PumpTestAmount>0</PumpTestAmount>
<PumpTestVolume>0</PumpTestVolume>
<ReturnTankID/>
</PumpTestTotals>
<TaxExemptSalesVolume>0</TaxExemptSalesVolume>
<DiscountAmount>0</DiscountAmount>
<DiscountCount>0</DiscountCount>
<DispenserDiscountAmount>0</DispenserDiscountAmount>
<DispenserDiscountCount>0</DispenserDiscountCount>
</FGMSalesTotals>
</FGMPositionSummary>
<FGMPositionSummary>
<FuelPositionID>6</FuelPositionID>
<FGMSalesTotals>
<FuelGradeSalesVolume>2.978</FuelGradeSalesVolume>
<FuelGradeSalesAmount>10</FuelGradeSalesAmount>
<PumpTestTotals>
<PumpTestAmount>0</PumpTestAmount>
<PumpTestVolume>0</PumpTestVolume>
<ReturnTankID/>
</PumpTestTotals>
<TaxExemptSalesVolume>0</TaxExemptSalesVolume>
<DiscountAmount>0</DiscountAmount>
<DiscountCount>0</DiscountCount>
<DispenserDiscountAmount>0</DispenserDiscountAmount>
<DispenserDiscountCount>0</DispenserDiscountCount>
</FGMSalesTotals>
</FGMPositionSummary>
<FGMPositionSummary>
<FuelPositionID>7</FuelPositionID>
<FGMSalesTotals>
<FuelGradeSalesVolume>3.572</FuelGradeSalesVolume>
<FuelGradeSalesAmount>12</FuelGradeSalesAmount>
<PumpTestTotals>
<PumpTestAmount>0</PumpTestAmount>
<PumpTestVolume>0</PumpTestVolume>
<ReturnTankID/>
</PumpTestTotals>
<TaxExemptSalesVolume>0</TaxExemptSalesVolume>
<DiscountAmount>0</DiscountAmount>
<DiscountCount>0</DiscountCount>
<DispenserDiscountAmount>0</DispenserDiscountAmount>
<DispenserDiscountCount>0</DispenserDiscountCount>
</FGMSalesTotals>
</FGMPositionSummary>
<FGMPositionSummary>
<FuelPositionID>8</FuelPositionID>
<FGMSalesTotals>
<FuelGradeSalesVolume>8.633</FuelGradeSalesVolume>
<FuelGradeSalesAmount>29</FuelGradeSalesAmount>
<PumpTestTotals>
<PumpTestAmount>0</PumpTestAmount>
<PumpTestVolume>0</PumpTestVolume>
<ReturnTankID/>
</PumpTestTotals>
<TaxExemptSalesVolume>0</TaxExemptSalesVolume>
<DiscountAmount>0</DiscountAmount>
<DiscountCount>0</DiscountCount>
<DispenserDiscountAmount>0</DispenserDiscountAmount>
<DispenserDiscountCount>0</DispenserDiscountCount>
</FGMSalesTotals>
</FGMPositionSummary>
</FGMDetail>
<FGMDetail>
<FuelGradeID>004</FuelGradeID>
<FGMPositionSummary>
<FuelPositionID>1</FuelPositionID>
<FGMSalesTotals>
<FuelGradeSalesVolume>0</FuelGradeSalesVolume>
<FuelGradeSalesAmount>0</FuelGradeSalesAmount>
<PumpTestTotals>
<PumpTestAmount>0</PumpTestAmount>
<PumpTestVolume>0</PumpTestVolume>
<ReturnTankID/>
</PumpTestTotals>
<TaxExemptSalesVolume>0</TaxExemptSalesVolume>
<DiscountAmount>0</DiscountAmount>
<DiscountCount>0</DiscountCount>
<DispenserDiscountAmount>0</DispenserDiscountAmount>
<DispenserDiscountCount>0</DispenserDiscountCount>
</FGMSalesTotals>
</FGMPositionSummary>
<FGMPositionSummary>
<FuelPositionID>2</FuelPositionID>
<FGMSalesTotals>
<FuelGradeSalesVolume>0</FuelGradeSalesVolume>
<FuelGradeSalesAmount>0</FuelGradeSalesAmount>
<PumpTestTotals>
<PumpTestAmount>0</PumpTestAmount>
<PumpTestVolume>0</PumpTestVolume>
<ReturnTankID/>
</PumpTestTotals>
<TaxExemptSalesVolume>0</TaxExemptSalesVolume>
<DiscountAmount>0</DiscountAmount>
<DiscountCount>0</DiscountCount>
<DispenserDiscountAmount>0</DispenserDiscountAmount>
<DispenserDiscountCount>0</DispenserDiscountCount>
</FGMSalesTotals>
</FGMPositionSummary>
</FGMDetail>
</FuelGradeMovement>
</NAXML-MovementReport>
