<?xml version="1.0" encoding="ISO-8859-1"?>
<NAXML-MovementReport version="3.4">
<TransmissionHeader>
<StoreLocationID>299</StoreLocationID>
<VendorName>Gilbarco-VeederRoot</VendorName>
<VendorModelVersion>10.10.27.03B</VendorModelVersion>
</TransmissionHeader>
<FuelGradeMovement>
<MovementHeader>
<ReportSequenceNumber>1</ReportSequenceNumber>
<PrimaryReportPeriod>2</PrimaryReportPeriod>
<SecondaryReportPeriod>0</SecondaryReportPeriod>
<BusinessDate>2017-09-03</BusinessDate>
<BeginDate>2017-09-03</BeginDate>
<BeginTime>22:29:32</BeginTime>
<EndDate>2017-09-04</EndDate>
<EndTime>22:40:34</EndTime>
</MovementHeader>
<FGMDetail>
<FuelGradeID>001</FuelGradeID>
<FGMPositionSummary>
<FuelPositionID>1</FuelPositionID>
<FGMNonResettableTotal>
<FuelGradeNonResettableTotalVolume>124302.48</FuelGradeNonResettableTotalVolume>
<FuelGradeNonResettableTotalAmount>368987.82</FuelGradeNonResettableTotalAmount>
</FGMNonResettableTotal>
<FGMSalesTotals>
<FuelGradeSalesVolume>65.713</FuelGradeSalesVolume>
<FuelGradeSalesAmount>220.73</FuelGradeSalesAmount>
<PumpTestTotals>
<PumpTestAmount>0</PumpTestAmount>
<PumpTestVolume>0</PumpTestVolume>
<ReturnTankID/>
</PumpTestTotals>
<TaxExemptSalesVolume>0</TaxExemptSalesVolume>
<DiscountAmount>0</DiscountAmount>
<DiscountCount>0</DiscountCount>
<DispenserDiscountAmount>0</DispenserDiscountAmount>
<DispenserDiscountCount>0</DispenserDiscountCount>
</FGMSalesTotals>
</FGMPositionSummary>
</FGMDetail>
<FGMDetail>
<FuelGradeID>001</FuelGradeID>
<FGMPositionSummary>
<FuelPositionID>2</FuelPositionID>
<FGMNonResettableTotal>
<FuelGradeNonResettableTotalVolume>197568.63</FuelGradeNonResettableTotalVolume>
<FuelGradeNonResettableTotalAmount>587388.43</FuelGradeNonResettableTotalAmount>
</FGMNonResettableTotal>
<FGMSalesTotals>
<FuelGradeSalesVolume>181.934</FuelGradeSalesVolume>
<FuelGradeSalesAmount>611.14</FuelGradeSalesAmount>
<PumpTestTotals>
<PumpTestAmount>0</PumpTestAmount>
<PumpTestVolume>0</PumpTestVolume>
<ReturnTankID/>
</PumpTestTotals>
<TaxExemptSalesVolume>0</TaxExemptSalesVolume>
<DiscountAmount>0</DiscountAmount>
<DiscountCount>0</DiscountCount>
<DispenserDiscountAmount>0</DispenserDiscountAmount>
<DispenserDiscountCount>0</DispenserDiscountCount>
</FGMSalesTotals>
</FGMPositionSummary>
</FGMDetail>
<FGMDetail>
<FuelGradeID>001</FuelGradeID>
<FGMPositionSummary>
<FuelPositionID>3</FuelPositionID>
<FGMNonResettableTotal>
<FuelGradeNonResettableTotalVolume>470281.54</FuelGradeNonResettableTotalVolume>
<FuelGradeNonResettableTotalAmount>1672796.33</FuelGradeNonResettableTotalAmount>
</FGMNonResettableTotal>
<FGMSalesTotals>
<FuelGradeSalesVolume>183.785</FuelGradeSalesVolume>
<FuelGradeSalesAmount>617.32</FuelGradeSalesAmount>
<PumpTestTotals>
<PumpTestAmount>0</PumpTestAmount>
<PumpTestVolume>0</PumpTestVolume>
<ReturnTankID/>
</PumpTestTotals>
<TaxExemptSalesVolume>0</TaxExemptSalesVolume>
<DiscountAmount>0</DiscountAmount>
<DiscountCount>0</DiscountCount>
<DispenserDiscountAmount>0</DispenserDiscountAmount>
<DispenserDiscountCount>0</DispenserDiscountCount>
</FGMSalesTotals>
</FGMPositionSummary>
</FGMDetail>
<FGMDetail>
<FuelGradeID>001</FuelGradeID>
<FGMPositionSummary>
<FuelPositionID>4</FuelPositionID>
<FGMNonResettableTotal>
<FuelGradeNonResettableTotalVolume>814925.6</FuelGradeNonResettableTotalVolume>
<FuelGradeNonResettableTotalAmount>921894.69</FuelGradeNonResettableTotalAmount>
</FGMNonResettableTotal>
<FGMSalesTotals>
<FuelGradeSalesVolume>115.67</FuelGradeSalesVolume>
<FuelGradeSalesAmount>388.54</FuelGradeSalesAmount>
<PumpTestTotals>
<PumpTestAmount>0</PumpTestAmount>
<PumpTestVolume>0</PumpTestVolume>
<ReturnTankID/>
</PumpTestTotals>
<TaxExemptSalesVolume>0</TaxExemptSalesVolume>
<DiscountAmount>0</DiscountAmount>
<DiscountCount>0</DiscountCount>
<DispenserDiscountAmount>0</DispenserDiscountAmount>
<DispenserDiscountCount>0</DispenserDiscountCount>
</FGMSalesTotals>
</FGMPositionSummary>
</FGMDetail>
<FGMDetail>
<FuelGradeID>001</FuelGradeID>
<FGMPositionSummary>
<FuelPositionID>5</FuelPositionID>
<FGMNonResettableTotal>
<FuelGradeNonResettableTotalVolume>610684.82</FuelGradeNonResettableTotalVolume>
<FuelGradeNonResettableTotalAmount>184811.62</FuelGradeNonResettableTotalAmount>
</FGMNonResettableTotal>
<FGMSalesTotals>
<FuelGradeSalesVolume>229.326</FuelGradeSalesVolume>
<FuelGradeSalesAmount>770.31</FuelGradeSalesAmount>
<PumpTestTotals>
<PumpTestAmount>0</PumpTestAmount>
<PumpTestVolume>0</PumpTestVolume>
<ReturnTankID/>
</PumpTestTotals>
<TaxExemptSalesVolume>0</TaxExemptSalesVolume>
<DiscountAmount>0</DiscountAmount>
<DiscountCount>0</DiscountCount>
<DispenserDiscountAmount>0</DispenserDiscountAmount>
<DispenserDiscountCount>0</DispenserDiscountCount>
</FGMSalesTotals>
</FGMPositionSummary>
</FGMDetail>
<FGMDetail>
<FuelGradeID>001</FuelGradeID>
<FGMPositionSummary>
<FuelPositionID>6</FuelPositionID>
<FGMNonResettableTotal>
<FuelGradeNonResettableTotalVolume>110065.34</FuelGradeNonResettableTotalVolume>
<FuelGradeNonResettableTotalAmount>998771.66</FuelGradeNonResettableTotalAmount>
</FGMNonResettableTotal>
<FGMSalesTotals>
<FuelGradeSalesVolume>306.875</FuelGradeSalesVolume>
<FuelGradeSalesAmount>1030.81</FuelGradeSalesAmount>
<PumpTestTotals>
<PumpTestAmount>0</PumpTestAmount>
<PumpTestVolume>0</PumpTestVolume>
<ReturnTankID/>
</PumpTestTotals>
<TaxExemptSalesVolume>0</TaxExemptSalesVolume>
<DiscountAmount>0</DiscountAmount>
<DiscountCount>0</DiscountCount>
<DispenserDiscountAmount>0</DispenserDiscountAmount>
<DispenserDiscountCount>0</DispenserDiscountCount>
</FGMSalesTotals>
</FGMPositionSummary>
</FGMDetail>
<FGMDetail>
<FuelGradeID>001</FuelGradeID>
<FGMPositionSummary>
<FuelPositionID>7</FuelPositionID>
<FGMNonResettableTotal>
<FuelGradeNonResettableTotalVolume>553881.32</FuelGradeNonResettableTotalVolume>
<FuelGradeNonResettableTotalAmount>981344.5</FuelGradeNonResettableTotalAmount>
</FGMNonResettableTotal>
<FGMSalesTotals>
<FuelGradeSalesVolume>205.67</FuelGradeSalesVolume>
<FuelGradeSalesAmount>690.83</FuelGradeSalesAmount>
<PumpTestTotals>
<PumpTestAmount>0</PumpTestAmount>
<PumpTestVolume>0</PumpTestVolume>
<ReturnTankID/>
</PumpTestTotals>
<TaxExemptSalesVolume>0</TaxExemptSalesVolume>
<DiscountAmount>0</DiscountAmount>
<DiscountCount>0</DiscountCount>
<DispenserDiscountAmount>0</DispenserDiscountAmount>
<DispenserDiscountCount>0</DispenserDiscountCount>
</FGMSalesTotals>
</FGMPositionSummary>
</FGMDetail>
<FGMDetail>
<FuelGradeID>001</FuelGradeID>
<FGMPositionSummary>
<FuelPositionID>8</FuelPositionID>
<FGMNonResettableTotal>
<FuelGradeNonResettableTotalVolume>962676.07</FuelGradeNonResettableTotalVolume>
<FuelGradeNonResettableTotalAmount>1463873.51</FuelGradeNonResettableTotalAmount>
</FGMNonResettableTotal>
<FGMSalesTotals>
<FuelGradeSalesVolume>286.065</FuelGradeSalesVolume>
<FuelGradeSalesAmount>960.89</FuelGradeSalesAmount>
<PumpTestTotals>
<PumpTestAmount>0</PumpTestAmount>
<PumpTestVolume>0</PumpTestVolume>
<ReturnTankID/>
</PumpTestTotals>
<TaxExemptSalesVolume>0</TaxExemptSalesVolume>
<DiscountAmount>0</DiscountAmount>
<DiscountCount>0</DiscountCount>
<DispenserDiscountAmount>0</DispenserDiscountAmount>
<DispenserDiscountCount>0</DispenserDiscountCount>
</FGMSalesTotals>
</FGMPositionSummary>
</FGMDetail>
<FGMDetail>
<FuelGradeID>002</FuelGradeID>
<FGMPositionSummary>
<FuelPositionID>1</FuelPositionID>
<FGMNonResettableTotal>
<FuelGradeNonResettableTotalVolume>28392.86</FuelGradeNonResettableTotalVolume>
<FuelGradeNonResettableTotalAmount>86932.84</FuelGradeNonResettableTotalAmount>
</FGMNonResettableTotal>
<FGMSalesTotals>
<FuelGradeSalesVolume>0</FuelGradeSalesVolume>
<FuelGradeSalesAmount>0</FuelGradeSalesAmount>
<PumpTestTotals>
<PumpTestAmount>0</PumpTestAmount>
<PumpTestVolume>0</PumpTestVolume>
<ReturnTankID/>
</PumpTestTotals>
<TaxExemptSalesVolume>0</TaxExemptSalesVolume>
<DiscountAmount>0</DiscountAmount>
<DiscountCount>0</DiscountCount>
<DispenserDiscountAmount>0</DispenserDiscountAmount>
<DispenserDiscountCount>0</DispenserDiscountCount>
</FGMSalesTotals>
</FGMPositionSummary>
</FGMDetail>
<FGMDetail>
<FuelGradeID>002</FuelGradeID>
<FGMPositionSummary>
<FuelPositionID>2</FuelPositionID>
<FGMNonResettableTotal>
<FuelGradeNonResettableTotalVolume>33625.84</FuelGradeNonResettableTotalVolume>
<FuelGradeNonResettableTotalAmount>103376</FuelGradeNonResettableTotalAmount>
</FGMNonResettableTotal>
<FGMSalesTotals>
<FuelGradeSalesVolume>41.03</FuelGradeSalesVolume>
<FuelGradeSalesAmount>141.92</FuelGradeSalesAmount>
<PumpTestTotals>
<PumpTestAmount>0</PumpTestAmount>
<PumpTestVolume>0</PumpTestVolume>
<ReturnTankID/>
</PumpTestTotals>
<TaxExemptSalesVolume>0</TaxExemptSalesVolume>
<DiscountAmount>0</DiscountAmount>
<DiscountCount>0</DiscountCount>
<DispenserDiscountAmount>0</DispenserDiscountAmount>
<DispenserDiscountCount>0</DispenserDiscountCount>
</FGMSalesTotals>
</FGMPositionSummary>
</FGMDetail>
<FGMDetail>
<FuelGradeID>002</FuelGradeID>
<FGMPositionSummary>
<FuelPositionID>3</FuelPositionID>
<FGMNonResettableTotal>
<FuelGradeNonResettableTotalVolume>93618.95</FuelGradeNonResettableTotalVolume>
<FuelGradeNonResettableTotalAmount>341803.22</FuelGradeNonResettableTotalAmount>
</FGMNonResettableTotal>
<FGMSalesTotals>
<FuelGradeSalesVolume>21.323</FuelGradeSalesVolume>
<FuelGradeSalesAmount>73.75</FuelGradeSalesAmount>
<PumpTestTotals>
<PumpTestAmount>0</PumpTestAmount>
<PumpTestVolume>0</PumpTestVolume>
<ReturnTankID/>
</PumpTestTotals>
<TaxExemptSalesVolume>0</TaxExemptSalesVolume>
<DiscountAmount>0</DiscountAmount>
<DiscountCount>0</DiscountCount>
<DispenserDiscountAmount>0</DispenserDiscountAmount>
<DispenserDiscountCount>0</DispenserDiscountCount>
</FGMSalesTotals>
</FGMPositionSummary>
</FGMDetail>
<FGMDetail>
<FuelGradeID>002</FuelGradeID>
<FGMPositionSummary>
<FuelPositionID>4</FuelPositionID>
<FGMNonResettableTotal>
<FuelGradeNonResettableTotalVolume>136472.19</FuelGradeNonResettableTotalVolume>
<FuelGradeNonResettableTotalAmount>502619.47</FuelGradeNonResettableTotalAmount>
</FGMNonResettableTotal>
<FGMSalesTotals>
<FuelGradeSalesVolume>71.873</FuelGradeSalesVolume>
<FuelGradeSalesAmount>248.61</FuelGradeSalesAmount>
<PumpTestTotals>
<PumpTestAmount>0</PumpTestAmount>
<PumpTestVolume>0</PumpTestVolume>
<ReturnTankID/>
</PumpTestTotals>
<TaxExemptSalesVolume>0</TaxExemptSalesVolume>
<DiscountAmount>0</DiscountAmount>
<DiscountCount>0</DiscountCount>
<DispenserDiscountAmount>0</DispenserDiscountAmount>
<DispenserDiscountCount>0</DispenserDiscountCount>
</FGMSalesTotals>
</FGMPositionSummary>
</FGMDetail>
<FGMDetail>
<FuelGradeID>002</FuelGradeID>
<FGMPositionSummary>
<FuelPositionID>5</FuelPositionID>
<FGMNonResettableTotal>
<FuelGradeNonResettableTotalVolume>158005.92</FuelGradeNonResettableTotalVolume>
<FuelGradeNonResettableTotalAmount>581080.68</FuelGradeNonResettableTotalAmount>
</FGMNonResettableTotal>
<FGMSalesTotals>
<FuelGradeSalesVolume>27.042</FuelGradeSalesVolume>
<FuelGradeSalesAmount>93.54</FuelGradeSalesAmount>
<PumpTestTotals>
<PumpTestAmount>0</PumpTestAmount>
<PumpTestVolume>0</PumpTestVolume>
<ReturnTankID/>
</PumpTestTotals>
<TaxExemptSalesVolume>0</TaxExemptSalesVolume>
<DiscountAmount>0</DiscountAmount>
<DiscountCount>0</DiscountCount>
<DispenserDiscountAmount>0</DispenserDiscountAmount>
<DispenserDiscountCount>0</DispenserDiscountCount>
</FGMSalesTotals>
</FGMPositionSummary>
</FGMDetail>
<FGMDetail>
<FuelGradeID>002</FuelGradeID>
<FGMPositionSummary>
<FuelPositionID>6</FuelPositionID>
<FGMNonResettableTotal>
<FuelGradeNonResettableTotalVolume>167985.81</FuelGradeNonResettableTotalVolume>
<FuelGradeNonResettableTotalAmount>624919.65</FuelGradeNonResettableTotalAmount>
</FGMNonResettableTotal>
<FGMSalesTotals>
<FuelGradeSalesVolume>49.34</FuelGradeSalesVolume>
<FuelGradeSalesAmount>170.67</FuelGradeSalesAmount>
<PumpTestTotals>
<PumpTestAmount>0</PumpTestAmount>
<PumpTestVolume>0</PumpTestVolume>
<ReturnTankID/>
</PumpTestTotals>
<TaxExemptSalesVolume>0</TaxExemptSalesVolume>
<DiscountAmount>0</DiscountAmount>
<DiscountCount>0</DiscountCount>
<DispenserDiscountAmount>0</DispenserDiscountAmount>
<DispenserDiscountCount>0</DispenserDiscountCount>
</FGMSalesTotals>
</FGMPositionSummary>
</FGMDetail>
<FGMDetail>
<FuelGradeID>002</FuelGradeID>
<FGMPositionSummary>
<FuelPositionID>7</FuelPositionID>
<FGMNonResettableTotal>
<FuelGradeNonResettableTotalVolume>147441.71</FuelGradeNonResettableTotalVolume>
<FuelGradeNonResettableTotalAmount>547475.43</FuelGradeNonResettableTotalAmount>
</FGMNonResettableTotal>
<FGMSalesTotals>
<FuelGradeSalesVolume>56.627</FuelGradeSalesVolume>
<FuelGradeSalesAmount>195.87</FuelGradeSalesAmount>
<PumpTestTotals>
<PumpTestAmount>0</PumpTestAmount>
<PumpTestVolume>0</PumpTestVolume>
<ReturnTankID/>
</PumpTestTotals>
<TaxExemptSalesVolume>0</TaxExemptSalesVolume>
<DiscountAmount>0</DiscountAmount>
<DiscountCount>0</DiscountCount>
<DispenserDiscountAmount>-.65</DispenserDiscountAmount>
<DispenserDiscountCount>1</DispenserDiscountCount>
</FGMSalesTotals>
</FGMPositionSummary>
</FGMDetail>
<FGMDetail>
<FuelGradeID>002</FuelGradeID>
<FGMPositionSummary>
<FuelPositionID>8</FuelPositionID>
<FGMNonResettableTotal>
<FuelGradeNonResettableTotalVolume>137359.21</FuelGradeNonResettableTotalVolume>
<FuelGradeNonResettableTotalAmount>509850.49</FuelGradeNonResettableTotalAmount>
</FGMNonResettableTotal>
<FGMSalesTotals>
<FuelGradeSalesVolume>59.556</FuelGradeSalesVolume>
<FuelGradeSalesAmount>206</FuelGradeSalesAmount>
<PumpTestTotals>
<PumpTestAmount>0</PumpTestAmount>
<PumpTestVolume>0</PumpTestVolume>
<ReturnTankID/>
</PumpTestTotals>
<TaxExemptSalesVolume>0</TaxExemptSalesVolume>
<DiscountAmount>0</DiscountAmount>
<DiscountCount>0</DiscountCount>
<DispenserDiscountAmount>0</DispenserDiscountAmount>
<DispenserDiscountCount>0</DispenserDiscountCount>
</FGMSalesTotals>
</FGMPositionSummary>
</FGMDetail>
<FGMDetail>
<FuelGradeID>003</FuelGradeID>
<FGMPositionSummary>
<FuelPositionID>1</FuelPositionID>
<FGMNonResettableTotal>
<FuelGradeNonResettableTotalVolume>66755.16</FuelGradeNonResettableTotalVolume>
<FuelGradeNonResettableTotalAmount>211445.12</FuelGradeNonResettableTotalAmount>
</FGMNonResettableTotal>
<FGMSalesTotals>
<FuelGradeSalesVolume>69.776</FuelGradeSalesVolume>
<FuelGradeSalesAmount>248.33</FuelGradeSalesAmount>
<PumpTestTotals>
<PumpTestAmount>0</PumpTestAmount>
<PumpTestVolume>0</PumpTestVolume>
<ReturnTankID/>
</PumpTestTotals>
<TaxExemptSalesVolume>0</TaxExemptSalesVolume>
<DiscountAmount>0</DiscountAmount>
<DiscountCount>0</DiscountCount>
<DispenserDiscountAmount>0</DispenserDiscountAmount>
<DispenserDiscountCount>0</DispenserDiscountCount>
</FGMSalesTotals>
</FGMPositionSummary>
</FGMDetail>
<FGMDetail>
<FuelGradeID>003</FuelGradeID>
<FGMPositionSummary>
<FuelPositionID>2</FuelPositionID>
<FGMNonResettableTotal>
<FuelGradeNonResettableTotalVolume>70322.64</FuelGradeNonResettableTotalVolume>
<FuelGradeNonResettableTotalAmount>222747.68</FuelGradeNonResettableTotalAmount>
</FGMNonResettableTotal>
<FGMSalesTotals>
<FuelGradeSalesVolume>76.236</FuelGradeSalesVolume>
<FuelGradeSalesAmount>271.33</FuelGradeSalesAmount>
<PumpTestTotals>
<PumpTestAmount>0</PumpTestAmount>
<PumpTestVolume>0</PumpTestVolume>
<ReturnTankID/>
</PumpTestTotals>
<TaxExemptSalesVolume>0</TaxExemptSalesVolume>
<DiscountAmount>0</DiscountAmount>
<DiscountCount>0</DiscountCount>
<DispenserDiscountAmount>0</DispenserDiscountAmount>
<DispenserDiscountCount>0</DispenserDiscountCount>
</FGMSalesTotals>
</FGMPositionSummary>
</FGMDetail>
<FGMDetail>
<FuelGradeID>003</FuelGradeID>
<FGMPositionSummary>
<FuelPositionID>3</FuelPositionID>
<FGMNonResettableTotal>
<FuelGradeNonResettableTotalVolume>230771.53</FuelGradeNonResettableTotalVolume>
<FuelGradeNonResettableTotalAmount>862378.4</FuelGradeNonResettableTotalAmount>
</FGMNonResettableTotal>
<FGMSalesTotals>
<FuelGradeSalesVolume>123.908</FuelGradeSalesVolume>
<FuelGradeSalesAmount>440.99</FuelGradeSalesAmount>
<PumpTestTotals>
<PumpTestAmount>0</PumpTestAmount>
<PumpTestVolume>0</PumpTestVolume>
<ReturnTankID/>
</PumpTestTotals>
<TaxExemptSalesVolume>0</TaxExemptSalesVolume>
<DiscountAmount>0</DiscountAmount>
<DiscountCount>0</DiscountCount>
<DispenserDiscountAmount>0</DispenserDiscountAmount>
<DispenserDiscountCount>0</DispenserDiscountCount>
</FGMSalesTotals>
</FGMPositionSummary>
</FGMDetail>
<FGMDetail>
<FuelGradeID>003</FuelGradeID>
<FGMPositionSummary>
<FuelPositionID>4</FuelPositionID>
<FGMNonResettableTotal>
<FuelGradeNonResettableTotalVolume>210035.35</FuelGradeNonResettableTotalVolume>
<FuelGradeNonResettableTotalAmount>787628.14</FuelGradeNonResettableTotalAmount>
</FGMNonResettableTotal>
<FGMSalesTotals>
<FuelGradeSalesVolume>67.866</FuelGradeSalesVolume>
<FuelGradeSalesAmount>241.53</FuelGradeSalesAmount>
<PumpTestTotals>
<PumpTestAmount>0</PumpTestAmount>
<PumpTestVolume>0</PumpTestVolume>
<ReturnTankID/>
</PumpTestTotals>
<TaxExemptSalesVolume>0</TaxExemptSalesVolume>
<DiscountAmount>0</DiscountAmount>
<DiscountCount>0</DiscountCount>
<DispenserDiscountAmount>0</DispenserDiscountAmount>
<DispenserDiscountCount>0</DispenserDiscountCount>
</FGMSalesTotals>
</FGMPositionSummary>
</FGMDetail>
<FGMDetail>
<FuelGradeID>003</FuelGradeID>
<FGMPositionSummary>
<FuelPositionID>5</FuelPositionID>
<FGMNonResettableTotal>
<FuelGradeNonResettableTotalVolume>447540.68</FuelGradeNonResettableTotalVolume>
<FuelGradeNonResettableTotalAmount>691152.59</FuelGradeNonResettableTotalAmount>
</FGMNonResettableTotal>
<FGMSalesTotals>
<FuelGradeSalesVolume>91.098</FuelGradeSalesVolume>
<FuelGradeSalesAmount>324.24</FuelGradeSalesAmount>
<PumpTestTotals>
<PumpTestAmount>0</PumpTestAmount>
<PumpTestVolume>0</PumpTestVolume>
<ReturnTankID/>
</PumpTestTotals>
<TaxExemptSalesVolume>0</TaxExemptSalesVolume>
<DiscountAmount>0</DiscountAmount>
<DiscountCount>0</DiscountCount>
<DispenserDiscountAmount>0</DispenserDiscountAmount>
<DispenserDiscountCount>0</DispenserDiscountCount>
</FGMSalesTotals>
</FGMPositionSummary>
</FGMDetail>
<FGMDetail>
<FuelGradeID>003</FuelGradeID>
<FGMPositionSummary>
<FuelPositionID>6</FuelPositionID>
<FGMNonResettableTotal>
<FuelGradeNonResettableTotalVolume>225945.7</FuelGradeNonResettableTotalVolume>
<FuelGradeNonResettableTotalAmount>851281.17</FuelGradeNonResettableTotalAmount>
</FGMNonResettableTotal>
<FGMSalesTotals>
<FuelGradeSalesVolume>72.968</FuelGradeSalesVolume>
<FuelGradeSalesAmount>259.7</FuelGradeSalesAmount>
<PumpTestTotals>
<PumpTestAmount>0</PumpTestAmount>
<PumpTestVolume>0</PumpTestVolume>
<ReturnTankID/>
</PumpTestTotals>
<TaxExemptSalesVolume>0</TaxExemptSalesVolume>
<DiscountAmount>0</DiscountAmount>
<DiscountCount>0</DiscountCount>
<DispenserDiscountAmount>0</DispenserDiscountAmount>
<DispenserDiscountCount>0</DispenserDiscountCount>
</FGMSalesTotals>
</FGMPositionSummary>
</FGMDetail>
<FGMDetail>
<FuelGradeID>003</FuelGradeID>
<FGMPositionSummary>
<FuelPositionID>7</FuelPositionID>
<FGMNonResettableTotal>
<FuelGradeNonResettableTotalVolume>499470.13</FuelGradeNonResettableTotalVolume>
<FuelGradeNonResettableTotalAmount>880139.24</FuelGradeNonResettableTotalAmount>
</FGMNonResettableTotal>
<FGMSalesTotals>
<FuelGradeSalesVolume>205.445</FuelGradeSalesVolume>
<FuelGradeSalesAmount>731.15</FuelGradeSalesAmount>
<PumpTestTotals>
<PumpTestAmount>0</PumpTestAmount>
<PumpTestVolume>0</PumpTestVolume>
<ReturnTankID/>
</PumpTestTotals>
<TaxExemptSalesVolume>0</TaxExemptSalesVolume>
<DiscountAmount>0</DiscountAmount>
<DiscountCount>0</DiscountCount>
<DispenserDiscountAmount>0</DispenserDiscountAmount>
<DispenserDiscountCount>0</DispenserDiscountCount>
</FGMSalesTotals>
</FGMPositionSummary>
</FGMDetail>
<FGMDetail>
<FuelGradeID>003</FuelGradeID>
<FGMPositionSummary>
<FuelPositionID>8</FuelPositionID>
<FGMNonResettableTotal>
<FuelGradeNonResettableTotalVolume>181327.17</FuelGradeNonResettableTotalVolume>
<FuelGradeNonResettableTotalAmount>680658.51</FuelGradeNonResettableTotalAmount>
</FGMNonResettableTotal>
<FGMSalesTotals>
<FuelGradeSalesVolume>79.233</FuelGradeSalesVolume>
<FuelGradeSalesAmount>281.99</FuelGradeSalesAmount>
<PumpTestTotals>
<PumpTestAmount>0</PumpTestAmount>
<PumpTestVolume>0</PumpTestVolume>
<ReturnTankID/>
</PumpTestTotals>
<TaxExemptSalesVolume>0</TaxExemptSalesVolume>
<DiscountAmount>0</DiscountAmount>
<DiscountCount>0</DiscountCount>
<DispenserDiscountAmount>0</DispenserDiscountAmount>
<DispenserDiscountCount>0</DispenserDiscountCount>
</FGMSalesTotals>
</FGMPositionSummary>
</FGMDetail>
<FGMDetail>
<FuelGradeID>004</FuelGradeID>
<FGMPositionSummary>
<FuelPositionID>1</FuelPositionID>
<FGMNonResettableTotal>
<FuelGradeNonResettableTotalVolume>98325.24</FuelGradeNonResettableTotalVolume>
<FuelGradeNonResettableTotalAmount>285261.52</FuelGradeNonResettableTotalAmount>
</FGMNonResettableTotal>
<FGMSalesTotals>
<FuelGradeSalesVolume>93.178</FuelGradeSalesVolume>
<FuelGradeSalesAmount>298.08</FuelGradeSalesAmount>
<PumpTestTotals>
<PumpTestAmount>0</PumpTestAmount>
<PumpTestVolume>0</PumpTestVolume>
<ReturnTankID/>
</PumpTestTotals>
<TaxExemptSalesVolume>0</TaxExemptSalesVolume>
<DiscountAmount>0</DiscountAmount>
<DiscountCount>0</DiscountCount>
<DispenserDiscountAmount>0</DispenserDiscountAmount>
<DispenserDiscountCount>0</DispenserDiscountCount>
</FGMSalesTotals>
</FGMPositionSummary>
</FGMDetail>
<FGMDetail>
<FuelGradeID>004</FuelGradeID>
<FGMPositionSummary>
<FuelPositionID>2</FuelPositionID>
<FGMNonResettableTotal>
<FuelGradeNonResettableTotalVolume>69617.15</FuelGradeNonResettableTotalVolume>
<FuelGradeNonResettableTotalAmount>202049.11</FuelGradeNonResettableTotalAmount>
</FGMNonResettableTotal>
<FGMSalesTotals>
<FuelGradeSalesVolume>0</FuelGradeSalesVolume>
<FuelGradeSalesAmount>0</FuelGradeSalesAmount>
<PumpTestTotals>
<PumpTestAmount>0</PumpTestAmount>
<PumpTestVolume>0</PumpTestVolume>
<ReturnTankID/>
</PumpTestTotals>
<TaxExemptSalesVolume>0</TaxExemptSalesVolume>
<DiscountAmount>0</DiscountAmount>
<DiscountCount>0</DiscountCount>
<DispenserDiscountAmount>0</DispenserDiscountAmount>
<DispenserDiscountCount>0</DispenserDiscountCount>
</FGMSalesTotals>
</FGMPositionSummary>
</FGMDetail>
</FuelGradeMovement>
</NAXML-MovementReport>
