<?xml version="1.0" encoding="ISO-8859-1"?>
<NAXML-MovementReport version="3.4">
<TransmissionHeader>
<StoreLocationID>299</StoreLocationID>
<VendorName>Gilbarco-VeederRoot</VendorName>
<VendorModelVersion>10.10.27.03B</VendorModelVersion>
</TransmissionHeader>
<FuelGradeMovement>
<MovementHeader>
<ReportSequenceNumber>1</ReportSequenceNumber>
<PrimaryReportPeriod>98</PrimaryReportPeriod>
<SecondaryReportPeriod>0</SecondaryReportPeriod>
<BusinessDate>2017-08-21</BusinessDate>
<BeginDate>2017-08-21</BeginDate>
<BeginTime>22:38:11</BeginTime>
<EndDate>2017-08-22</EndDate>
<EndTime>22:46:21</EndTime>
</MovementHeader>
<SalesMovementHeader>
<RegisterID>1</RegisterID>
<CashierID>2</CashierID>
<TillID>2080</TillID>
</SalesMovementHeader>
<FGMDetail>
<FuelGradeID>001</FuelGradeID>
<FGMPositionSummary>
<FuelPositionID>1</FuelPositionID>
<FGMSalesTotals>
<FuelGradeSalesVolume>0</FuelGradeSalesVolume>
<FuelGradeSalesAmount>0</FuelGradeSalesAmount>
<PumpTestTotals>
<PumpTestAmount>0</PumpTestAmount>
<PumpTestVolume>0</PumpTestVolume>
<ReturnTankID/>
</PumpTestTotals>
<TaxExemptSalesVolume>0</TaxExemptSalesVolume>
<DiscountAmount>0</DiscountAmount>
<DiscountCount>0</DiscountCount>
<DispenserDiscountAmount>0</DispenserDiscountAmount>
<DispenserDiscountCount>0</DispenserDiscountCount>
</FGMSalesTotals>
</FGMPositionSummary>
<FGMPositionSummary>
<FuelPositionID>2</FuelPositionID>
<FGMSalesTotals>
<FuelGradeSalesVolume>4.748</FuelGradeSalesVolume>
<FuelGradeSalesAmount>15</FuelGradeSalesAmount>
<PumpTestTotals>
<PumpTestAmount>0</PumpTestAmount>
<PumpTestVolume>0</PumpTestVolume>
<ReturnTankID/>
</PumpTestTotals>
<TaxExemptSalesVolume>0</TaxExemptSalesVolume>
<DiscountAmount>0</DiscountAmount>
<DiscountCount>0</DiscountCount>
<DispenserDiscountAmount>0</DispenserDiscountAmount>
<DispenserDiscountCount>0</DispenserDiscountCount>
</FGMSalesTotals>
</FGMPositionSummary>
<FGMPositionSummary>
<FuelPositionID>3</FuelPositionID>
<FGMSalesTotals>
<FuelGradeSalesVolume>7.762</FuelGradeSalesVolume>
<FuelGradeSalesAmount>24.52</FuelGradeSalesAmount>
<PumpTestTotals>
<PumpTestAmount>0</PumpTestAmount>
<PumpTestVolume>0</PumpTestVolume>
<ReturnTankID/>
</PumpTestTotals>
<TaxExemptSalesVolume>0</TaxExemptSalesVolume>
<DiscountAmount>0</DiscountAmount>
<DiscountCount>0</DiscountCount>
<DispenserDiscountAmount>0</DispenserDiscountAmount>
<DispenserDiscountCount>0</DispenserDiscountCount>
</FGMSalesTotals>
</FGMPositionSummary>
<FGMPositionSummary>
<FuelPositionID>4</FuelPositionID>
<FGMSalesTotals>
<FuelGradeSalesVolume>9.498</FuelGradeSalesVolume>
<FuelGradeSalesAmount>30</FuelGradeSalesAmount>
<PumpTestTotals>
<PumpTestAmount>0</PumpTestAmount>
<PumpTestVolume>0</PumpTestVolume>
<ReturnTankID/>
</PumpTestTotals>
<TaxExemptSalesVolume>0</TaxExemptSalesVolume>
<DiscountAmount>0</DiscountAmount>
<DiscountCount>0</DiscountCount>
<DispenserDiscountAmount>0</DispenserDiscountAmount>
<DispenserDiscountCount>0</DispenserDiscountCount>
</FGMSalesTotals>
</FGMPositionSummary>
<FGMPositionSummary>
<FuelPositionID>5</FuelPositionID>
<FGMSalesTotals>
<FuelGradeSalesVolume>0</FuelGradeSalesVolume>
<FuelGradeSalesAmount>0</FuelGradeSalesAmount>
<PumpTestTotals>
<PumpTestAmount>0</PumpTestAmount>
<PumpTestVolume>0</PumpTestVolume>
<ReturnTankID/>
</PumpTestTotals>
<TaxExemptSalesVolume>0</TaxExemptSalesVolume>
<DiscountAmount>0</DiscountAmount>
<DiscountCount>0</DiscountCount>
<DispenserDiscountAmount>0</DispenserDiscountAmount>
<DispenserDiscountCount>0</DispenserDiscountCount>
</FGMSalesTotals>
</FGMPositionSummary>
<FGMPositionSummary>
<FuelPositionID>6</FuelPositionID>
<FGMSalesTotals>
<FuelGradeSalesVolume>6.332</FuelGradeSalesVolume>
<FuelGradeSalesAmount>20</FuelGradeSalesAmount>
<PumpTestTotals>
<PumpTestAmount>0</PumpTestAmount>
<PumpTestVolume>0</PumpTestVolume>
<ReturnTankID/>
</PumpTestTotals>
<TaxExemptSalesVolume>0</TaxExemptSalesVolume>
<DiscountAmount>0</DiscountAmount>
<DiscountCount>0</DiscountCount>
<DispenserDiscountAmount>0</DispenserDiscountAmount>
<DispenserDiscountCount>0</DispenserDiscountCount>
</FGMSalesTotals>
</FGMPositionSummary>
<FGMPositionSummary>
<FuelPositionID>7</FuelPositionID>
<FGMSalesTotals>
<FuelGradeSalesVolume>0</FuelGradeSalesVolume>
<FuelGradeSalesAmount>0</FuelGradeSalesAmount>
<PumpTestTotals>
<PumpTestAmount>0</PumpTestAmount>
<PumpTestVolume>0</PumpTestVolume>
<ReturnTankID/>
</PumpTestTotals>
<TaxExemptSalesVolume>0</TaxExemptSalesVolume>
<DiscountAmount>0</DiscountAmount>
<DiscountCount>0</DiscountCount>
<DispenserDiscountAmount>0</DispenserDiscountAmount>
<DispenserDiscountCount>0</DispenserDiscountCount>
</FGMSalesTotals>
</FGMPositionSummary>
<FGMPositionSummary>
<FuelPositionID>8</FuelPositionID>
<FGMSalesTotals>
<FuelGradeSalesVolume>14.246</FuelGradeSalesVolume>
<FuelGradeSalesAmount>45</FuelGradeSalesAmount>
<PumpTestTotals>
<PumpTestAmount>0</PumpTestAmount>
<PumpTestVolume>0</PumpTestVolume>
<ReturnTankID/>
</PumpTestTotals>
<TaxExemptSalesVolume>0</TaxExemptSalesVolume>
<DiscountAmount>0</DiscountAmount>
<DiscountCount>0</DiscountCount>
<DispenserDiscountAmount>0</DispenserDiscountAmount>
<DispenserDiscountCount>0</DispenserDiscountCount>
</FGMSalesTotals>
</FGMPositionSummary>
</FGMDetail>
<FGMDetail>
<FuelGradeID>002</FuelGradeID>
<FGMPositionSummary>
<FuelPositionID>1</FuelPositionID>
<FGMSalesTotals>
<FuelGradeSalesVolume>0</FuelGradeSalesVolume>
<FuelGradeSalesAmount>0</FuelGradeSalesAmount>
<PumpTestTotals>
<PumpTestAmount>0</PumpTestAmount>
<PumpTestVolume>0</PumpTestVolume>
<ReturnTankID/>
</PumpTestTotals>
<TaxExemptSalesVolume>0</TaxExemptSalesVolume>
<DiscountAmount>0</DiscountAmount>
<DiscountCount>0</DiscountCount>
<DispenserDiscountAmount>0</DispenserDiscountAmount>
<DispenserDiscountCount>0</DispenserDiscountCount>
</FGMSalesTotals>
</FGMPositionSummary>
<FGMPositionSummary>
<FuelPositionID>2</FuelPositionID>
<FGMSalesTotals>
<FuelGradeSalesVolume>0</FuelGradeSalesVolume>
<FuelGradeSalesAmount>0</FuelGradeSalesAmount>
<PumpTestTotals>
<PumpTestAmount>0</PumpTestAmount>
<PumpTestVolume>0</PumpTestVolume>
<ReturnTankID/>
</PumpTestTotals>
<TaxExemptSalesVolume>0</TaxExemptSalesVolume>
<DiscountAmount>0</DiscountAmount>
<DiscountCount>0</DiscountCount>
<DispenserDiscountAmount>0</DispenserDiscountAmount>
<DispenserDiscountCount>0</DispenserDiscountCount>
</FGMSalesTotals>
</FGMPositionSummary>
<FGMPositionSummary>
<FuelPositionID>3</FuelPositionID>
<FGMSalesTotals>
<FuelGradeSalesVolume>0</FuelGradeSalesVolume>
<FuelGradeSalesAmount>0</FuelGradeSalesAmount>
<PumpTestTotals>
<PumpTestAmount>0</PumpTestAmount>
<PumpTestVolume>0</PumpTestVolume>
<ReturnTankID/>
</PumpTestTotals>
<TaxExemptSalesVolume>0</TaxExemptSalesVolume>
<DiscountAmount>0</DiscountAmount>
<DiscountCount>0</DiscountCount>
<DispenserDiscountAmount>0</DispenserDiscountAmount>
<DispenserDiscountCount>0</DispenserDiscountCount>
</FGMSalesTotals>
</FGMPositionSummary>
<FGMPositionSummary>
<FuelPositionID>4</FuelPositionID>
<FGMSalesTotals>
<FuelGradeSalesVolume>2.074</FuelGradeSalesVolume>
<FuelGradeSalesAmount>6.76</FuelGradeSalesAmount>
<PumpTestTotals>
<PumpTestAmount>0</PumpTestAmount>
<PumpTestVolume>0</PumpTestVolume>
<ReturnTankID/>
</PumpTestTotals>
<TaxExemptSalesVolume>0</TaxExemptSalesVolume>
<DiscountAmount>0</DiscountAmount>
<DiscountCount>0</DiscountCount>
<DispenserDiscountAmount>0</DispenserDiscountAmount>
<DispenserDiscountCount>0</DispenserDiscountCount>
</FGMSalesTotals>
</FGMPositionSummary>
<FGMPositionSummary>
<FuelPositionID>5</FuelPositionID>
<FGMSalesTotals>
<FuelGradeSalesVolume>0</FuelGradeSalesVolume>
<FuelGradeSalesAmount>0</FuelGradeSalesAmount>
<PumpTestTotals>
<PumpTestAmount>0</PumpTestAmount>
<PumpTestVolume>0</PumpTestVolume>
<ReturnTankID/>
</PumpTestTotals>
<TaxExemptSalesVolume>0</TaxExemptSalesVolume>
<DiscountAmount>0</DiscountAmount>
<DiscountCount>0</DiscountCount>
<DispenserDiscountAmount>0</DispenserDiscountAmount>
<DispenserDiscountCount>0</DispenserDiscountCount>
</FGMSalesTotals>
</FGMPositionSummary>
<FGMPositionSummary>
<FuelPositionID>6</FuelPositionID>
<FGMSalesTotals>
<FuelGradeSalesVolume>1.226</FuelGradeSalesVolume>
<FuelGradeSalesAmount>4</FuelGradeSalesAmount>
<PumpTestTotals>
<PumpTestAmount>0</PumpTestAmount>
<PumpTestVolume>0</PumpTestVolume>
<ReturnTankID/>
</PumpTestTotals>
<TaxExemptSalesVolume>0</TaxExemptSalesVolume>
<DiscountAmount>0</DiscountAmount>
<DiscountCount>0</DiscountCount>
<DispenserDiscountAmount>0</DispenserDiscountAmount>
<DispenserDiscountCount>0</DispenserDiscountCount>
</FGMSalesTotals>
</FGMPositionSummary>
<FGMPositionSummary>
<FuelPositionID>7</FuelPositionID>
<FGMSalesTotals>
<FuelGradeSalesVolume>0</FuelGradeSalesVolume>
<FuelGradeSalesAmount>0</FuelGradeSalesAmount>
<PumpTestTotals>
<PumpTestAmount>0</PumpTestAmount>
<PumpTestVolume>0</PumpTestVolume>
<ReturnTankID/>
</PumpTestTotals>
<TaxExemptSalesVolume>0</TaxExemptSalesVolume>
<DiscountAmount>0</DiscountAmount>
<DiscountCount>0</DiscountCount>
<DispenserDiscountAmount>0</DispenserDiscountAmount>
<DispenserDiscountCount>0</DispenserDiscountCount>
</FGMSalesTotals>
</FGMPositionSummary>
<FGMPositionSummary>
<FuelPositionID>8</FuelPositionID>
<FGMSalesTotals>
<FuelGradeSalesVolume>0</FuelGradeSalesVolume>
<FuelGradeSalesAmount>0</FuelGradeSalesAmount>
<PumpTestTotals>
<PumpTestAmount>0</PumpTestAmount>
<PumpTestVolume>0</PumpTestVolume>
<ReturnTankID/>
</PumpTestTotals>
<TaxExemptSalesVolume>0</TaxExemptSalesVolume>
<DiscountAmount>0</DiscountAmount>
<DiscountCount>0</DiscountCount>
<DispenserDiscountAmount>0</DispenserDiscountAmount>
<DispenserDiscountCount>0</DispenserDiscountCount>
</FGMSalesTotals>
</FGMPositionSummary>
</FGMDetail>
<FGMDetail>
<FuelGradeID>003</FuelGradeID>
<FGMPositionSummary>
<FuelPositionID>1</FuelPositionID>
<FGMSalesTotals>
<FuelGradeSalesVolume>2.978</FuelGradeSalesVolume>
<FuelGradeSalesAmount>10</FuelGradeSalesAmount>
<PumpTestTotals>
<PumpTestAmount>0</PumpTestAmount>
<PumpTestVolume>0</PumpTestVolume>
<ReturnTankID/>
</PumpTestTotals>
<TaxExemptSalesVolume>0</TaxExemptSalesVolume>
<DiscountAmount>0</DiscountAmount>
<DiscountCount>0</DiscountCount>
<DispenserDiscountAmount>0</DispenserDiscountAmount>
<DispenserDiscountCount>0</DispenserDiscountCount>
</FGMSalesTotals>
</FGMPositionSummary>
<FGMPositionSummary>
<FuelPositionID>2</FuelPositionID>
<FGMSalesTotals>
<FuelGradeSalesVolume>0</FuelGradeSalesVolume>
<FuelGradeSalesAmount>0</FuelGradeSalesAmount>
<PumpTestTotals>
<PumpTestAmount>0</PumpTestAmount>
<PumpTestVolume>0</PumpTestVolume>
<ReturnTankID/>
</PumpTestTotals>
<TaxExemptSalesVolume>0</TaxExemptSalesVolume>
<DiscountAmount>0</DiscountAmount>
<DiscountCount>0</DiscountCount>
<DispenserDiscountAmount>0</DispenserDiscountAmount>
<DispenserDiscountCount>0</DispenserDiscountCount>
</FGMSalesTotals>
</FGMPositionSummary>
<FGMPositionSummary>
<FuelPositionID>3</FuelPositionID>
<FGMSalesTotals>
<FuelGradeSalesVolume>0</FuelGradeSalesVolume>
<FuelGradeSalesAmount>0</FuelGradeSalesAmount>
<PumpTestTotals>
<PumpTestAmount>0</PumpTestAmount>
<PumpTestVolume>0</PumpTestVolume>
<ReturnTankID/>
</PumpTestTotals>
<TaxExemptSalesVolume>0</TaxExemptSalesVolume>
<DiscountAmount>0</DiscountAmount>
<DiscountCount>0</DiscountCount>
<DispenserDiscountAmount>0</DispenserDiscountAmount>
<DispenserDiscountCount>0</DispenserDiscountCount>
</FGMSalesTotals>
</FGMPositionSummary>
<FGMPositionSummary>
<FuelPositionID>4</FuelPositionID>
<FGMSalesTotals>
<FuelGradeSalesVolume>0</FuelGradeSalesVolume>
<FuelGradeSalesAmount>0</FuelGradeSalesAmount>
<PumpTestTotals>
<PumpTestAmount>0</PumpTestAmount>
<PumpTestVolume>0</PumpTestVolume>
<ReturnTankID/>
</PumpTestTotals>
<TaxExemptSalesVolume>0</TaxExemptSalesVolume>
<DiscountAmount>0</DiscountAmount>
<DiscountCount>0</DiscountCount>
<DispenserDiscountAmount>0</DispenserDiscountAmount>
<DispenserDiscountCount>0</DispenserDiscountCount>
</FGMSalesTotals>
</FGMPositionSummary>
<FGMPositionSummary>
<FuelPositionID>5</FuelPositionID>
<FGMSalesTotals>
<FuelGradeSalesVolume>5.954</FuelGradeSalesVolume>
<FuelGradeSalesAmount>20</FuelGradeSalesAmount>
<PumpTestTotals>
<PumpTestAmount>0</PumpTestAmount>
<PumpTestVolume>0</PumpTestVolume>
<ReturnTankID/>
</PumpTestTotals>
<TaxExemptSalesVolume>0</TaxExemptSalesVolume>
<DiscountAmount>0</DiscountAmount>
<DiscountCount>0</DiscountCount>
<DispenserDiscountAmount>0</DispenserDiscountAmount>
<DispenserDiscountCount>0</DispenserDiscountCount>
</FGMSalesTotals>
</FGMPositionSummary>
<FGMPositionSummary>
<FuelPositionID>6</FuelPositionID>
<FGMSalesTotals>
<FuelGradeSalesVolume>0</FuelGradeSalesVolume>
<FuelGradeSalesAmount>0</FuelGradeSalesAmount>
<PumpTestTotals>
<PumpTestAmount>0</PumpTestAmount>
<PumpTestVolume>0</PumpTestVolume>
<ReturnTankID/>
</PumpTestTotals>
<TaxExemptSalesVolume>0</TaxExemptSalesVolume>
<DiscountAmount>0</DiscountAmount>
<DiscountCount>0</DiscountCount>
<DispenserDiscountAmount>0</DispenserDiscountAmount>
<DispenserDiscountCount>0</DispenserDiscountCount>
</FGMSalesTotals>
</FGMPositionSummary>
<FGMPositionSummary>
<FuelPositionID>7</FuelPositionID>
<FGMSalesTotals>
<FuelGradeSalesVolume>0</FuelGradeSalesVolume>
<FuelGradeSalesAmount>0</FuelGradeSalesAmount>
<PumpTestTotals>
<PumpTestAmount>0</PumpTestAmount>
<PumpTestVolume>0</PumpTestVolume>
<ReturnTankID/>
</PumpTestTotals>
<TaxExemptSalesVolume>0</TaxExemptSalesVolume>
<DiscountAmount>0</DiscountAmount>
<DiscountCount>0</DiscountCount>
<DispenserDiscountAmount>0</DispenserDiscountAmount>
<DispenserDiscountCount>0</DispenserDiscountCount>
</FGMSalesTotals>
</FGMPositionSummary>
<FGMPositionSummary>
<FuelPositionID>8</FuelPositionID>
<FGMSalesTotals>
<FuelGradeSalesVolume>0</FuelGradeSalesVolume>
<FuelGradeSalesAmount>0</FuelGradeSalesAmount>
<PumpTestTotals>
<PumpTestAmount>0</PumpTestAmount>
<PumpTestVolume>0</PumpTestVolume>
<ReturnTankID/>
</PumpTestTotals>
<TaxExemptSalesVolume>0</TaxExemptSalesVolume>
<DiscountAmount>0</DiscountAmount>
<DiscountCount>0</DiscountCount>
<DispenserDiscountAmount>0</DispenserDiscountAmount>
<DispenserDiscountCount>0</DispenserDiscountCount>
</FGMSalesTotals>
</FGMPositionSummary>
</FGMDetail>
<FGMDetail>
<FuelGradeID>004</FuelGradeID>
<FGMPositionSummary>
<FuelPositionID>1</FuelPositionID>
<FGMSalesTotals>
<FuelGradeSalesVolume>0</FuelGradeSalesVolume>
<FuelGradeSalesAmount>0</FuelGradeSalesAmount>
<PumpTestTotals>
<PumpTestAmount>0</PumpTestAmount>
<PumpTestVolume>0</PumpTestVolume>
<ReturnTankID/>
</PumpTestTotals>
<TaxExemptSalesVolume>0</TaxExemptSalesVolume>
<DiscountAmount>0</DiscountAmount>
<DiscountCount>0</DiscountCount>
<DispenserDiscountAmount>0</DispenserDiscountAmount>
<DispenserDiscountCount>0</DispenserDiscountCount>
</FGMSalesTotals>
</FGMPositionSummary>
<FGMPositionSummary>
<FuelPositionID>2</FuelPositionID>
<FGMSalesTotals>
<FuelGradeSalesVolume>0</FuelGradeSalesVolume>
<FuelGradeSalesAmount>0</FuelGradeSalesAmount>
<PumpTestTotals>
<PumpTestAmount>0</PumpTestAmount>
<PumpTestVolume>0</PumpTestVolume>
<ReturnTankID/>
</PumpTestTotals>
<TaxExemptSalesVolume>0</TaxExemptSalesVolume>
<DiscountAmount>0</DiscountAmount>
<DiscountCount>0</DiscountCount>
<DispenserDiscountAmount>0</DispenserDiscountAmount>
<DispenserDiscountCount>0</DispenserDiscountCount>
</FGMSalesTotals>
</FGMPositionSummary>
</FGMDetail>
</FuelGradeMovement>
<FuelGradeMovement>
<MovementHeader>
<ReportSequenceNumber>1</ReportSequenceNumber>
<PrimaryReportPeriod>98</PrimaryReportPeriod>
<SecondaryReportPeriod>0</SecondaryReportPeriod>
<BusinessDate>2017-08-21</BusinessDate>
<BeginDate>2017-08-21</BeginDate>
<BeginTime>22:38:11</BeginTime>
<EndDate>2017-08-22</EndDate>
<EndTime>22:46:21</EndTime>
</MovementHeader>
<SalesMovementHeader>
<RegisterID>1</RegisterID>
<CashierID>3</CashierID>
<TillID>2081</TillID>
</SalesMovementHeader>
<FGMDetail>
<FuelGradeID>001</FuelGradeID>
<FGMPositionSummary>
<FuelPositionID>1</FuelPositionID>
<FGMSalesTotals>
<FuelGradeSalesVolume>15.828</FuelGradeSalesVolume>
<FuelGradeSalesAmount>50</FuelGradeSalesAmount>
<PumpTestTotals>
<PumpTestAmount>0</PumpTestAmount>
<PumpTestVolume>0</PumpTestVolume>
<ReturnTankID/>
</PumpTestTotals>
<TaxExemptSalesVolume>0</TaxExemptSalesVolume>
<DiscountAmount>0</DiscountAmount>
<DiscountCount>0</DiscountCount>
<DispenserDiscountAmount>0</DispenserDiscountAmount>
<DispenserDiscountCount>0</DispenserDiscountCount>
</FGMSalesTotals>
</FGMPositionSummary>
<FGMPositionSummary>
<FuelPositionID>2</FuelPositionID>
<FGMSalesTotals>
<FuelGradeSalesVolume>33.313</FuelGradeSalesVolume>
<FuelGradeSalesAmount>105.24</FuelGradeSalesAmount>
<PumpTestTotals>
<PumpTestAmount>0</PumpTestAmount>
<PumpTestVolume>0</PumpTestVolume>
<ReturnTankID/>
</PumpTestTotals>
<TaxExemptSalesVolume>0</TaxExemptSalesVolume>
<DiscountAmount>0</DiscountAmount>
<DiscountCount>0</DiscountCount>
<DispenserDiscountAmount>0</DispenserDiscountAmount>
<DispenserDiscountCount>0</DispenserDiscountCount>
</FGMSalesTotals>
</FGMPositionSummary>
<FGMPositionSummary>
<FuelPositionID>3</FuelPositionID>
<FGMSalesTotals>
<FuelGradeSalesVolume>9.814</FuelGradeSalesVolume>
<FuelGradeSalesAmount>31</FuelGradeSalesAmount>
<PumpTestTotals>
<PumpTestAmount>0</PumpTestAmount>
<PumpTestVolume>0</PumpTestVolume>
<ReturnTankID/>
</PumpTestTotals>
<TaxExemptSalesVolume>0</TaxExemptSalesVolume>
<DiscountAmount>0</DiscountAmount>
<DiscountCount>0</DiscountCount>
<DispenserDiscountAmount>0</DispenserDiscountAmount>
<DispenserDiscountCount>0</DispenserDiscountCount>
</FGMSalesTotals>
</FGMPositionSummary>
<FGMPositionSummary>
<FuelPositionID>4</FuelPositionID>
<FGMSalesTotals>
<FuelGradeSalesVolume>6.48</FuelGradeSalesVolume>
<FuelGradeSalesAmount>20.47</FuelGradeSalesAmount>
<PumpTestTotals>
<PumpTestAmount>0</PumpTestAmount>
<PumpTestVolume>0</PumpTestVolume>
<ReturnTankID/>
</PumpTestTotals>
<TaxExemptSalesVolume>0</TaxExemptSalesVolume>
<DiscountAmount>0</DiscountAmount>
<DiscountCount>0</DiscountCount>
<DispenserDiscountAmount>0</DispenserDiscountAmount>
<DispenserDiscountCount>0</DispenserDiscountCount>
</FGMSalesTotals>
</FGMPositionSummary>
<FGMPositionSummary>
<FuelPositionID>5</FuelPositionID>
<FGMSalesTotals>
<FuelGradeSalesVolume>24.012</FuelGradeSalesVolume>
<FuelGradeSalesAmount>75.85</FuelGradeSalesAmount>
<PumpTestTotals>
<PumpTestAmount>0</PumpTestAmount>
<PumpTestVolume>0</PumpTestVolume>
<ReturnTankID/>
</PumpTestTotals>
<TaxExemptSalesVolume>0</TaxExemptSalesVolume>
<DiscountAmount>0</DiscountAmount>
<DiscountCount>0</DiscountCount>
<DispenserDiscountAmount>0</DispenserDiscountAmount>
<DispenserDiscountCount>0</DispenserDiscountCount>
</FGMSalesTotals>
</FGMPositionSummary>
<FGMPositionSummary>
<FuelPositionID>6</FuelPositionID>
<FGMSalesTotals>
<FuelGradeSalesVolume>29.008</FuelGradeSalesVolume>
<FuelGradeSalesAmount>91.63</FuelGradeSalesAmount>
<PumpTestTotals>
<PumpTestAmount>0</PumpTestAmount>
<PumpTestVolume>0</PumpTestVolume>
<ReturnTankID/>
</PumpTestTotals>
<TaxExemptSalesVolume>0</TaxExemptSalesVolume>
<DiscountAmount>0</DiscountAmount>
<DiscountCount>0</DiscountCount>
<DispenserDiscountAmount>0</DispenserDiscountAmount>
<DispenserDiscountCount>0</DispenserDiscountCount>
</FGMSalesTotals>
</FGMPositionSummary>
<FGMPositionSummary>
<FuelPositionID>7</FuelPositionID>
<FGMSalesTotals>
<FuelGradeSalesVolume>0</FuelGradeSalesVolume>
<FuelGradeSalesAmount>0</FuelGradeSalesAmount>
<PumpTestTotals>
<PumpTestAmount>0</PumpTestAmount>
<PumpTestVolume>0</PumpTestVolume>
<ReturnTankID/>
</PumpTestTotals>
<TaxExemptSalesVolume>0</TaxExemptSalesVolume>
<DiscountAmount>0</DiscountAmount>
<DiscountCount>0</DiscountCount>
<DispenserDiscountAmount>0</DispenserDiscountAmount>
<DispenserDiscountCount>0</DispenserDiscountCount>
</FGMSalesTotals>
</FGMPositionSummary>
<FGMPositionSummary>
<FuelPositionID>8</FuelPositionID>
<FGMSalesTotals>
<FuelGradeSalesVolume>12.662</FuelGradeSalesVolume>
<FuelGradeSalesAmount>40</FuelGradeSalesAmount>
<PumpTestTotals>
<PumpTestAmount>0</PumpTestAmount>
<PumpTestVolume>0</PumpTestVolume>
<ReturnTankID/>
</PumpTestTotals>
<TaxExemptSalesVolume>0</TaxExemptSalesVolume>
<DiscountAmount>0</DiscountAmount>
<DiscountCount>0</DiscountCount>
<DispenserDiscountAmount>0</DispenserDiscountAmount>
<DispenserDiscountCount>0</DispenserDiscountCount>
</FGMSalesTotals>
</FGMPositionSummary>
</FGMDetail>
<FGMDetail>
<FuelGradeID>002</FuelGradeID>
<FGMPositionSummary>
<FuelPositionID>1</FuelPositionID>
<FGMSalesTotals>
<FuelGradeSalesVolume>1.228</FuelGradeSalesVolume>
<FuelGradeSalesAmount>4</FuelGradeSalesAmount>
<PumpTestTotals>
<PumpTestAmount>0</PumpTestAmount>
<PumpTestVolume>0</PumpTestVolume>
<ReturnTankID/>
</PumpTestTotals>
<TaxExemptSalesVolume>0</TaxExemptSalesVolume>
<DiscountAmount>0</DiscountAmount>
<DiscountCount>0</DiscountCount>
<DispenserDiscountAmount>0</DispenserDiscountAmount>
<DispenserDiscountCount>0</DispenserDiscountCount>
</FGMSalesTotals>
</FGMPositionSummary>
<FGMPositionSummary>
<FuelPositionID>2</FuelPositionID>
<FGMSalesTotals>
<FuelGradeSalesVolume>0</FuelGradeSalesVolume>
<FuelGradeSalesAmount>0</FuelGradeSalesAmount>
<PumpTestTotals>
<PumpTestAmount>0</PumpTestAmount>
<PumpTestVolume>0</PumpTestVolume>
<ReturnTankID/>
</PumpTestTotals>
<TaxExemptSalesVolume>0</TaxExemptSalesVolume>
<DiscountAmount>0</DiscountAmount>
<DiscountCount>0</DiscountCount>
<DispenserDiscountAmount>0</DispenserDiscountAmount>
<DispenserDiscountCount>0</DispenserDiscountCount>
</FGMSalesTotals>
</FGMPositionSummary>
<FGMPositionSummary>
<FuelPositionID>3</FuelPositionID>
<FGMSalesTotals>
<FuelGradeSalesVolume>7.672</FuelGradeSalesVolume>
<FuelGradeSalesAmount>25</FuelGradeSalesAmount>
<PumpTestTotals>
<PumpTestAmount>0</PumpTestAmount>
<PumpTestVolume>0</PumpTestVolume>
<ReturnTankID/>
</PumpTestTotals>
<TaxExemptSalesVolume>0</TaxExemptSalesVolume>
<DiscountAmount>0</DiscountAmount>
<DiscountCount>0</DiscountCount>
<DispenserDiscountAmount>0</DispenserDiscountAmount>
<DispenserDiscountCount>0</DispenserDiscountCount>
</FGMSalesTotals>
</FGMPositionSummary>
<FGMPositionSummary>
<FuelPositionID>4</FuelPositionID>
<FGMSalesTotals>
<FuelGradeSalesVolume>6.136</FuelGradeSalesVolume>
<FuelGradeSalesAmount>20</FuelGradeSalesAmount>
<PumpTestTotals>
<PumpTestAmount>0</PumpTestAmount>
<PumpTestVolume>0</PumpTestVolume>
<ReturnTankID/>
</PumpTestTotals>
<TaxExemptSalesVolume>0</TaxExemptSalesVolume>
<DiscountAmount>0</DiscountAmount>
<DiscountCount>0</DiscountCount>
<DispenserDiscountAmount>0</DispenserDiscountAmount>
<DispenserDiscountCount>0</DispenserDiscountCount>
</FGMSalesTotals>
</FGMPositionSummary>
<FGMPositionSummary>
<FuelPositionID>5</FuelPositionID>
<FGMSalesTotals>
<FuelGradeSalesVolume>0</FuelGradeSalesVolume>
<FuelGradeSalesAmount>0</FuelGradeSalesAmount>
<PumpTestTotals>
<PumpTestAmount>0</PumpTestAmount>
<PumpTestVolume>0</PumpTestVolume>
<ReturnTankID/>
</PumpTestTotals>
<TaxExemptSalesVolume>0</TaxExemptSalesVolume>
<DiscountAmount>0</DiscountAmount>
<DiscountCount>0</DiscountCount>
<DispenserDiscountAmount>0</DispenserDiscountAmount>
<DispenserDiscountCount>0</DispenserDiscountCount>
</FGMSalesTotals>
</FGMPositionSummary>
<FGMPositionSummary>
<FuelPositionID>6</FuelPositionID>
<FGMSalesTotals>
<FuelGradeSalesVolume>0</FuelGradeSalesVolume>
<FuelGradeSalesAmount>0</FuelGradeSalesAmount>
<PumpTestTotals>
<PumpTestAmount>0</PumpTestAmount>
<PumpTestVolume>0</PumpTestVolume>
<ReturnTankID/>
</PumpTestTotals>
<TaxExemptSalesVolume>0</TaxExemptSalesVolume>
<DiscountAmount>0</DiscountAmount>
<DiscountCount>0</DiscountCount>
<DispenserDiscountAmount>0</DispenserDiscountAmount>
<DispenserDiscountCount>0</DispenserDiscountCount>
</FGMSalesTotals>
</FGMPositionSummary>
<FGMPositionSummary>
<FuelPositionID>7</FuelPositionID>
<FGMSalesTotals>
<FuelGradeSalesVolume>0</FuelGradeSalesVolume>
<FuelGradeSalesAmount>0</FuelGradeSalesAmount>
<PumpTestTotals>
<PumpTestAmount>0</PumpTestAmount>
<PumpTestVolume>0</PumpTestVolume>
<ReturnTankID/>
</PumpTestTotals>
<TaxExemptSalesVolume>0</TaxExemptSalesVolume>
<DiscountAmount>0</DiscountAmount>
<DiscountCount>0</DiscountCount>
<DispenserDiscountAmount>0</DispenserDiscountAmount>
<DispenserDiscountCount>0</DispenserDiscountCount>
</FGMSalesTotals>
</FGMPositionSummary>
<FGMPositionSummary>
<FuelPositionID>8</FuelPositionID>
<FGMSalesTotals>
<FuelGradeSalesVolume>0</FuelGradeSalesVolume>
<FuelGradeSalesAmount>0</FuelGradeSalesAmount>
<PumpTestTotals>
<PumpTestAmount>0</PumpTestAmount>
<PumpTestVolume>0</PumpTestVolume>
<ReturnTankID/>
</PumpTestTotals>
<TaxExemptSalesVolume>0</TaxExemptSalesVolume>
<DiscountAmount>0</DiscountAmount>
<DiscountCount>0</DiscountCount>
<DispenserDiscountAmount>0</DispenserDiscountAmount>
<DispenserDiscountCount>0</DispenserDiscountCount>
</FGMSalesTotals>
</FGMPositionSummary>
</FGMDetail>
<FGMDetail>
<FuelGradeID>003</FuelGradeID>
<FGMPositionSummary>
<FuelPositionID>1</FuelPositionID>
<FGMSalesTotals>
<FuelGradeSalesVolume>1.488</FuelGradeSalesVolume>
<FuelGradeSalesAmount>5</FuelGradeSalesAmount>
<PumpTestTotals>
<PumpTestAmount>0</PumpTestAmount>
<PumpTestVolume>0</PumpTestVolume>
<ReturnTankID/>
</PumpTestTotals>
<TaxExemptSalesVolume>0</TaxExemptSalesVolume>
<DiscountAmount>0</DiscountAmount>
<DiscountCount>0</DiscountCount>
<DispenserDiscountAmount>0</DispenserDiscountAmount>
<DispenserDiscountCount>0</DispenserDiscountCount>
</FGMSalesTotals>
</FGMPositionSummary>
<FGMPositionSummary>
<FuelPositionID>2</FuelPositionID>
<FGMSalesTotals>
<FuelGradeSalesVolume>0</FuelGradeSalesVolume>
<FuelGradeSalesAmount>0</FuelGradeSalesAmount>
<PumpTestTotals>
<PumpTestAmount>0</PumpTestAmount>
<PumpTestVolume>0</PumpTestVolume>
<ReturnTankID/>
</PumpTestTotals>
<TaxExemptSalesVolume>0</TaxExemptSalesVolume>
<DiscountAmount>0</DiscountAmount>
<DiscountCount>0</DiscountCount>
<DispenserDiscountAmount>0</DispenserDiscountAmount>
<DispenserDiscountCount>0</DispenserDiscountCount>
</FGMSalesTotals>
</FGMPositionSummary>
<FGMPositionSummary>
<FuelPositionID>3</FuelPositionID>
<FGMSalesTotals>
<FuelGradeSalesVolume>0</FuelGradeSalesVolume>
<FuelGradeSalesAmount>0</FuelGradeSalesAmount>
<PumpTestTotals>
<PumpTestAmount>0</PumpTestAmount>
<PumpTestVolume>0</PumpTestVolume>
<ReturnTankID/>
</PumpTestTotals>
<TaxExemptSalesVolume>0</TaxExemptSalesVolume>
<DiscountAmount>0</DiscountAmount>
<DiscountCount>0</DiscountCount>
<DispenserDiscountAmount>0</DispenserDiscountAmount>
<DispenserDiscountCount>0</DispenserDiscountCount>
</FGMSalesTotals>
</FGMPositionSummary>
<FGMPositionSummary>
<FuelPositionID>4</FuelPositionID>
<FGMSalesTotals>
<FuelGradeSalesVolume>0</FuelGradeSalesVolume>
<FuelGradeSalesAmount>0</FuelGradeSalesAmount>
<PumpTestTotals>
<PumpTestAmount>0</PumpTestAmount>
<PumpTestVolume>0</PumpTestVolume>
<ReturnTankID/>
</PumpTestTotals>
<TaxExemptSalesVolume>0</TaxExemptSalesVolume>
<DiscountAmount>0</DiscountAmount>
<DiscountCount>0</DiscountCount>
<DispenserDiscountAmount>0</DispenserDiscountAmount>
<DispenserDiscountCount>0</DispenserDiscountCount>
</FGMSalesTotals>
</FGMPositionSummary>
<FGMPositionSummary>
<FuelPositionID>5</FuelPositionID>
<FGMSalesTotals>
<FuelGradeSalesVolume>0</FuelGradeSalesVolume>
<FuelGradeSalesAmount>0</FuelGradeSalesAmount>
<PumpTestTotals>
<PumpTestAmount>0</PumpTestAmount>
<PumpTestVolume>0</PumpTestVolume>
<ReturnTankID/>
</PumpTestTotals>
<TaxExemptSalesVolume>0</TaxExemptSalesVolume>
<DiscountAmount>0</DiscountAmount>
<DiscountCount>0</DiscountCount>
<DispenserDiscountAmount>0</DispenserDiscountAmount>
<DispenserDiscountCount>0</DispenserDiscountCount>
</FGMSalesTotals>
</FGMPositionSummary>
<FGMPositionSummary>
<FuelPositionID>6</FuelPositionID>
<FGMSalesTotals>
<FuelGradeSalesVolume>0</FuelGradeSalesVolume>
<FuelGradeSalesAmount>0</FuelGradeSalesAmount>
<PumpTestTotals>
<PumpTestAmount>0</PumpTestAmount>
<PumpTestVolume>0</PumpTestVolume>
<ReturnTankID/>
</PumpTestTotals>
<TaxExemptSalesVolume>0</TaxExemptSalesVolume>
<DiscountAmount>0</DiscountAmount>
<DiscountCount>0</DiscountCount>
<DispenserDiscountAmount>0</DispenserDiscountAmount>
<DispenserDiscountCount>0</DispenserDiscountCount>
</FGMSalesTotals>
</FGMPositionSummary>
<FGMPositionSummary>
<FuelPositionID>7</FuelPositionID>
<FGMSalesTotals>
<FuelGradeSalesVolume>7.442</FuelGradeSalesVolume>
<FuelGradeSalesAmount>25</FuelGradeSalesAmount>
<PumpTestTotals>
<PumpTestAmount>0</PumpTestAmount>
<PumpTestVolume>0</PumpTestVolume>
<ReturnTankID/>
</PumpTestTotals>
<TaxExemptSalesVolume>0</TaxExemptSalesVolume>
<DiscountAmount>0</DiscountAmount>
<DiscountCount>0</DiscountCount>
<DispenserDiscountAmount>0</DispenserDiscountAmount>
<DispenserDiscountCount>0</DispenserDiscountCount>
</FGMSalesTotals>
</FGMPositionSummary>
<FGMPositionSummary>
<FuelPositionID>8</FuelPositionID>
<FGMSalesTotals>
<FuelGradeSalesVolume>0</FuelGradeSalesVolume>
<FuelGradeSalesAmount>0</FuelGradeSalesAmount>
<PumpTestTotals>
<PumpTestAmount>0</PumpTestAmount>
<PumpTestVolume>0</PumpTestVolume>
<ReturnTankID/>
</PumpTestTotals>
<TaxExemptSalesVolume>0</TaxExemptSalesVolume>
<DiscountAmount>0</DiscountAmount>
<DiscountCount>0</DiscountCount>
<DispenserDiscountAmount>0</DispenserDiscountAmount>
<DispenserDiscountCount>0</DispenserDiscountCount>
</FGMSalesTotals>
</FGMPositionSummary>
</FGMDetail>
<FGMDetail>
<FuelGradeID>004</FuelGradeID>
<FGMPositionSummary>
<FuelPositionID>1</FuelPositionID>
<FGMSalesTotals>
<FuelGradeSalesVolume>0</FuelGradeSalesVolume>
<FuelGradeSalesAmount>0</FuelGradeSalesAmount>
<PumpTestTotals>
<PumpTestAmount>0</PumpTestAmount>
<PumpTestVolume>0</PumpTestVolume>
<ReturnTankID/>
</PumpTestTotals>
<TaxExemptSalesVolume>0</TaxExemptSalesVolume>
<DiscountAmount>0</DiscountAmount>
<DiscountCount>0</DiscountCount>
<DispenserDiscountAmount>0</DispenserDiscountAmount>
<DispenserDiscountCount>0</DispenserDiscountCount>
</FGMSalesTotals>
</FGMPositionSummary>
<FGMPositionSummary>
<FuelPositionID>2</FuelPositionID>
<FGMSalesTotals>
<FuelGradeSalesVolume>0</FuelGradeSalesVolume>
<FuelGradeSalesAmount>0</FuelGradeSalesAmount>
<PumpTestTotals>
<PumpTestAmount>0</PumpTestAmount>
<PumpTestVolume>0</PumpTestVolume>
<ReturnTankID/>
</PumpTestTotals>
<TaxExemptSalesVolume>0</TaxExemptSalesVolume>
<DiscountAmount>0</DiscountAmount>
<DiscountCount>0</DiscountCount>
<DispenserDiscountAmount>0</DispenserDiscountAmount>
<DispenserDiscountCount>0</DispenserDiscountCount>
</FGMSalesTotals>
</FGMPositionSummary>
</FGMDetail>
</FuelGradeMovement>
<FuelGradeMovement>
<MovementHeader>
<ReportSequenceNumber>1</ReportSequenceNumber>
<PrimaryReportPeriod>98</PrimaryReportPeriod>
<SecondaryReportPeriod>0</SecondaryReportPeriod>
<BusinessDate>2017-08-21</BusinessDate>
<BeginDate>2017-08-21</BeginDate>
<BeginTime>22:38:11</BeginTime>
<EndDate>2017-08-22</EndDate>
<EndTime>22:46:21</EndTime>
</MovementHeader>
<SalesMovementHeader>
<RegisterID>1</RegisterID>
<CashierID>3</CashierID>
<TillID>2082</TillID>
</SalesMovementHeader>
<FGMDetail>
<FuelGradeID>001</FuelGradeID>
<FGMPositionSummary>
<FuelPositionID>1</FuelPositionID>
<FGMSalesTotals>
<FuelGradeSalesVolume>9.498</FuelGradeSalesVolume>
<FuelGradeSalesAmount>30</FuelGradeSalesAmount>
<PumpTestTotals>
<PumpTestAmount>0</PumpTestAmount>
<PumpTestVolume>0</PumpTestVolume>
<ReturnTankID/>
</PumpTestTotals>
<TaxExemptSalesVolume>0</TaxExemptSalesVolume>
<DiscountAmount>0</DiscountAmount>
<DiscountCount>0</DiscountCount>
<DispenserDiscountAmount>0</DispenserDiscountAmount>
<DispenserDiscountCount>0</DispenserDiscountCount>
</FGMSalesTotals>
</FGMPositionSummary>
<FGMPositionSummary>
<FuelPositionID>2</FuelPositionID>
<FGMSalesTotals>
<FuelGradeSalesVolume>12.976</FuelGradeSalesVolume>
<FuelGradeSalesAmount>40.99</FuelGradeSalesAmount>
<PumpTestTotals>
<PumpTestAmount>0</PumpTestAmount>
<PumpTestVolume>0</PumpTestVolume>
<ReturnTankID/>
</PumpTestTotals>
<TaxExemptSalesVolume>0</TaxExemptSalesVolume>
<DiscountAmount>0</DiscountAmount>
<DiscountCount>0</DiscountCount>
<DispenserDiscountAmount>0</DispenserDiscountAmount>
<DispenserDiscountCount>0</DispenserDiscountCount>
</FGMSalesTotals>
</FGMPositionSummary>
<FGMPositionSummary>
<FuelPositionID>3</FuelPositionID>
<FGMSalesTotals>
<FuelGradeSalesVolume>15.828</FuelGradeSalesVolume>
<FuelGradeSalesAmount>50</FuelGradeSalesAmount>
<PumpTestTotals>
<PumpTestAmount>0</PumpTestAmount>
<PumpTestVolume>0</PumpTestVolume>
<ReturnTankID/>
</PumpTestTotals>
<TaxExemptSalesVolume>0</TaxExemptSalesVolume>
<DiscountAmount>0</DiscountAmount>
<DiscountCount>0</DiscountCount>
<DispenserDiscountAmount>0</DispenserDiscountAmount>
<DispenserDiscountCount>0</DispenserDiscountCount>
</FGMSalesTotals>
</FGMPositionSummary>
<FGMPositionSummary>
<FuelPositionID>4</FuelPositionID>
<FGMSalesTotals>
<FuelGradeSalesVolume>33.627</FuelGradeSalesVolume>
<FuelGradeSalesAmount>106.23</FuelGradeSalesAmount>
<PumpTestTotals>
<PumpTestAmount>0</PumpTestAmount>
<PumpTestVolume>0</PumpTestVolume>
<ReturnTankID/>
</PumpTestTotals>
<TaxExemptSalesVolume>0</TaxExemptSalesVolume>
<DiscountAmount>0</DiscountAmount>
<DiscountCount>0</DiscountCount>
<DispenserDiscountAmount>0</DispenserDiscountAmount>
<DispenserDiscountCount>0</DispenserDiscountCount>
</FGMSalesTotals>
</FGMPositionSummary>
<FGMPositionSummary>
<FuelPositionID>5</FuelPositionID>
<FGMSalesTotals>
<FuelGradeSalesVolume>42.738</FuelGradeSalesVolume>
<FuelGradeSalesAmount>135</FuelGradeSalesAmount>
<PumpTestTotals>
<PumpTestAmount>0</PumpTestAmount>
<PumpTestVolume>0</PumpTestVolume>
<ReturnTankID/>
</PumpTestTotals>
<TaxExemptSalesVolume>0</TaxExemptSalesVolume>
<DiscountAmount>0</DiscountAmount>
<DiscountCount>0</DiscountCount>
<DispenserDiscountAmount>0</DispenserDiscountAmount>
<DispenserDiscountCount>0</DispenserDiscountCount>
</FGMSalesTotals>
</FGMPositionSummary>
<FGMPositionSummary>
<FuelPositionID>6</FuelPositionID>
<FGMSalesTotals>
<FuelGradeSalesVolume>40.741</FuelGradeSalesVolume>
<FuelGradeSalesAmount>128.69</FuelGradeSalesAmount>
<PumpTestTotals>
<PumpTestAmount>0</PumpTestAmount>
<PumpTestVolume>0</PumpTestVolume>
<ReturnTankID/>
</PumpTestTotals>
<TaxExemptSalesVolume>0</TaxExemptSalesVolume>
<DiscountAmount>0</DiscountAmount>
<DiscountCount>0</DiscountCount>
<DispenserDiscountAmount>0</DispenserDiscountAmount>
<DispenserDiscountCount>0</DispenserDiscountCount>
</FGMSalesTotals>
</FGMPositionSummary>
<FGMPositionSummary>
<FuelPositionID>7</FuelPositionID>
<FGMSalesTotals>
<FuelGradeSalesVolume>9.496</FuelGradeSalesVolume>
<FuelGradeSalesAmount>30</FuelGradeSalesAmount>
<PumpTestTotals>
<PumpTestAmount>0</PumpTestAmount>
<PumpTestVolume>0</PumpTestVolume>
<ReturnTankID/>
</PumpTestTotals>
<TaxExemptSalesVolume>0</TaxExemptSalesVolume>
<DiscountAmount>0</DiscountAmount>
<DiscountCount>0</DiscountCount>
<DispenserDiscountAmount>0</DispenserDiscountAmount>
<DispenserDiscountCount>0</DispenserDiscountCount>
</FGMSalesTotals>
</FGMPositionSummary>
<FGMPositionSummary>
<FuelPositionID>8</FuelPositionID>
<FGMSalesTotals>
<FuelGradeSalesVolume>6.622</FuelGradeSalesVolume>
<FuelGradeSalesAmount>20.92</FuelGradeSalesAmount>
<PumpTestTotals>
<PumpTestAmount>0</PumpTestAmount>
<PumpTestVolume>0</PumpTestVolume>
<ReturnTankID/>
</PumpTestTotals>
<TaxExemptSalesVolume>0</TaxExemptSalesVolume>
<DiscountAmount>0</DiscountAmount>
<DiscountCount>0</DiscountCount>
<DispenserDiscountAmount>0</DispenserDiscountAmount>
<DispenserDiscountCount>0</DispenserDiscountCount>
</FGMSalesTotals>
</FGMPositionSummary>
</FGMDetail>
<FGMDetail>
<FuelGradeID>002</FuelGradeID>
<FGMPositionSummary>
<FuelPositionID>1</FuelPositionID>
<FGMSalesTotals>
<FuelGradeSalesVolume>3.068</FuelGradeSalesVolume>
<FuelGradeSalesAmount>10</FuelGradeSalesAmount>
<PumpTestTotals>
<PumpTestAmount>0</PumpTestAmount>
<PumpTestVolume>0</PumpTestVolume>
<ReturnTankID/>
</PumpTestTotals>
<TaxExemptSalesVolume>0</TaxExemptSalesVolume>
<DiscountAmount>0</DiscountAmount>
<DiscountCount>0</DiscountCount>
<DispenserDiscountAmount>0</DispenserDiscountAmount>
<DispenserDiscountCount>0</DispenserDiscountCount>
</FGMSalesTotals>
</FGMPositionSummary>
<FGMPositionSummary>
<FuelPositionID>2</FuelPositionID>
<FGMSalesTotals>
<FuelGradeSalesVolume>0</FuelGradeSalesVolume>
<FuelGradeSalesAmount>0</FuelGradeSalesAmount>
<PumpTestTotals>
<PumpTestAmount>0</PumpTestAmount>
<PumpTestVolume>0</PumpTestVolume>
<ReturnTankID/>
</PumpTestTotals>
<TaxExemptSalesVolume>0</TaxExemptSalesVolume>
<DiscountAmount>0</DiscountAmount>
<DiscountCount>0</DiscountCount>
<DispenserDiscountAmount>0</DispenserDiscountAmount>
<DispenserDiscountCount>0</DispenserDiscountCount>
</FGMSalesTotals>
</FGMPositionSummary>
<FGMPositionSummary>
<FuelPositionID>3</FuelPositionID>
<FGMSalesTotals>
<FuelGradeSalesVolume>0</FuelGradeSalesVolume>
<FuelGradeSalesAmount>0</FuelGradeSalesAmount>
<PumpTestTotals>
<PumpTestAmount>0</PumpTestAmount>
<PumpTestVolume>0</PumpTestVolume>
<ReturnTankID/>
</PumpTestTotals>
<TaxExemptSalesVolume>0</TaxExemptSalesVolume>
<DiscountAmount>0</DiscountAmount>
<DiscountCount>0</DiscountCount>
<DispenserDiscountAmount>0</DispenserDiscountAmount>
<DispenserDiscountCount>0</DispenserDiscountCount>
</FGMSalesTotals>
</FGMPositionSummary>
<FGMPositionSummary>
<FuelPositionID>4</FuelPositionID>
<FGMSalesTotals>
<FuelGradeSalesVolume>14.348</FuelGradeSalesVolume>
<FuelGradeSalesAmount>46.76</FuelGradeSalesAmount>
<PumpTestTotals>
<PumpTestAmount>0</PumpTestAmount>
<PumpTestVolume>0</PumpTestVolume>
<ReturnTankID/>
</PumpTestTotals>
<TaxExemptSalesVolume>0</TaxExemptSalesVolume>
<DiscountAmount>0</DiscountAmount>
<DiscountCount>0</DiscountCount>
<DispenserDiscountAmount>0</DispenserDiscountAmount>
<DispenserDiscountCount>0</DispenserDiscountCount>
</FGMSalesTotals>
</FGMPositionSummary>
<FGMPositionSummary>
<FuelPositionID>5</FuelPositionID>
<FGMSalesTotals>
<FuelGradeSalesVolume>0</FuelGradeSalesVolume>
<FuelGradeSalesAmount>0</FuelGradeSalesAmount>
<PumpTestTotals>
<PumpTestAmount>0</PumpTestAmount>
<PumpTestVolume>0</PumpTestVolume>
<ReturnTankID/>
</PumpTestTotals>
<TaxExemptSalesVolume>0</TaxExemptSalesVolume>
<DiscountAmount>0</DiscountAmount>
<DiscountCount>0</DiscountCount>
<DispenserDiscountAmount>0</DispenserDiscountAmount>
<DispenserDiscountCount>0</DispenserDiscountCount>
</FGMSalesTotals>
</FGMPositionSummary>
<FGMPositionSummary>
<FuelPositionID>6</FuelPositionID>
<FGMSalesTotals>
<FuelGradeSalesVolume>13.808</FuelGradeSalesVolume>
<FuelGradeSalesAmount>45</FuelGradeSalesAmount>
<PumpTestTotals>
<PumpTestAmount>0</PumpTestAmount>
<PumpTestVolume>0</PumpTestVolume>
<ReturnTankID/>
</PumpTestTotals>
<TaxExemptSalesVolume>0</TaxExemptSalesVolume>
<DiscountAmount>0</DiscountAmount>
<DiscountCount>0</DiscountCount>
<DispenserDiscountAmount>0</DispenserDiscountAmount>
<DispenserDiscountCount>0</DispenserDiscountCount>
</FGMSalesTotals>
</FGMPositionSummary>
<FGMPositionSummary>
<FuelPositionID>7</FuelPositionID>
<FGMSalesTotals>
<FuelGradeSalesVolume>17.184</FuelGradeSalesVolume>
<FuelGradeSalesAmount>56</FuelGradeSalesAmount>
<PumpTestTotals>
<PumpTestAmount>0</PumpTestAmount>
<PumpTestVolume>0</PumpTestVolume>
<ReturnTankID/>
</PumpTestTotals>
<TaxExemptSalesVolume>0</TaxExemptSalesVolume>
<DiscountAmount>0</DiscountAmount>
<DiscountCount>0</DiscountCount>
<DispenserDiscountAmount>0</DispenserDiscountAmount>
<DispenserDiscountCount>0</DispenserDiscountCount>
</FGMSalesTotals>
</FGMPositionSummary>
<FGMPositionSummary>
<FuelPositionID>8</FuelPositionID>
<FGMSalesTotals>
<FuelGradeSalesVolume>5.216</FuelGradeSalesVolume>
<FuelGradeSalesAmount>17</FuelGradeSalesAmount>
<PumpTestTotals>
<PumpTestAmount>0</PumpTestAmount>
<PumpTestVolume>0</PumpTestVolume>
<ReturnTankID/>
</PumpTestTotals>
<TaxExemptSalesVolume>0</TaxExemptSalesVolume>
<DiscountAmount>0</DiscountAmount>
<DiscountCount>0</DiscountCount>
<DispenserDiscountAmount>0</DispenserDiscountAmount>
<DispenserDiscountCount>0</DispenserDiscountCount>
</FGMSalesTotals>
</FGMPositionSummary>
</FGMDetail>
<FGMDetail>
<FuelGradeID>003</FuelGradeID>
<FGMPositionSummary>
<FuelPositionID>1</FuelPositionID>
<FGMSalesTotals>
<FuelGradeSalesVolume>0</FuelGradeSalesVolume>
<FuelGradeSalesAmount>0</FuelGradeSalesAmount>
<PumpTestTotals>
<PumpTestAmount>0</PumpTestAmount>
<PumpTestVolume>0</PumpTestVolume>
<ReturnTankID/>
</PumpTestTotals>
<TaxExemptSalesVolume>0</TaxExemptSalesVolume>
<DiscountAmount>0</DiscountAmount>
<DiscountCount>0</DiscountCount>
<DispenserDiscountAmount>0</DispenserDiscountAmount>
<DispenserDiscountCount>0</DispenserDiscountCount>
</FGMSalesTotals>
</FGMPositionSummary>
<FGMPositionSummary>
<FuelPositionID>2</FuelPositionID>
<FGMSalesTotals>
<FuelGradeSalesVolume>0</FuelGradeSalesVolume>
<FuelGradeSalesAmount>0</FuelGradeSalesAmount>
<PumpTestTotals>
<PumpTestAmount>0</PumpTestAmount>
<PumpTestVolume>0</PumpTestVolume>
<ReturnTankID/>
</PumpTestTotals>
<TaxExemptSalesVolume>0</TaxExemptSalesVolume>
<DiscountAmount>0</DiscountAmount>
<DiscountCount>0</DiscountCount>
<DispenserDiscountAmount>0</DispenserDiscountAmount>
<DispenserDiscountCount>0</DispenserDiscountCount>
</FGMSalesTotals>
</FGMPositionSummary>
<FGMPositionSummary>
<FuelPositionID>3</FuelPositionID>
<FGMSalesTotals>
<FuelGradeSalesVolume>0</FuelGradeSalesVolume>
<FuelGradeSalesAmount>0</FuelGradeSalesAmount>
<PumpTestTotals>
<PumpTestAmount>0</PumpTestAmount>
<PumpTestVolume>0</PumpTestVolume>
<ReturnTankID/>
</PumpTestTotals>
<TaxExemptSalesVolume>0</TaxExemptSalesVolume>
<DiscountAmount>0</DiscountAmount>
<DiscountCount>0</DiscountCount>
<DispenserDiscountAmount>0</DispenserDiscountAmount>
<DispenserDiscountCount>0</DispenserDiscountCount>
</FGMSalesTotals>
</FGMPositionSummary>
<FGMPositionSummary>
<FuelPositionID>4</FuelPositionID>
<FGMSalesTotals>
<FuelGradeSalesVolume>.298</FuelGradeSalesVolume>
<FuelGradeSalesAmount>1</FuelGradeSalesAmount>
<PumpTestTotals>
<PumpTestAmount>0</PumpTestAmount>
<PumpTestVolume>0</PumpTestVolume>
<ReturnTankID/>
</PumpTestTotals>
<TaxExemptSalesVolume>0</TaxExemptSalesVolume>
<DiscountAmount>0</DiscountAmount>
<DiscountCount>0</DiscountCount>
<DispenserDiscountAmount>0</DispenserDiscountAmount>
<DispenserDiscountCount>0</DispenserDiscountCount>
</FGMSalesTotals>
</FGMPositionSummary>
<FGMPositionSummary>
<FuelPositionID>5</FuelPositionID>
<FGMSalesTotals>
<FuelGradeSalesVolume>2.978</FuelGradeSalesVolume>
<FuelGradeSalesAmount>10</FuelGradeSalesAmount>
<PumpTestTotals>
<PumpTestAmount>0</PumpTestAmount>
<PumpTestVolume>0</PumpTestVolume>
<ReturnTankID/>
</PumpTestTotals>
<TaxExemptSalesVolume>0</TaxExemptSalesVolume>
<DiscountAmount>0</DiscountAmount>
<DiscountCount>0</DiscountCount>
<DispenserDiscountAmount>0</DispenserDiscountAmount>
<DispenserDiscountCount>0</DispenserDiscountCount>
</FGMSalesTotals>
</FGMPositionSummary>
<FGMPositionSummary>
<FuelPositionID>6</FuelPositionID>
<FGMSalesTotals>
<FuelGradeSalesVolume>0</FuelGradeSalesVolume>
<FuelGradeSalesAmount>0</FuelGradeSalesAmount>
<PumpTestTotals>
<PumpTestAmount>0</PumpTestAmount>
<PumpTestVolume>0</PumpTestVolume>
<ReturnTankID/>
</PumpTestTotals>
<TaxExemptSalesVolume>0</TaxExemptSalesVolume>
<DiscountAmount>0</DiscountAmount>
<DiscountCount>0</DiscountCount>
<DispenserDiscountAmount>0</DispenserDiscountAmount>
<DispenserDiscountCount>0</DispenserDiscountCount>
</FGMSalesTotals>
</FGMPositionSummary>
<FGMPositionSummary>
<FuelPositionID>7</FuelPositionID>
<FGMSalesTotals>
<FuelGradeSalesVolume>2.084</FuelGradeSalesVolume>
<FuelGradeSalesAmount>7</FuelGradeSalesAmount>
<PumpTestTotals>
<PumpTestAmount>0</PumpTestAmount>
<PumpTestVolume>0</PumpTestVolume>
<ReturnTankID/>
</PumpTestTotals>
<TaxExemptSalesVolume>0</TaxExemptSalesVolume>
<DiscountAmount>0</DiscountAmount>
<DiscountCount>0</DiscountCount>
<DispenserDiscountAmount>0</DispenserDiscountAmount>
<DispenserDiscountCount>0</DispenserDiscountCount>
</FGMSalesTotals>
</FGMPositionSummary>
<FGMPositionSummary>
<FuelPositionID>8</FuelPositionID>
<FGMSalesTotals>
<FuelGradeSalesVolume>0</FuelGradeSalesVolume>
<FuelGradeSalesAmount>0</FuelGradeSalesAmount>
<PumpTestTotals>
<PumpTestAmount>0</PumpTestAmount>
<PumpTestVolume>0</PumpTestVolume>
<ReturnTankID/>
</PumpTestTotals>
<TaxExemptSalesVolume>0</TaxExemptSalesVolume>
<DiscountAmount>0</DiscountAmount>
<DiscountCount>0</DiscountCount>
<DispenserDiscountAmount>0</DispenserDiscountAmount>
<DispenserDiscountCount>0</DispenserDiscountCount>
</FGMSalesTotals>
</FGMPositionSummary>
</FGMDetail>
<FGMDetail>
<FuelGradeID>004</FuelGradeID>
<FGMPositionSummary>
<FuelPositionID>1</FuelPositionID>
<FGMSalesTotals>
<FuelGradeSalesVolume>8.068</FuelGradeSalesVolume>
<FuelGradeSalesAmount>25</FuelGradeSalesAmount>
<PumpTestTotals>
<PumpTestAmount>0</PumpTestAmount>
<PumpTestVolume>0</PumpTestVolume>
<ReturnTankID/>
</PumpTestTotals>
<TaxExemptSalesVolume>0</TaxExemptSalesVolume>
<DiscountAmount>0</DiscountAmount>
<DiscountCount>0</DiscountCount>
<DispenserDiscountAmount>0</DispenserDiscountAmount>
<DispenserDiscountCount>0</DispenserDiscountCount>
</FGMSalesTotals>
</FGMPositionSummary>
<FGMPositionSummary>
<FuelPositionID>2</FuelPositionID>
<FGMSalesTotals>
<FuelGradeSalesVolume>0</FuelGradeSalesVolume>
<FuelGradeSalesAmount>0</FuelGradeSalesAmount>
<PumpTestTotals>
<PumpTestAmount>0</PumpTestAmount>
<PumpTestVolume>0</PumpTestVolume>
<ReturnTankID/>
</PumpTestTotals>
<TaxExemptSalesVolume>0</TaxExemptSalesVolume>
<DiscountAmount>0</DiscountAmount>
<DiscountCount>0</DiscountCount>
<DispenserDiscountAmount>0</DispenserDiscountAmount>
<DispenserDiscountCount>0</DispenserDiscountCount>
</FGMSalesTotals>
</FGMPositionSummary>
</FGMDetail>
</FuelGradeMovement>
</NAXML-MovementReport>
