<?xml version="1.0" encoding="ISO-8859-1"?>
<NAXML-MovementReport version="3.4">
<TransmissionHeader>
<StoreLocationID>299</StoreLocationID>
<VendorName>Gilbarco-VeederRoot</VendorName>
<VendorModelVersion>10.10.27.03B</VendorModelVersion>
</TransmissionHeader>
<FuelGradeMovement>
<MovementHeader>
<ReportSequenceNumber>1</ReportSequenceNumber>
<PrimaryReportPeriod>2</PrimaryReportPeriod>
<SecondaryReportPeriod>0</SecondaryReportPeriod>
<BusinessDate>2017-09-12</BusinessDate>
<BeginDate>2017-09-12</BeginDate>
<BeginTime>22:48:32</BeginTime>
<EndDate>2017-09-13</EndDate>
<EndTime>22:43:48</EndTime>
</MovementHeader>
<FGMDetail>
<FuelGradeID>001</FuelGradeID>
<FGMNonResettableTotal>
<FuelGradeNonResettableTotalVolume>3864072.36</FuelGradeNonResettableTotalVolume>
<FuelGradeNonResettableTotalAmount>7245972.44</FuelGradeNonResettableTotalAmount>
</FGMNonResettableTotal>
<FGMSalesTotals>
<FuelGradeSalesVolume>2203.27</FuelGradeSalesVolume>
<FuelGradeSalesAmount>7400.79</FuelGradeSalesAmount>
<PumpTestTotals>
<PumpTestAmount>0</PumpTestAmount>
<PumpTestVolume>0</PumpTestVolume>
<ReturnTankID/>
</PumpTestTotals>
<TaxExemptSalesVolume>0</TaxExemptSalesVolume>
<DiscountAmount>0</DiscountAmount>
<DiscountCount>0</DiscountCount>
<DispenserDiscountAmount>-4.15</DispenserDiscountAmount>
<DispenserDiscountCount>5</DispenserDiscountCount>
</FGMSalesTotals>
</FGMDetail>
<FGMDetail>
<FuelGradeID>002</FuelGradeID>
<FGMNonResettableTotal>
<FuelGradeNonResettableTotalVolume>906576.65</FuelGradeNonResettableTotalVolume>
<FuelGradeNonResettableTotalAmount>3310765.06</FuelGradeNonResettableTotalAmount>
</FGMNonResettableTotal>
<FGMSalesTotals>
<FuelGradeSalesVolume>425.111</FuelGradeSalesVolume>
<FuelGradeSalesAmount>1470.44</FuelGradeSalesAmount>
<PumpTestTotals>
<PumpTestAmount>0</PumpTestAmount>
<PumpTestVolume>0</PumpTestVolume>
<ReturnTankID/>
</PumpTestTotals>
<TaxExemptSalesVolume>0</TaxExemptSalesVolume>
<DiscountAmount>0</DiscountAmount>
<DiscountCount>0</DiscountCount>
<DispenserDiscountAmount>-.53</DispenserDiscountAmount>
<DispenserDiscountCount>1</DispenserDiscountCount>
</FGMSalesTotals>
</FGMDetail>
<FGMDetail>
<FuelGradeID>003</FuelGradeID>
<FGMNonResettableTotal>
<FuelGradeNonResettableTotalVolume>1941063.19</FuelGradeNonResettableTotalVolume>
<FuelGradeNonResettableTotalAmount>5219071.05</FuelGradeNonResettableTotalAmount>
</FGMNonResettableTotal>
<FGMSalesTotals>
<FuelGradeSalesVolume>854.98</FuelGradeSalesVolume>
<FuelGradeSalesAmount>3042.9</FuelGradeSalesAmount>
<PumpTestTotals>
<PumpTestAmount>0</PumpTestAmount>
<PumpTestVolume>0</PumpTestVolume>
<ReturnTankID/>
</PumpTestTotals>
<TaxExemptSalesVolume>0</TaxExemptSalesVolume>
<DiscountAmount>0</DiscountAmount>
<DiscountCount>0</DiscountCount>
<DispenserDiscountAmount>-3.18</DispenserDiscountAmount>
<DispenserDiscountCount>2</DispenserDiscountCount>
</FGMSalesTotals>
</FGMDetail>
<FGMDetail>
<FuelGradeID>004</FuelGradeID>
<FGMNonResettableTotal>
<FuelGradeNonResettableTotalVolume>169968.86</FuelGradeNonResettableTotalVolume>
<FuelGradeNonResettableTotalAmount>493792.47</FuelGradeNonResettableTotalAmount>
</FGMNonResettableTotal>
<FGMSalesTotals>
<FuelGradeSalesVolume>320.564</FuelGradeSalesVolume>
<FuelGradeSalesAmount>1025.49</FuelGradeSalesAmount>
<PumpTestTotals>
<PumpTestAmount>0</PumpTestAmount>
<PumpTestVolume>0</PumpTestVolume>
<ReturnTankID/>
</PumpTestTotals>
<TaxExemptSalesVolume>0</TaxExemptSalesVolume>
<DiscountAmount>0</DiscountAmount>
<DiscountCount>0</DiscountCount>
<DispenserDiscountAmount>0</DispenserDiscountAmount>
<DispenserDiscountCount>0</DispenserDiscountCount>
</FGMSalesTotals>
</FGMDetail>
</FuelGradeMovement>
</NAXML-MovementReport>
