<?xml version="1.0" encoding="ISO-8859-1"?>
<NAXML-MovementReport version="3.4">
<TransmissionHeader>
<StoreLocationID>299</StoreLocationID>
<VendorName>Gilbarco-VeederRoot</VendorName>
<VendorModelVersion>10.10.27.03B</VendorModelVersion>
</TransmissionHeader>
<FuelGradeMovement>
<MovementHeader>
<ReportSequenceNumber>1</ReportSequenceNumber>
<PrimaryReportPeriod>2</PrimaryReportPeriod>
<SecondaryReportPeriod>0</SecondaryReportPeriod>
<BusinessDate>2017-08-07</BusinessDate>
<BeginDate>2017-08-07</BeginDate>
<BeginTime>22:34:54</BeginTime>
<EndDate>2017-08-08</EndDate>
<EndTime>22:54:38</EndTime>
</MovementHeader>
<FGMDetail>
<FuelGradeID>001</FuelGradeID>
<FGMPositionSummary>
<FuelPositionID>1</FuelPositionID>
<FGMNonResettableTotal>
<FuelGradeNonResettableTotalVolume>120752.6</FuelGradeNonResettableTotalVolume>
<FuelGradeNonResettableTotalAmount>357616.31</FuelGradeNonResettableTotalAmount>
</FGMNonResettableTotal>
<FGMSalesTotals>
<FuelGradeSalesVolume>130.228</FuelGradeSalesVolume>
<FuelGradeSalesAmount>411.38</FuelGradeSalesAmount>
<PumpTestTotals>
<PumpTestAmount>0</PumpTestAmount>
<PumpTestVolume>0</PumpTestVolume>
<ReturnTankID/>
</PumpTestTotals>
<TaxExemptSalesVolume>0</TaxExemptSalesVolume>
<DiscountAmount>0</DiscountAmount>
<DiscountCount>0</DiscountCount>
<DispenserDiscountAmount>-.14</DispenserDiscountAmount>
<DispenserDiscountCount>1</DispenserDiscountCount>
</FGMSalesTotals>
</FGMPositionSummary>
</FGMDetail>
<FGMDetail>
<FuelGradeID>001</FuelGradeID>
<FGMPositionSummary>
<FuelPositionID>2</FuelPositionID>
<FGMNonResettableTotal>
<FuelGradeNonResettableTotalVolume>190054.14</FuelGradeNonResettableTotalVolume>
<FuelGradeNonResettableTotalAmount>563374.73</FuelGradeNonResettableTotalAmount>
</FGMNonResettableTotal>
<FGMSalesTotals>
<FuelGradeSalesVolume>184.195</FuelGradeSalesVolume>
<FuelGradeSalesAmount>581.86</FuelGradeSalesAmount>
<PumpTestTotals>
<PumpTestAmount>0</PumpTestAmount>
<PumpTestVolume>0</PumpTestVolume>
<ReturnTankID/>
</PumpTestTotals>
<TaxExemptSalesVolume>0</TaxExemptSalesVolume>
<DiscountAmount>0</DiscountAmount>
<DiscountCount>0</DiscountCount>
<DispenserDiscountAmount>-.49</DispenserDiscountAmount>
<DispenserDiscountCount>1</DispenserDiscountCount>
</FGMSalesTotals>
</FGMPositionSummary>
</FGMDetail>
<FGMDetail>
<FuelGradeID>001</FuelGradeID>
<FGMPositionSummary>
<FuelPositionID>3</FuelPositionID>
<FGMNonResettableTotal>
<FuelGradeNonResettableTotalVolume>465926.44</FuelGradeNonResettableTotalVolume>
<FuelGradeNonResettableTotalAmount>1658846.72</FuelGradeNonResettableTotalAmount>
</FGMNonResettableTotal>
<FGMSalesTotals>
<FuelGradeSalesVolume>174.441</FuelGradeSalesVolume>
<FuelGradeSalesAmount>551.06</FuelGradeSalesAmount>
<PumpTestTotals>
<PumpTestAmount>0</PumpTestAmount>
<PumpTestVolume>0</PumpTestVolume>
<ReturnTankID/>
</PumpTestTotals>
<TaxExemptSalesVolume>0</TaxExemptSalesVolume>
<DiscountAmount>0</DiscountAmount>
<DiscountCount>0</DiscountCount>
<DispenserDiscountAmount>-.7</DispenserDiscountAmount>
<DispenserDiscountCount>1</DispenserDiscountCount>
</FGMSalesTotals>
</FGMPositionSummary>
</FGMDetail>
<FGMDetail>
<FuelGradeID>001</FuelGradeID>
<FGMPositionSummary>
<FuelPositionID>4</FuelPositionID>
<FGMNonResettableTotal>
<FuelGradeNonResettableTotalVolume>807010.12</FuelGradeNonResettableTotalVolume>
<FuelGradeNonResettableTotalAmount>896543.63</FuelGradeNonResettableTotalAmount>
</FGMNonResettableTotal>
<FGMSalesTotals>
<FuelGradeSalesVolume>296.548</FuelGradeSalesVolume>
<FuelGradeSalesAmount>936.8</FuelGradeSalesAmount>
<PumpTestTotals>
<PumpTestAmount>0</PumpTestAmount>
<PumpTestVolume>0</PumpTestVolume>
<ReturnTankID/>
</PumpTestTotals>
<TaxExemptSalesVolume>0</TaxExemptSalesVolume>
<DiscountAmount>0</DiscountAmount>
<DiscountCount>0</DiscountCount>
<DispenserDiscountAmount>0</DispenserDiscountAmount>
<DispenserDiscountCount>0</DispenserDiscountCount>
</FGMSalesTotals>
</FGMPositionSummary>
</FGMDetail>
<FGMDetail>
<FuelGradeID>001</FuelGradeID>
<FGMPositionSummary>
<FuelPositionID>5</FuelPositionID>
<FGMNonResettableTotal>
<FuelGradeNonResettableTotalVolume>605078.56</FuelGradeNonResettableTotalVolume>
<FuelGradeNonResettableTotalAmount>166874.54</FuelGradeNonResettableTotalAmount>
</FGMNonResettableTotal>
<FGMSalesTotals>
<FuelGradeSalesVolume>228.671</FuelGradeSalesVolume>
<FuelGradeSalesAmount>722.35</FuelGradeSalesAmount>
<PumpTestTotals>
<PumpTestAmount>0</PumpTestAmount>
<PumpTestVolume>0</PumpTestVolume>
<ReturnTankID/>
</PumpTestTotals>
<TaxExemptSalesVolume>0</TaxExemptSalesVolume>
<DiscountAmount>0</DiscountAmount>
<DiscountCount>0</DiscountCount>
<DispenserDiscountAmount>-.82</DispenserDiscountAmount>
<DispenserDiscountCount>1</DispenserDiscountCount>
</FGMSalesTotals>
</FGMPositionSummary>
</FGMDetail>
<FGMDetail>
<FuelGradeID>001</FuelGradeID>
<FGMPositionSummary>
<FuelPositionID>6</FuelPositionID>
<FGMNonResettableTotal>
<FuelGradeNonResettableTotalVolume>98205.45</FuelGradeNonResettableTotalVolume>
<FuelGradeNonResettableTotalAmount>960831.44</FuelGradeNonResettableTotalAmount>
</FGMNonResettableTotal>
<FGMSalesTotals>
<FuelGradeSalesVolume>463.553</FuelGradeSalesVolume>
<FuelGradeSalesAmount>1464.35</FuelGradeSalesAmount>
<PumpTestTotals>
<PumpTestAmount>0</PumpTestAmount>
<PumpTestVolume>0</PumpTestVolume>
<ReturnTankID/>
</PumpTestTotals>
<TaxExemptSalesVolume>0</TaxExemptSalesVolume>
<DiscountAmount>0</DiscountAmount>
<DiscountCount>0</DiscountCount>
<DispenserDiscountAmount>-1.66</DispenserDiscountAmount>
<DispenserDiscountCount>2</DispenserDiscountCount>
</FGMSalesTotals>
</FGMPositionSummary>
</FGMDetail>
<FGMDetail>
<FuelGradeID>001</FuelGradeID>
<FGMPositionSummary>
<FuelPositionID>7</FuelPositionID>
<FGMNonResettableTotal>
<FuelGradeNonResettableTotalVolume>548024.46</FuelGradeNonResettableTotalVolume>
<FuelGradeNonResettableTotalAmount>962578.57</FuelGradeNonResettableTotalAmount>
</FGMNonResettableTotal>
<FGMSalesTotals>
<FuelGradeSalesVolume>205.044</FuelGradeSalesVolume>
<FuelGradeSalesAmount>647.74</FuelGradeSalesAmount>
<PumpTestTotals>
<PumpTestAmount>0</PumpTestAmount>
<PumpTestVolume>0</PumpTestVolume>
<ReturnTankID/>
</PumpTestTotals>
<TaxExemptSalesVolume>0</TaxExemptSalesVolume>
<DiscountAmount>0</DiscountAmount>
<DiscountCount>0</DiscountCount>
<DispenserDiscountAmount>0</DispenserDiscountAmount>
<DispenserDiscountCount>0</DispenserDiscountCount>
</FGMSalesTotals>
</FGMPositionSummary>
</FGMDetail>
<FGMDetail>
<FuelGradeID>001</FuelGradeID>
<FGMPositionSummary>
<FuelPositionID>8</FuelPositionID>
<FGMNonResettableTotal>
<FuelGradeNonResettableTotalVolume>951844.3</FuelGradeNonResettableTotalVolume>
<FuelGradeNonResettableTotalAmount>1429195.64</FuelGradeNonResettableTotalAmount>
</FGMNonResettableTotal>
<FGMSalesTotals>
<FuelGradeSalesVolume>425.373</FuelGradeSalesVolume>
<FuelGradeSalesAmount>1343.74</FuelGradeSalesAmount>
<PumpTestTotals>
<PumpTestAmount>0</PumpTestAmount>
<PumpTestVolume>0</PumpTestVolume>
<ReturnTankID/>
</PumpTestTotals>
<TaxExemptSalesVolume>0</TaxExemptSalesVolume>
<DiscountAmount>0</DiscountAmount>
<DiscountCount>0</DiscountCount>
<DispenserDiscountAmount>0</DispenserDiscountAmount>
<DispenserDiscountCount>0</DispenserDiscountCount>
</FGMSalesTotals>
</FGMPositionSummary>
</FGMDetail>
<FGMDetail>
<FuelGradeID>002</FuelGradeID>
<FGMPositionSummary>
<FuelPositionID>1</FuelPositionID>
<FGMNonResettableTotal>
<FuelGradeNonResettableTotalVolume>27485.61</FuelGradeNonResettableTotalVolume>
<FuelGradeNonResettableTotalAmount>83951.75</FuelGradeNonResettableTotalAmount>
</FGMNonResettableTotal>
<FGMSalesTotals>
<FuelGradeSalesVolume>34.552</FuelGradeSalesVolume>
<FuelGradeSalesAmount>112.61</FuelGradeSalesAmount>
<PumpTestTotals>
<PumpTestAmount>0</PumpTestAmount>
<PumpTestVolume>0</PumpTestVolume>
<ReturnTankID/>
</PumpTestTotals>
<TaxExemptSalesVolume>0</TaxExemptSalesVolume>
<DiscountAmount>0</DiscountAmount>
<DiscountCount>0</DiscountCount>
<DispenserDiscountAmount>-.43</DispenserDiscountAmount>
<DispenserDiscountCount>1</DispenserDiscountCount>
</FGMSalesTotals>
</FGMPositionSummary>
</FGMDetail>
<FGMDetail>
<FuelGradeID>002</FuelGradeID>
<FGMPositionSummary>
<FuelPositionID>2</FuelPositionID>
<FGMNonResettableTotal>
<FuelGradeNonResettableTotalVolume>32430.02</FuelGradeNonResettableTotalVolume>
<FuelGradeNonResettableTotalAmount>99430.08</FuelGradeNonResettableTotalAmount>
</FGMNonResettableTotal>
<FGMSalesTotals>
<FuelGradeSalesVolume>29.397</FuelGradeSalesVolume>
<FuelGradeSalesAmount>95.8</FuelGradeSalesAmount>
<PumpTestTotals>
<PumpTestAmount>0</PumpTestAmount>
<PumpTestVolume>0</PumpTestVolume>
<ReturnTankID/>
</PumpTestTotals>
<TaxExemptSalesVolume>0</TaxExemptSalesVolume>
<DiscountAmount>0</DiscountAmount>
<DiscountCount>0</DiscountCount>
<DispenserDiscountAmount>0</DispenserDiscountAmount>
<DispenserDiscountCount>0</DispenserDiscountCount>
</FGMSalesTotals>
</FGMPositionSummary>
</FGMDetail>
<FGMDetail>
<FuelGradeID>002</FuelGradeID>
<FGMPositionSummary>
<FuelPositionID>3</FuelPositionID>
<FGMNonResettableTotal>
<FuelGradeNonResettableTotalVolume>92653.08</FuelGradeNonResettableTotalVolume>
<FuelGradeNonResettableTotalAmount>338617.93</FuelGradeNonResettableTotalAmount>
</FGMNonResettableTotal>
<FGMSalesTotals>
<FuelGradeSalesVolume>12.886</FuelGradeSalesVolume>
<FuelGradeSalesAmount>42</FuelGradeSalesAmount>
<PumpTestTotals>
<PumpTestAmount>0</PumpTestAmount>
<PumpTestVolume>0</PumpTestVolume>
<ReturnTankID/>
</PumpTestTotals>
<TaxExemptSalesVolume>0</TaxExemptSalesVolume>
<DiscountAmount>0</DiscountAmount>
<DiscountCount>0</DiscountCount>
<DispenserDiscountAmount>0</DispenserDiscountAmount>
<DispenserDiscountCount>0</DispenserDiscountCount>
</FGMSalesTotals>
</FGMPositionSummary>
</FGMDetail>
<FGMDetail>
<FuelGradeID>002</FuelGradeID>
<FGMPositionSummary>
<FuelPositionID>4</FuelPositionID>
<FGMNonResettableTotal>
<FuelGradeNonResettableTotalVolume>135123.78</FuelGradeNonResettableTotalVolume>
<FuelGradeNonResettableTotalAmount>498162.67</FuelGradeNonResettableTotalAmount>
</FGMNonResettableTotal>
<FGMSalesTotals>
<FuelGradeSalesVolume>31.609</FuelGradeSalesVolume>
<FuelGradeSalesAmount>103.01</FuelGradeSalesAmount>
<PumpTestTotals>
<PumpTestAmount>0</PumpTestAmount>
<PumpTestVolume>0</PumpTestVolume>
<ReturnTankID/>
</PumpTestTotals>
<TaxExemptSalesVolume>0</TaxExemptSalesVolume>
<DiscountAmount>0</DiscountAmount>
<DiscountCount>0</DiscountCount>
<DispenserDiscountAmount>0</DispenserDiscountAmount>
<DispenserDiscountCount>0</DispenserDiscountCount>
</FGMSalesTotals>
</FGMPositionSummary>
</FGMDetail>
<FGMDetail>
<FuelGradeID>002</FuelGradeID>
<FGMPositionSummary>
<FuelPositionID>5</FuelPositionID>
<FGMNonResettableTotal>
<FuelGradeNonResettableTotalVolume>156668.75</FuelGradeNonResettableTotalVolume>
<FuelGradeNonResettableTotalAmount>576675.09</FuelGradeNonResettableTotalAmount>
</FGMNonResettableTotal>
<FGMSalesTotals>
<FuelGradeSalesVolume>65.784</FuelGradeSalesVolume>
<FuelGradeSalesAmount>214.39</FuelGradeSalesAmount>
<PumpTestTotals>
<PumpTestAmount>0</PumpTestAmount>
<PumpTestVolume>0</PumpTestVolume>
<ReturnTankID/>
</PumpTestTotals>
<TaxExemptSalesVolume>0</TaxExemptSalesVolume>
<DiscountAmount>0</DiscountAmount>
<DiscountCount>0</DiscountCount>
<DispenserDiscountAmount>0</DispenserDiscountAmount>
<DispenserDiscountCount>0</DispenserDiscountCount>
</FGMSalesTotals>
</FGMPositionSummary>
</FGMDetail>
<FGMDetail>
<FuelGradeID>002</FuelGradeID>
<FGMPositionSummary>
<FuelPositionID>6</FuelPositionID>
<FGMNonResettableTotal>
<FuelGradeNonResettableTotalVolume>166332.22</FuelGradeNonResettableTotalVolume>
<FuelGradeNonResettableTotalAmount>619465.19</FuelGradeNonResettableTotalAmount>
</FGMNonResettableTotal>
<FGMSalesTotals>
<FuelGradeSalesVolume>79.7</FuelGradeSalesVolume>
<FuelGradeSalesAmount>259.75</FuelGradeSalesAmount>
<PumpTestTotals>
<PumpTestAmount>0</PumpTestAmount>
<PumpTestVolume>0</PumpTestVolume>
<ReturnTankID/>
</PumpTestTotals>
<TaxExemptSalesVolume>0</TaxExemptSalesVolume>
<DiscountAmount>0</DiscountAmount>
<DiscountCount>0</DiscountCount>
<DispenserDiscountAmount>0</DispenserDiscountAmount>
<DispenserDiscountCount>0</DispenserDiscountCount>
</FGMSalesTotals>
</FGMPositionSummary>
</FGMDetail>
<FGMDetail>
<FuelGradeID>002</FuelGradeID>
<FGMPositionSummary>
<FuelPositionID>7</FuelPositionID>
<FGMNonResettableTotal>
<FuelGradeNonResettableTotalVolume>145691.25</FuelGradeNonResettableTotalVolume>
<FuelGradeNonResettableTotalAmount>541687.55</FuelGradeNonResettableTotalAmount>
</FGMNonResettableTotal>
<FGMSalesTotals>
<FuelGradeSalesVolume>45.857</FuelGradeSalesVolume>
<FuelGradeSalesAmount>149.45</FuelGradeSalesAmount>
<PumpTestTotals>
<PumpTestAmount>0</PumpTestAmount>
<PumpTestVolume>0</PumpTestVolume>
<ReturnTankID/>
</PumpTestTotals>
<TaxExemptSalesVolume>0</TaxExemptSalesVolume>
<DiscountAmount>0</DiscountAmount>
<DiscountCount>0</DiscountCount>
<DispenserDiscountAmount>-1.24</DispenserDiscountAmount>
<DispenserDiscountCount>1</DispenserDiscountCount>
</FGMSalesTotals>
</FGMPositionSummary>
</FGMDetail>
<FGMDetail>
<FuelGradeID>002</FuelGradeID>
<FGMPositionSummary>
<FuelPositionID>8</FuelPositionID>
<FGMNonResettableTotal>
<FuelGradeNonResettableTotalVolume>135726.22</FuelGradeNonResettableTotalVolume>
<FuelGradeNonResettableTotalAmount>504476.34</FuelGradeNonResettableTotalAmount>
</FGMNonResettableTotal>
<FGMSalesTotals>
<FuelGradeSalesVolume>53.504</FuelGradeSalesVolume>
<FuelGradeSalesAmount>174.36</FuelGradeSalesAmount>
<PumpTestTotals>
<PumpTestAmount>0</PumpTestAmount>
<PumpTestVolume>0</PumpTestVolume>
<ReturnTankID/>
</PumpTestTotals>
<TaxExemptSalesVolume>0</TaxExemptSalesVolume>
<DiscountAmount>0</DiscountAmount>
<DiscountCount>0</DiscountCount>
<DispenserDiscountAmount>0</DispenserDiscountAmount>
<DispenserDiscountCount>0</DispenserDiscountCount>
</FGMSalesTotals>
</FGMPositionSummary>
</FGMDetail>
<FGMDetail>
<FuelGradeID>003</FuelGradeID>
<FGMPositionSummary>
<FuelPositionID>1</FuelPositionID>
<FGMNonResettableTotal>
<FuelGradeNonResettableTotalVolume>64374.97</FuelGradeNonResettableTotalVolume>
<FuelGradeNonResettableTotalAmount>203361.94</FuelGradeNonResettableTotalAmount>
</FGMNonResettableTotal>
<FGMSalesTotals>
<FuelGradeSalesVolume>83.444</FuelGradeSalesVolume>
<FuelGradeSalesAmount>280.28</FuelGradeSalesAmount>
<PumpTestTotals>
<PumpTestAmount>0</PumpTestAmount>
<PumpTestVolume>0</PumpTestVolume>
<ReturnTankID/>
</PumpTestTotals>
<TaxExemptSalesVolume>0</TaxExemptSalesVolume>
<DiscountAmount>0</DiscountAmount>
<DiscountCount>0</DiscountCount>
<DispenserDiscountAmount>0</DispenserDiscountAmount>
<DispenserDiscountCount>0</DispenserDiscountCount>
</FGMSalesTotals>
</FGMPositionSummary>
</FGMDetail>
<FGMDetail>
<FuelGradeID>003</FuelGradeID>
<FGMPositionSummary>
<FuelPositionID>2</FuelPositionID>
<FGMNonResettableTotal>
<FuelGradeNonResettableTotalVolume>68236.66</FuelGradeNonResettableTotalVolume>
<FuelGradeNonResettableTotalAmount>215643.41</FuelGradeNonResettableTotalAmount>
</FGMNonResettableTotal>
<FGMSalesTotals>
<FuelGradeSalesVolume>45.678</FuelGradeSalesVolume>
<FuelGradeSalesAmount>153.43</FuelGradeSalesAmount>
<PumpTestTotals>
<PumpTestAmount>0</PumpTestAmount>
<PumpTestVolume>0</PumpTestVolume>
<ReturnTankID/>
</PumpTestTotals>
<TaxExemptSalesVolume>0</TaxExemptSalesVolume>
<DiscountAmount>0</DiscountAmount>
<DiscountCount>0</DiscountCount>
<DispenserDiscountAmount>-.8</DispenserDiscountAmount>
<DispenserDiscountCount>2</DispenserDiscountCount>
</FGMSalesTotals>
</FGMPositionSummary>
</FGMDetail>
<FGMDetail>
<FuelGradeID>003</FuelGradeID>
<FGMPositionSummary>
<FuelPositionID>3</FuelPositionID>
<FGMNonResettableTotal>
<FuelGradeNonResettableTotalVolume>227925.75</FuelGradeNonResettableTotalVolume>
<FuelGradeNonResettableTotalAmount>852673.56</FuelGradeNonResettableTotalAmount>
</FGMNonResettableTotal>
<FGMSalesTotals>
<FuelGradeSalesVolume>142.374</FuelGradeSalesVolume>
<FuelGradeSalesAmount>478.25</FuelGradeSalesAmount>
<PumpTestTotals>
<PumpTestAmount>0</PumpTestAmount>
<PumpTestVolume>0</PumpTestVolume>
<ReturnTankID/>
</PumpTestTotals>
<TaxExemptSalesVolume>0</TaxExemptSalesVolume>
<DiscountAmount>0</DiscountAmount>
<DiscountCount>0</DiscountCount>
<DispenserDiscountAmount>0</DispenserDiscountAmount>
<DispenserDiscountCount>0</DispenserDiscountCount>
</FGMSalesTotals>
</FGMPositionSummary>
</FGMDetail>
<FGMDetail>
<FuelGradeID>003</FuelGradeID>
<FGMPositionSummary>
<FuelPositionID>4</FuelPositionID>
<FGMNonResettableTotal>
<FuelGradeNonResettableTotalVolume>207594.07</FuelGradeNonResettableTotalVolume>
<FuelGradeNonResettableTotalAmount>779326.88</FuelGradeNonResettableTotalAmount>
</FGMNonResettableTotal>
<FGMSalesTotals>
<FuelGradeSalesVolume>24.64</FuelGradeSalesVolume>
<FuelGradeSalesAmount>82.76</FuelGradeSalesAmount>
<PumpTestTotals>
<PumpTestAmount>0</PumpTestAmount>
<PumpTestVolume>0</PumpTestVolume>
<ReturnTankID/>
</PumpTestTotals>
<TaxExemptSalesVolume>0</TaxExemptSalesVolume>
<DiscountAmount>0</DiscountAmount>
<DiscountCount>0</DiscountCount>
<DispenserDiscountAmount>0</DispenserDiscountAmount>
<DispenserDiscountCount>0</DispenserDiscountCount>
</FGMSalesTotals>
</FGMPositionSummary>
</FGMDetail>
<FGMDetail>
<FuelGradeID>003</FuelGradeID>
<FGMPositionSummary>
<FuelPositionID>5</FuelPositionID>
<FGMNonResettableTotal>
<FuelGradeNonResettableTotalVolume>442653.48</FuelGradeNonResettableTotalVolume>
<FuelGradeNonResettableTotalAmount>674579.1</FuelGradeNonResettableTotalAmount>
</FGMNonResettableTotal>
<FGMSalesTotals>
<FuelGradeSalesVolume>119.777</FuelGradeSalesVolume>
<FuelGradeSalesAmount>402.32</FuelGradeSalesAmount>
<PumpTestTotals>
<PumpTestAmount>0</PumpTestAmount>
<PumpTestVolume>0</PumpTestVolume>
<ReturnTankID/>
</PumpTestTotals>
<TaxExemptSalesVolume>0</TaxExemptSalesVolume>
<DiscountAmount>0</DiscountAmount>
<DiscountCount>0</DiscountCount>
<DispenserDiscountAmount>-.7</DispenserDiscountAmount>
<DispenserDiscountCount>1</DispenserDiscountCount>
</FGMSalesTotals>
</FGMPositionSummary>
</FGMDetail>
<FGMDetail>
<FuelGradeID>003</FuelGradeID>
<FGMPositionSummary>
<FuelPositionID>6</FuelPositionID>
<FGMNonResettableTotal>
<FuelGradeNonResettableTotalVolume>223299.48</FuelGradeNonResettableTotalVolume>
<FuelGradeNonResettableTotalAmount>842287.73</FuelGradeNonResettableTotalAmount>
</FGMNonResettableTotal>
<FGMSalesTotals>
<FuelGradeSalesVolume>111.144</FuelGradeSalesVolume>
<FuelGradeSalesAmount>373.33</FuelGradeSalesAmount>
<PumpTestTotals>
<PumpTestAmount>0</PumpTestAmount>
<PumpTestVolume>0</PumpTestVolume>
<ReturnTankID/>
</PumpTestTotals>
<TaxExemptSalesVolume>0</TaxExemptSalesVolume>
<DiscountAmount>0</DiscountAmount>
<DiscountCount>0</DiscountCount>
<DispenserDiscountAmount>0</DispenserDiscountAmount>
<DispenserDiscountCount>0</DispenserDiscountCount>
</FGMSalesTotals>
</FGMPositionSummary>
</FGMDetail>
<FGMDetail>
<FuelGradeID>003</FuelGradeID>
<FGMPositionSummary>
<FuelPositionID>7</FuelPositionID>
<FGMNonResettableTotal>
<FuelGradeNonResettableTotalVolume>493703.32</FuelGradeNonResettableTotalVolume>
<FuelGradeNonResettableTotalAmount>860546.26</FuelGradeNonResettableTotalAmount>
</FGMNonResettableTotal>
<FGMSalesTotals>
<FuelGradeSalesVolume>257.797</FuelGradeSalesVolume>
<FuelGradeSalesAmount>865.95</FuelGradeSalesAmount>
<PumpTestTotals>
<PumpTestAmount>0</PumpTestAmount>
<PumpTestVolume>0</PumpTestVolume>
<ReturnTankID/>
</PumpTestTotals>
<TaxExemptSalesVolume>0</TaxExemptSalesVolume>
<DiscountAmount>0</DiscountAmount>
<DiscountCount>0</DiscountCount>
<DispenserDiscountAmount>0</DispenserDiscountAmount>
<DispenserDiscountCount>0</DispenserDiscountCount>
</FGMSalesTotals>
</FGMPositionSummary>
</FGMDetail>
<FGMDetail>
<FuelGradeID>003</FuelGradeID>
<FGMPositionSummary>
<FuelPositionID>8</FuelPositionID>
<FGMNonResettableTotal>
<FuelGradeNonResettableTotalVolume>178756.88</FuelGradeNonResettableTotalVolume>
<FuelGradeNonResettableTotalAmount>671915.74</FuelGradeNonResettableTotalAmount>
</FGMNonResettableTotal>
<FGMSalesTotals>
<FuelGradeSalesVolume>100.885</FuelGradeSalesVolume>
<FuelGradeSalesAmount>338.87</FuelGradeSalesAmount>
<PumpTestTotals>
<PumpTestAmount>0</PumpTestAmount>
<PumpTestVolume>0</PumpTestVolume>
<ReturnTankID/>
</PumpTestTotals>
<TaxExemptSalesVolume>0</TaxExemptSalesVolume>
<DiscountAmount>0</DiscountAmount>
<DiscountCount>0</DiscountCount>
<DispenserDiscountAmount>0</DispenserDiscountAmount>
<DispenserDiscountCount>0</DispenserDiscountCount>
</FGMSalesTotals>
</FGMPositionSummary>
</FGMDetail>
<FGMDetail>
<FuelGradeID>004</FuelGradeID>
<FGMPositionSummary>
<FuelPositionID>1</FuelPositionID>
<FGMNonResettableTotal>
<FuelGradeNonResettableTotalVolume>95356.17</FuelGradeNonResettableTotalVolume>
<FuelGradeNonResettableTotalAmount>276147.5</FuelGradeNonResettableTotalAmount>
</FGMNonResettableTotal>
<FGMSalesTotals>
<FuelGradeSalesVolume>143.708</FuelGradeSalesVolume>
<FuelGradeSalesAmount>430.98</FuelGradeSalesAmount>
<PumpTestTotals>
<PumpTestAmount>0</PumpTestAmount>
<PumpTestVolume>0</PumpTestVolume>
<ReturnTankID/>
</PumpTestTotals>
<TaxExemptSalesVolume>0</TaxExemptSalesVolume>
<DiscountAmount>0</DiscountAmount>
<DiscountCount>0</DiscountCount>
<DispenserDiscountAmount>0</DispenserDiscountAmount>
<DispenserDiscountCount>0</DispenserDiscountCount>
</FGMSalesTotals>
</FGMPositionSummary>
</FGMDetail>
<FGMDetail>
<FuelGradeID>004</FuelGradeID>
<FGMPositionSummary>
<FuelPositionID>2</FuelPositionID>
<FGMNonResettableTotal>
<FuelGradeNonResettableTotalVolume>67500.86</FuelGradeNonResettableTotalVolume>
<FuelGradeNonResettableTotalAmount>195635.58</FuelGradeNonResettableTotalAmount>
</FGMNonResettableTotal>
<FGMSalesTotals>
<FuelGradeSalesVolume>94.464</FuelGradeSalesVolume>
<FuelGradeSalesAmount>283.3</FuelGradeSalesAmount>
<PumpTestTotals>
<PumpTestAmount>0</PumpTestAmount>
<PumpTestVolume>0</PumpTestVolume>
<ReturnTankID/>
</PumpTestTotals>
<TaxExemptSalesVolume>0</TaxExemptSalesVolume>
<DiscountAmount>0</DiscountAmount>
<DiscountCount>0</DiscountCount>
<DispenserDiscountAmount>0</DispenserDiscountAmount>
<DispenserDiscountCount>0</DispenserDiscountCount>
</FGMSalesTotals>
</FGMPositionSummary>
</FGMDetail>
</FuelGradeMovement>
</NAXML-MovementReport>
