<?xml version="1.0" encoding="ISO-8859-1"?>
<NAXML-MovementReport version="3.4">
<TransmissionHeader>
<StoreLocationID>299</StoreLocationID>
<VendorName>Gilbarco-VeederRoot</VendorName>
<VendorModelVersion>10.10.27.03B</VendorModelVersion>
</TransmissionHeader>
<FuelGradeMovement>
<MovementHeader>
<ReportSequenceNumber>1</ReportSequenceNumber>
<PrimaryReportPeriod>2</PrimaryReportPeriod>
<SecondaryReportPeriod>0</SecondaryReportPeriod>
<BusinessDate>2017-08-14</BusinessDate>
<BeginDate>2017-08-14</BeginDate>
<BeginTime>22:11:45</BeginTime>
<EndDate>2017-08-15</EndDate>
<EndTime>22:50:55</EndTime>
</MovementHeader>
<FGMDetail>
<FuelGradeID>001</FuelGradeID>
<FGMTenderSummary>
<Tender>
<TenderCode>cash</TenderCode>
<TenderSubCode>generic</TenderSubCode>
</Tender>
<FGMSellPriceSummary>
<ActualSalesPrice>3.159</ActualSalesPrice>
<FGMServiceLevelSummary>
<ServiceLevelCode>1</ServiceLevelCode>
<FGMSalesTotals>
<FuelGradeSalesVolume>144.452</FuelGradeSalesVolume>
<FuelGradeSalesAmount>456.31</FuelGradeSalesAmount>
<DiscountAmount>0.08</DiscountAmount>
<DiscountCount>1</DiscountCount>
</FGMSalesTotals>
</FGMServiceLevelSummary>
</FGMSellPriceSummary>
</FGMTenderSummary>
</FGMDetail>
<FGMDetail>
<FuelGradeID>001</FuelGradeID>
<FGMTenderSummary>
<Tender>
<TenderCode>creditCards</TenderCode>
<TenderSubCode>generic</TenderSubCode>
</Tender>
<FGMSellPriceSummary>
<ActualSalesPrice>3.159</ActualSalesPrice>
<FGMServiceLevelSummary>
<ServiceLevelCode>1</ServiceLevelCode>
<FGMSalesTotals>
<FuelGradeSalesVolume>22.16</FuelGradeSalesVolume>
<FuelGradeSalesAmount>70</FuelGradeSalesAmount>
<DiscountAmount>0</DiscountAmount>
<DiscountCount>0</DiscountCount>
</FGMSalesTotals>
</FGMServiceLevelSummary>
</FGMSellPriceSummary>
</FGMTenderSummary>
</FGMDetail>
<FGMDetail>
<FuelGradeID>001</FuelGradeID>
<FGMTenderSummary>
<Tender>
<TenderCode>debitCards</TenderCode>
<TenderSubCode>generic</TenderSubCode>
</Tender>
<FGMSellPriceSummary>
<ActualSalesPrice>3.159</ActualSalesPrice>
<FGMServiceLevelSummary>
<ServiceLevelCode>1</ServiceLevelCode>
<FGMSalesTotals>
<FuelGradeSalesVolume>31.022</FuelGradeSalesVolume>
<FuelGradeSalesAmount>98</FuelGradeSalesAmount>
<DiscountAmount>0</DiscountAmount>
<DiscountCount>0</DiscountCount>
</FGMSalesTotals>
</FGMServiceLevelSummary>
</FGMSellPriceSummary>
</FGMTenderSummary>
</FGMDetail>
<FGMDetail>
<FuelGradeID>001</FuelGradeID>
<FGMTenderSummary>
<Tender>
<TenderCode>outsideCredit</TenderCode>
<TenderSubCode>generic</TenderSubCode>
</Tender>
<FGMSellPriceSummary>
<ActualSalesPrice>3.159</ActualSalesPrice>
<FGMServiceLevelSummary>
<ServiceLevelCode>1</ServiceLevelCode>
<FGMSalesTotals>
<FuelGradeSalesVolume>1370.248</FuelGradeSalesVolume>
<FuelGradeSalesAmount>4328.62</FuelGradeSalesAmount>
<DiscountAmount>0.51</DiscountAmount>
<DiscountCount>1</DiscountCount>
</FGMSalesTotals>
</FGMServiceLevelSummary>
</FGMSellPriceSummary>
</FGMTenderSummary>
</FGMDetail>
<FGMDetail>
<FuelGradeID>001</FuelGradeID>
<FGMTenderSummary>
<Tender>
<TenderCode>outsideDebit</TenderCode>
<TenderSubCode>generic</TenderSubCode>
</Tender>
<FGMSellPriceSummary>
<ActualSalesPrice>3.159</ActualSalesPrice>
<FGMServiceLevelSummary>
<ServiceLevelCode>1</ServiceLevelCode>
<FGMSalesTotals>
<FuelGradeSalesVolume>430.967</FuelGradeSalesVolume>
<FuelGradeSalesAmount>1361.43</FuelGradeSalesAmount>
<DiscountAmount>0.2</DiscountAmount>
<DiscountCount>1</DiscountCount>
</FGMSalesTotals>
</FGMServiceLevelSummary>
</FGMSellPriceSummary>
</FGMTenderSummary>
</FGMDetail>
<FGMDetail>
<FuelGradeID>002</FuelGradeID>
<FGMTenderSummary>
<Tender>
<TenderCode>cash</TenderCode>
<TenderSubCode>generic</TenderSubCode>
</Tender>
<FGMSellPriceSummary>
<ActualSalesPrice>3.259</ActualSalesPrice>
<FGMServiceLevelSummary>
<ServiceLevelCode>1</ServiceLevelCode>
<FGMSalesTotals>
<FuelGradeSalesVolume>61.75</FuelGradeSalesVolume>
<FuelGradeSalesAmount>201.25</FuelGradeSalesAmount>
<DiscountAmount>0</DiscountAmount>
<DiscountCount>0</DiscountCount>
</FGMSalesTotals>
</FGMServiceLevelSummary>
</FGMSellPriceSummary>
</FGMTenderSummary>
</FGMDetail>
<FGMDetail>
<FuelGradeID>002</FuelGradeID>
<FGMTenderSummary>
<Tender>
<TenderCode>creditCards</TenderCode>
<TenderSubCode>generic</TenderSubCode>
</Tender>
<FGMSellPriceSummary>
<ActualSalesPrice>3.259</ActualSalesPrice>
<FGMServiceLevelSummary>
<ServiceLevelCode>1</ServiceLevelCode>
<FGMSalesTotals>
<FuelGradeSalesVolume>13.27</FuelGradeSalesVolume>
<FuelGradeSalesAmount>43.25</FuelGradeSalesAmount>
<DiscountAmount>0</DiscountAmount>
<DiscountCount>0</DiscountCount>
</FGMSalesTotals>
</FGMServiceLevelSummary>
</FGMSellPriceSummary>
</FGMTenderSummary>
</FGMDetail>
<FGMDetail>
<FuelGradeID>002</FuelGradeID>
<FGMTenderSummary>
<Tender>
<TenderCode>debitCards</TenderCode>
<TenderSubCode>generic</TenderSubCode>
</Tender>
<FGMSellPriceSummary>
<ActualSalesPrice>3.259</ActualSalesPrice>
<FGMServiceLevelSummary>
<ServiceLevelCode>1</ServiceLevelCode>
<FGMSalesTotals>
<FuelGradeSalesVolume>3.068</FuelGradeSalesVolume>
<FuelGradeSalesAmount>10</FuelGradeSalesAmount>
<DiscountAmount>0</DiscountAmount>
<DiscountCount>0</DiscountCount>
</FGMSalesTotals>
</FGMServiceLevelSummary>
</FGMSellPriceSummary>
</FGMTenderSummary>
</FGMDetail>
<FGMDetail>
<FuelGradeID>002</FuelGradeID>
<FGMTenderSummary>
<Tender>
<TenderCode>outsideCredit</TenderCode>
<TenderSubCode>generic</TenderSubCode>
</Tender>
<FGMSellPriceSummary>
<ActualSalesPrice>3.259</ActualSalesPrice>
<FGMServiceLevelSummary>
<ServiceLevelCode>1</ServiceLevelCode>
<FGMSalesTotals>
<FuelGradeSalesVolume>261.918</FuelGradeSalesVolume>
<FuelGradeSalesAmount>853.62</FuelGradeSalesAmount>
<DiscountAmount>0</DiscountAmount>
<DiscountCount>0</DiscountCount>
</FGMSalesTotals>
</FGMServiceLevelSummary>
</FGMSellPriceSummary>
</FGMTenderSummary>
</FGMDetail>
<FGMDetail>
<FuelGradeID>002</FuelGradeID>
<FGMTenderSummary>
<Tender>
<TenderCode>outsideDebit</TenderCode>
<TenderSubCode>generic</TenderSubCode>
</Tender>
<FGMSellPriceSummary>
<ActualSalesPrice>3.259</ActualSalesPrice>
<FGMServiceLevelSummary>
<ServiceLevelCode>1</ServiceLevelCode>
<FGMSalesTotals>
<FuelGradeSalesVolume>54.919</FuelGradeSalesVolume>
<FuelGradeSalesAmount>178.98</FuelGradeSalesAmount>
<DiscountAmount>1.19</DiscountAmount>
<DiscountCount>1</DiscountCount>
</FGMSalesTotals>
</FGMServiceLevelSummary>
</FGMSellPriceSummary>
</FGMTenderSummary>
</FGMDetail>
<FGMDetail>
<FuelGradeID>003</FuelGradeID>
<FGMTenderSummary>
<Tender>
<TenderCode>cash</TenderCode>
<TenderSubCode>generic</TenderSubCode>
</Tender>
<FGMSellPriceSummary>
<ActualSalesPrice>3.359</ActualSalesPrice>
<FGMServiceLevelSummary>
<ServiceLevelCode>1</ServiceLevelCode>
<FGMSalesTotals>
<FuelGradeSalesVolume>73.753</FuelGradeSalesVolume>
<FuelGradeSalesAmount>247.74</FuelGradeSalesAmount>
<DiscountAmount>0</DiscountAmount>
<DiscountCount>0</DiscountCount>
</FGMSalesTotals>
</FGMServiceLevelSummary>
</FGMSellPriceSummary>
</FGMTenderSummary>
</FGMDetail>
<FGMDetail>
<FuelGradeID>003</FuelGradeID>
<FGMTenderSummary>
<Tender>
<TenderCode>debitCards</TenderCode>
<TenderSubCode>generic</TenderSubCode>
</Tender>
<FGMSellPriceSummary>
<ActualSalesPrice>3.359</ActualSalesPrice>
<FGMServiceLevelSummary>
<ServiceLevelCode>1</ServiceLevelCode>
<FGMSalesTotals>
<FuelGradeSalesVolume>26.794</FuelGradeSalesVolume>
<FuelGradeSalesAmount>90</FuelGradeSalesAmount>
<DiscountAmount>0</DiscountAmount>
<DiscountCount>0</DiscountCount>
</FGMSalesTotals>
</FGMServiceLevelSummary>
</FGMSellPriceSummary>
</FGMTenderSummary>
</FGMDetail>
<FGMDetail>
<FuelGradeID>003</FuelGradeID>
<FGMTenderSummary>
<Tender>
<TenderCode>outsideCredit</TenderCode>
<TenderSubCode>generic</TenderSubCode>
</Tender>
<FGMSellPriceSummary>
<ActualSalesPrice>3.359</ActualSalesPrice>
<FGMServiceLevelSummary>
<ServiceLevelCode>1</ServiceLevelCode>
<FGMSalesTotals>
<FuelGradeSalesVolume>678.297</FuelGradeSalesVolume>
<FuelGradeSalesAmount>2278.36</FuelGradeSalesAmount>
<DiscountAmount>0.88</DiscountAmount>
<DiscountCount>1</DiscountCount>
</FGMSalesTotals>
</FGMServiceLevelSummary>
</FGMSellPriceSummary>
</FGMTenderSummary>
</FGMDetail>
<FGMDetail>
<FuelGradeID>003</FuelGradeID>
<FGMTenderSummary>
<Tender>
<TenderCode>outsideDebit</TenderCode>
<TenderSubCode>generic</TenderSubCode>
</Tender>
<FGMSellPriceSummary>
<ActualSalesPrice>3.359</ActualSalesPrice>
<FGMServiceLevelSummary>
<ServiceLevelCode>1</ServiceLevelCode>
<FGMSalesTotals>
<FuelGradeSalesVolume>191.176</FuelGradeSalesVolume>
<FuelGradeSalesAmount>642.17</FuelGradeSalesAmount>
<DiscountAmount>0.5</DiscountAmount>
<DiscountCount>1</DiscountCount>
</FGMSalesTotals>
</FGMServiceLevelSummary>
</FGMSellPriceSummary>
</FGMTenderSummary>
</FGMDetail>
<FGMDetail>
<FuelGradeID>004</FuelGradeID>
<FGMTenderSummary>
<Tender>
<TenderCode>creditCards</TenderCode>
<TenderSubCode>generic</TenderSubCode>
</Tender>
<FGMSellPriceSummary>
<ActualSalesPrice>2.999</ActualSalesPrice>
<FGMServiceLevelSummary>
<ServiceLevelCode>1</ServiceLevelCode>
<FGMSalesTotals>
<FuelGradeSalesVolume>16.675</FuelGradeSalesVolume>
<FuelGradeSalesAmount>50.01</FuelGradeSalesAmount>
<DiscountAmount>0</DiscountAmount>
<DiscountCount>0</DiscountCount>
</FGMSalesTotals>
</FGMServiceLevelSummary>
</FGMSellPriceSummary>
</FGMTenderSummary>
</FGMDetail>
<FGMDetail>
<FuelGradeID>004</FuelGradeID>
<FGMTenderSummary>
<Tender>
<TenderCode>debitCards</TenderCode>
<TenderSubCode>generic</TenderSubCode>
</Tender>
<FGMSellPriceSummary>
<ActualSalesPrice>2.999</ActualSalesPrice>
<FGMServiceLevelSummary>
<ServiceLevelCode>1</ServiceLevelCode>
<FGMSalesTotals>
<FuelGradeSalesVolume>16.672</FuelGradeSalesVolume>
<FuelGradeSalesAmount>50</FuelGradeSalesAmount>
<DiscountAmount>0</DiscountAmount>
<DiscountCount>0</DiscountCount>
</FGMSalesTotals>
</FGMServiceLevelSummary>
</FGMSellPriceSummary>
</FGMTenderSummary>
</FGMDetail>
<FGMDetail>
<FuelGradeID>004</FuelGradeID>
<FGMTenderSummary>
<Tender>
<TenderCode>outsideCredit</TenderCode>
<TenderSubCode>generic</TenderSubCode>
</Tender>
<FGMSellPriceSummary>
<ActualSalesPrice>2.999</ActualSalesPrice>
<FGMServiceLevelSummary>
<ServiceLevelCode>1</ServiceLevelCode>
<FGMSalesTotals>
<FuelGradeSalesVolume>226.573</FuelGradeSalesVolume>
<FuelGradeSalesAmount>679.49</FuelGradeSalesAmount>
<DiscountAmount>0</DiscountAmount>
<DiscountCount>0</DiscountCount>
</FGMSalesTotals>
</FGMServiceLevelSummary>
</FGMSellPriceSummary>
</FGMTenderSummary>
</FGMDetail>
<FGMDetail>
<FuelGradeID>004</FuelGradeID>
<FGMTenderSummary>
<Tender>
<TenderCode>outsideDebit</TenderCode>
<TenderSubCode>generic</TenderSubCode>
</Tender>
<FGMSellPriceSummary>
<ActualSalesPrice>2.999</ActualSalesPrice>
<FGMServiceLevelSummary>
<ServiceLevelCode>1</ServiceLevelCode>
<FGMSalesTotals>
<FuelGradeSalesVolume>41.114</FuelGradeSalesVolume>
<FuelGradeSalesAmount>123.3</FuelGradeSalesAmount>
<DiscountAmount>0</DiscountAmount>
<DiscountCount>0</DiscountCount>
</FGMSalesTotals>
</FGMServiceLevelSummary>
</FGMSellPriceSummary>
</FGMTenderSummary>
</FGMDetail>
</FuelGradeMovement>
</NAXML-MovementReport>
