<?xml version="1.0" encoding="ISO-8859-1"?>
<NAXML-MovementReport version="3.4">
<TransmissionHeader>
<StoreLocationID>299</StoreLocationID>
<VendorName>Gilbarco-VeederRoot</VendorName>
<VendorModelVersion>10.10.27.03B</VendorModelVersion>
</TransmissionHeader>
<FuelGradeMovement>
<MovementHeader>
<ReportSequenceNumber>1</ReportSequenceNumber>
<PrimaryReportPeriod>2</PrimaryReportPeriod>
<SecondaryReportPeriod>0</SecondaryReportPeriod>
<BusinessDate>2017-09-07</BusinessDate>
<BeginDate>2017-09-07</BeginDate>
<BeginTime>22:43:00</BeginTime>
<EndDate>2017-09-08</EndDate>
<EndTime>22:56:19</EndTime>
</MovementHeader>
<FGMDetail>
<FuelGradeID>001</FuelGradeID>
<FGMNonResettableTotal>
<FuelGradeNonResettableTotalVolume>3853175.69</FuelGradeNonResettableTotalVolume>
<FuelGradeNonResettableTotalAmount>7209381.56</FuelGradeNonResettableTotalAmount>
</FGMNonResettableTotal>
<FGMSalesTotals>
<FuelGradeSalesVolume>2364.632</FuelGradeSalesVolume>
<FuelGradeSalesAmount>7942.75</FuelGradeSalesAmount>
<PumpTestTotals>
<PumpTestAmount>0</PumpTestAmount>
<PumpTestVolume>0</PumpTestVolume>
<ReturnTankID/>
</PumpTestTotals>
<TaxExemptSalesVolume>0</TaxExemptSalesVolume>
<DiscountAmount>0</DiscountAmount>
<DiscountCount>0</DiscountCount>
<DispenserDiscountAmount>-2.41</DispenserDiscountAmount>
<DispenserDiscountCount>4</DispenserDiscountCount>
</FGMSalesTotals>
</FGMDetail>
<FGMDetail>
<FuelGradeID>002</FuelGradeID>
<FGMNonResettableTotal>
<FuelGradeNonResettableTotalVolume>904428.12</FuelGradeNonResettableTotalVolume>
<FuelGradeNonResettableTotalAmount>3303334.32</FuelGradeNonResettableTotalAmount>
</FGMNonResettableTotal>
<FGMSalesTotals>
<FuelGradeSalesVolume>271.684</FuelGradeSalesVolume>
<FuelGradeSalesAmount>939.76</FuelGradeSalesAmount>
<PumpTestTotals>
<PumpTestAmount>0</PumpTestAmount>
<PumpTestVolume>0</PumpTestVolume>
<ReturnTankID/>
</PumpTestTotals>
<TaxExemptSalesVolume>0</TaxExemptSalesVolume>
<DiscountAmount>0</DiscountAmount>
<DiscountCount>0</DiscountCount>
<DispenserDiscountAmount>0</DispenserDiscountAmount>
<DispenserDiscountCount>0</DispenserDiscountCount>
</FGMSalesTotals>
</FGMDetail>
<FGMDetail>
<FuelGradeID>003</FuelGradeID>
<FGMNonResettableTotal>
<FuelGradeNonResettableTotalVolume>1936134.25</FuelGradeNonResettableTotalVolume>
<FuelGradeNonResettableTotalAmount>5201537.64</FuelGradeNonResettableTotalAmount>
</FGMNonResettableTotal>
<FGMSalesTotals>
<FuelGradeSalesVolume>1229.072</FuelGradeSalesVolume>
<FuelGradeSalesAmount>4374.24</FuelGradeSalesAmount>
<PumpTestTotals>
<PumpTestAmount>0</PumpTestAmount>
<PumpTestVolume>0</PumpTestVolume>
<ReturnTankID/>
</PumpTestTotals>
<TaxExemptSalesVolume>0</TaxExemptSalesVolume>
<DiscountAmount>0</DiscountAmount>
<DiscountCount>0</DiscountCount>
<DispenserDiscountAmount>-2.51</DispenserDiscountAmount>
<DispenserDiscountCount>4</DispenserDiscountCount>
</FGMSalesTotals>
</FGMDetail>
<FGMDetail>
<FuelGradeID>004</FuelGradeID>
<FGMNonResettableTotal>
<FuelGradeNonResettableTotalVolume>168736.46</FuelGradeNonResettableTotalVolume>
<FuelGradeNonResettableTotalAmount>489850.89</FuelGradeNonResettableTotalAmount>
</FGMNonResettableTotal>
<FGMSalesTotals>
<FuelGradeSalesVolume>263.715</FuelGradeSalesVolume>
<FuelGradeSalesAmount>843.63</FuelGradeSalesAmount>
<PumpTestTotals>
<PumpTestAmount>0</PumpTestAmount>
<PumpTestVolume>0</PumpTestVolume>
<ReturnTankID/>
</PumpTestTotals>
<TaxExemptSalesVolume>0</TaxExemptSalesVolume>
<DiscountAmount>0</DiscountAmount>
<DiscountCount>0</DiscountCount>
<DispenserDiscountAmount>0</DispenserDiscountAmount>
<DispenserDiscountCount>0</DispenserDiscountCount>
</FGMSalesTotals>
</FGMDetail>
</FuelGradeMovement>
</NAXML-MovementReport>
