<?xml version="1.0" encoding="ISO-8859-1"?>
<NAXML-MovementReport version="3.4">
<TransmissionHeader>
<StoreLocationID>299</StoreLocationID>
<VendorName>Gilbarco-VeederRoot</VendorName>
<VendorModelVersion>10.10.27.03B</VendorModelVersion>
</TransmissionHeader>
<FuelProductMovement>
<MovementHeader>
<ReportSequenceNumber>1</ReportSequenceNumber>
<PrimaryReportPeriod>2</PrimaryReportPeriod>
<SecondaryReportPeriod>0</SecondaryReportPeriod>
<BusinessDate>2017-07-06</BusinessDate>
<BeginDate>2017-07-06</BeginDate>
<BeginTime>23:02:52</BeginTime>
<EndDate>2017-07-07</EndDate>
<EndTime>23:06:44</EndTime>
</MovementHeader>
<FPMDetail>
<FuelProductID>1</FuelProductID>
<FPMNonResettableTotals>
<FuelPositionID>1</FuelPositionID>
<FuelProductNonResettableAmountNumber>0</FuelProductNonResettableAmountNumber>
<FuelProductNonResettableVolumeNumber>74391.34</FuelProductNonResettableVolumeNumber>
</FPMNonResettableTotals>
<FPMNonResettableTotals>
<FuelPositionID>2</FuelPositionID>
<FuelProductNonResettableAmountNumber>0</FuelProductNonResettableAmountNumber>
<FuelProductNonResettableVolumeNumber>80683.16</FuelProductNonResettableVolumeNumber>
</FPMNonResettableTotals>
<FPMNonResettableTotals>
<FuelPositionID>3</FuelPositionID>
<FuelProductNonResettableAmountNumber>0</FuelProductNonResettableAmountNumber>
<FuelProductNonResettableVolumeNumber>270135.15</FuelProductNonResettableVolumeNumber>
</FPMNonResettableTotals>
<FPMNonResettableTotals>
<FuelPositionID>4</FuelPositionID>
<FuelProductNonResettableAmountNumber>0</FuelProductNonResettableAmountNumber>
<FuelProductNonResettableVolumeNumber>271046.41</FuelProductNonResettableVolumeNumber>
</FPMNonResettableTotals>
<FPMNonResettableTotals>
<FuelPositionID>5</FuelPositionID>
<FuelProductNonResettableAmountNumber>0</FuelProductNonResettableAmountNumber>
<FuelProductNonResettableVolumeNumber>513510.25</FuelProductNonResettableVolumeNumber>
</FPMNonResettableTotals>
<FPMNonResettableTotals>
<FuelPositionID>6</FuelPositionID>
<FuelProductNonResettableAmountNumber>0</FuelProductNonResettableAmountNumber>
<FuelProductNonResettableVolumeNumber>301656.75</FuelProductNonResettableVolumeNumber>
</FPMNonResettableTotals>
<FPMNonResettableTotals>
<FuelPositionID>7</FuelPositionID>
<FuelProductNonResettableAmountNumber>0</FuelProductNonResettableAmountNumber>
<FuelProductNonResettableVolumeNumber>558105.04</FuelProductNonResettableVolumeNumber>
</FPMNonResettableTotals>
<FPMNonResettableTotals>
<FuelPositionID>8</FuelPositionID>
<FuelProductNonResettableAmountNumber>0</FuelProductNonResettableAmountNumber>
<FuelProductNonResettableVolumeNumber>242795.66</FuelProductNonResettableVolumeNumber>
</FPMNonResettableTotals>
</FPMDetail>
<FPMDetail>
<FuelProductID>2</FuelProductID>
<FPMNonResettableTotals>
<FuelPositionID>1</FuelPositionID>
<FuelProductNonResettableAmountNumber>0</FuelProductNonResettableAmountNumber>
<FuelProductNonResettableVolumeNumber>129238.98</FuelProductNonResettableVolumeNumber>
</FPMNonResettableTotals>
<FPMNonResettableTotals>
<FuelPositionID>2</FuelPositionID>
<FuelProductNonResettableAmountNumber>0</FuelProductNonResettableAmountNumber>
<FuelProductNonResettableVolumeNumber>196387.9</FuelProductNonResettableVolumeNumber>
</FPMNonResettableTotals>
<FPMNonResettableTotals>
<FuelPositionID>3</FuelPositionID>
<FuelProductNonResettableAmountNumber>0</FuelProductNonResettableAmountNumber>
<FuelProductNonResettableVolumeNumber>505924.41</FuelProductNonResettableVolumeNumber>
</FPMNonResettableTotals>
<FPMNonResettableTotals>
<FuelPositionID>4</FuelPositionID>
<FuelProductNonResettableAmountNumber>0</FuelProductNonResettableAmountNumber>
<FuelProductNonResettableVolumeNumber>863029.92</FuelProductNonResettableVolumeNumber>
</FPMNonResettableTotals>
<FPMNonResettableTotals>
<FuelPositionID>5</FuelPositionID>
<FuelProductNonResettableAmountNumber>0</FuelProductNonResettableAmountNumber>
<FuelProductNonResettableVolumeNumber>674367.6</FuelProductNonResettableVolumeNumber>
</FPMNonResettableTotals>
<FPMNonResettableTotals>
<FuelPositionID>6</FuelPositionID>
<FuelProductNonResettableAmountNumber>0</FuelProductNonResettableAmountNumber>
<FuelProductNonResettableVolumeNumber>165379.54</FuelProductNonResettableVolumeNumber>
</FPMNonResettableTotals>
<FPMNonResettableTotals>
<FuelPositionID>7</FuelPositionID>
<FuelProductNonResettableAmountNumber>0</FuelProductNonResettableAmountNumber>
<FuelProductNonResettableVolumeNumber>612347.62</FuelProductNonResettableVolumeNumber>
</FPMNonResettableTotals>
<FPMNonResettableTotals>
<FuelPositionID>8</FuelPositionID>
<FuelProductNonResettableAmountNumber>0</FuelProductNonResettableAmountNumber>
<FuelProductNonResettableVolumeNumber>4349.46</FuelProductNonResettableVolumeNumber>
</FPMNonResettableTotals>
</FPMDetail>
<FPMDetail>
<FuelProductID>3</FuelProductID>
<FPMNonResettableTotals>
<FuelPositionID>1</FuelPositionID>
<FuelProductNonResettableAmountNumber>0</FuelProductNonResettableAmountNumber>
<FuelProductNonResettableVolumeNumber>91262</FuelProductNonResettableVolumeNumber>
</FPMNonResettableTotals>
<FPMNonResettableTotals>
<FuelPositionID>2</FuelPositionID>
<FuelProductNonResettableAmountNumber>0</FuelProductNonResettableAmountNumber>
<FuelProductNonResettableVolumeNumber>64873.95</FuelProductNonResettableVolumeNumber>
</FPMNonResettableTotals>
</FPMDetail>
</FuelProductMovement>
</NAXML-MovementReport>
