<?xml version="1.0" encoding="ISO-8859-1"?>
<NAXML-MovementReport version="3.4">
<TransmissionHeader>
<StoreLocationID>299</StoreLocationID>
<VendorName>Gilbarco-VeederRoot</VendorName>
<VendorModelVersion>10.10.27.03B</VendorModelVersion>
</TransmissionHeader>
<FuelProductMovement>
<MovementHeader>
<ReportSequenceNumber>1</ReportSequenceNumber>
<PrimaryReportPeriod>2</PrimaryReportPeriod>
<SecondaryReportPeriod>0</SecondaryReportPeriod>
<BusinessDate>2017-08-25</BusinessDate>
<BeginDate>2017-08-25</BeginDate>
<BeginTime>23:11:18</BeginTime>
<EndDate>2017-08-26</EndDate>
<EndTime>22:37:57</EndTime>
</MovementHeader>
<FPMDetail>
<FuelProductID>1</FuelProductID>
<FPMNonResettableTotals>
<FuelPositionID>1</FuelPositionID>
<FuelProductNonResettableAmountNumber>0</FuelProductNonResettableAmountNumber>
<FuelProductNonResettableVolumeNumber>80125.41</FuelProductNonResettableVolumeNumber>
</FPMNonResettableTotals>
<FPMNonResettableTotals>
<FuelPositionID>2</FuelPositionID>
<FuelProductNonResettableAmountNumber>0</FuelProductNonResettableAmountNumber>
<FuelProductNonResettableVolumeNumber>86190.46</FuelProductNonResettableVolumeNumber>
</FPMNonResettableTotals>
<FPMNonResettableTotals>
<FuelPositionID>3</FuelPositionID>
<FuelProductNonResettableAmountNumber>0</FuelProductNonResettableAmountNumber>
<FuelProductNonResettableVolumeNumber>276257.04</FuelProductNonResettableVolumeNumber>
</FPMNonResettableTotals>
<FPMNonResettableTotals>
<FuelPositionID>4</FuelPositionID>
<FuelProductNonResettableAmountNumber>0</FuelProductNonResettableAmountNumber>
<FuelProductNonResettableVolumeNumber>277027.76</FuelProductNonResettableVolumeNumber>
</FPMNonResettableTotals>
<FPMNonResettableTotals>
<FuelPositionID>5</FuelPositionID>
<FuelProductNonResettableAmountNumber>0</FuelProductNonResettableAmountNumber>
<FuelProductNonResettableVolumeNumber>525036.51</FuelProductNonResettableVolumeNumber>
</FPMNonResettableTotals>
<FPMNonResettableTotals>
<FuelPositionID>6</FuelPositionID>
<FuelProductNonResettableAmountNumber>0</FuelProductNonResettableAmountNumber>
<FuelProductNonResettableVolumeNumber>308817.92</FuelProductNonResettableVolumeNumber>
</FPMNonResettableTotals>
<FPMNonResettableTotals>
<FuelPositionID>7</FuelPositionID>
<FuelProductNonResettableAmountNumber>0</FuelProductNonResettableAmountNumber>
<FuelProductNonResettableVolumeNumber>571052.34</FuelProductNonResettableVolumeNumber>
</FPMNonResettableTotals>
<FPMNonResettableTotals>
<FuelPositionID>8</FuelPositionID>
<FuelProductNonResettableAmountNumber>0</FuelProductNonResettableAmountNumber>
<FuelProductNonResettableVolumeNumber>248853.64</FuelProductNonResettableVolumeNumber>
</FPMNonResettableTotals>
</FPMDetail>
<FPMDetail>
<FuelProductID>2</FuelProductID>
<FPMNonResettableTotals>
<FuelPositionID>1</FuelPositionID>
<FuelProductNonResettableAmountNumber>0</FuelProductNonResettableAmountNumber>
<FuelProductNonResettableVolumeNumber>137072.56</FuelProductNonResettableVolumeNumber>
</FPMNonResettableTotals>
<FPMNonResettableTotals>
<FuelPositionID>2</FuelPositionID>
<FuelProductNonResettableAmountNumber>0</FuelProductNonResettableAmountNumber>
<FuelProductNonResettableVolumeNumber>211791.66</FuelProductNonResettableVolumeNumber>
</FPMNonResettableTotals>
<FPMNonResettableTotals>
<FuelPositionID>3</FuelPositionID>
<FuelProductNonResettableAmountNumber>0</FuelProductNonResettableAmountNumber>
<FuelProductNonResettableVolumeNumber>515375.09</FuelProductNonResettableVolumeNumber>
</FPMNonResettableTotals>
<FPMNonResettableTotals>
<FuelPositionID>4</FuelPositionID>
<FuelProductNonResettableAmountNumber>0</FuelProductNonResettableAmountNumber>
<FuelProductNonResettableVolumeNumber>880068.5</FuelProductNonResettableVolumeNumber>
</FPMNonResettableTotals>
<FPMNonResettableTotals>
<FuelPositionID>5</FuelPositionID>
<FuelProductNonResettableAmountNumber>0</FuelProductNonResettableAmountNumber>
<FuelProductNonResettableVolumeNumber>687694.55</FuelProductNonResettableVolumeNumber>
</FPMNonResettableTotals>
<FPMNonResettableTotals>
<FuelPositionID>6</FuelPositionID>
<FuelProductNonResettableAmountNumber>0</FuelProductNonResettableAmountNumber>
<FuelProductNonResettableVolumeNumber>189881.54</FuelProductNonResettableVolumeNumber>
</FPMNonResettableTotals>
<FPMNonResettableTotals>
<FuelPositionID>7</FuelPositionID>
<FuelProductNonResettableAmountNumber>0</FuelProductNonResettableAmountNumber>
<FuelProductNonResettableVolumeNumber>625109.47</FuelProductNonResettableVolumeNumber>
</FPMNonResettableTotals>
<FPMNonResettableTotals>
<FuelPositionID>8</FuelPositionID>
<FuelProductNonResettableAmountNumber>0</FuelProductNonResettableAmountNumber>
<FuelProductNonResettableVolumeNumber>27502.58</FuelProductNonResettableVolumeNumber>
</FPMNonResettableTotals>
</FPMDetail>
<FPMDetail>
<FuelProductID>3</FuelProductID>
<FPMNonResettableTotals>
<FuelPositionID>1</FuelPositionID>
<FuelProductNonResettableAmountNumber>0</FuelProductNonResettableAmountNumber>
<FuelProductNonResettableVolumeNumber>97400.03</FuelProductNonResettableVolumeNumber>
</FPMNonResettableTotals>
<FPMNonResettableTotals>
<FuelPositionID>2</FuelPositionID>
<FuelProductNonResettableAmountNumber>0</FuelProductNonResettableAmountNumber>
<FuelProductNonResettableVolumeNumber>69006.48</FuelProductNonResettableVolumeNumber>
</FPMNonResettableTotals>
</FPMDetail>
</FuelProductMovement>
</NAXML-MovementReport>
