<?xml version="1.0" encoding="ISO-8859-1"?>
<NAXML-MovementReport version="3.4">
<TransmissionHeader>
<StoreLocationID>299</StoreLocationID>
<VendorName>Gilbarco-VeederRoot</VendorName>
<VendorModelVersion>10.10.27.03B</VendorModelVersion>
</TransmissionHeader>
<FuelProductMovement>
<MovementHeader>
<ReportSequenceNumber>1</ReportSequenceNumber>
<PrimaryReportPeriod>2</PrimaryReportPeriod>
<SecondaryReportPeriod>0</SecondaryReportPeriod>
<BusinessDate>2017-08-18</BusinessDate>
<BeginDate>2017-08-18</BeginDate>
<BeginTime>22:59:26</BeginTime>
<EndDate>2017-08-19</EndDate>
<EndTime>22:34:42</EndTime>
</MovementHeader>
<FPMDetail>
<FuelProductID>1</FuelProductID>
<FPMNonResettableTotals>
<FuelPositionID>1</FuelPositionID>
<FuelProductNonResettableAmountNumber>0</FuelProductNonResettableAmountNumber>
<FuelProductNonResettableVolumeNumber>79369.97</FuelProductNonResettableVolumeNumber>
</FPMNonResettableTotals>
<FPMNonResettableTotals>
<FuelPositionID>2</FuelPositionID>
<FuelProductNonResettableAmountNumber>0</FuelProductNonResettableAmountNumber>
<FuelProductNonResettableVolumeNumber>85536.39</FuelProductNonResettableVolumeNumber>
</FPMNonResettableTotals>
<FPMNonResettableTotals>
<FuelPositionID>3</FuelPositionID>
<FuelProductNonResettableAmountNumber>0</FuelProductNonResettableAmountNumber>
<FuelProductNonResettableVolumeNumber>275390.31</FuelProductNonResettableVolumeNumber>
</FPMNonResettableTotals>
<FPMNonResettableTotals>
<FuelPositionID>4</FuelPositionID>
<FuelProductNonResettableAmountNumber>0</FuelProductNonResettableAmountNumber>
<FuelProductNonResettableVolumeNumber>276385.74</FuelProductNonResettableVolumeNumber>
</FPMNonResettableTotals>
<FPMNonResettableTotals>
<FuelPositionID>5</FuelPositionID>
<FuelProductNonResettableAmountNumber>0</FuelProductNonResettableAmountNumber>
<FuelProductNonResettableVolumeNumber>523550.16</FuelProductNonResettableVolumeNumber>
</FPMNonResettableTotals>
<FPMNonResettableTotals>
<FuelPositionID>6</FuelPositionID>
<FuelProductNonResettableAmountNumber>0</FuelProductNonResettableAmountNumber>
<FuelProductNonResettableVolumeNumber>307904.98</FuelProductNonResettableVolumeNumber>
</FPMNonResettableTotals>
<FPMNonResettableTotals>
<FuelPositionID>7</FuelPositionID>
<FuelProductNonResettableAmountNumber>0</FuelProductNonResettableAmountNumber>
<FuelProductNonResettableVolumeNumber>569520.56</FuelProductNonResettableVolumeNumber>
</FPMNonResettableTotals>
<FPMNonResettableTotals>
<FuelPositionID>8</FuelPositionID>
<FuelProductNonResettableAmountNumber>0</FuelProductNonResettableAmountNumber>
<FuelProductNonResettableVolumeNumber>248059.04</FuelProductNonResettableVolumeNumber>
</FPMNonResettableTotals>
</FPMDetail>
<FPMDetail>
<FuelProductID>2</FuelProductID>
<FPMNonResettableTotals>
<FuelPositionID>1</FuelPositionID>
<FuelProductNonResettableAmountNumber>0</FuelProductNonResettableAmountNumber>
<FuelProductNonResettableVolumeNumber>136173.24</FuelProductNonResettableVolumeNumber>
</FPMNonResettableTotals>
<FPMNonResettableTotals>
<FuelPositionID>2</FuelPositionID>
<FuelProductNonResettableAmountNumber>0</FuelProductNonResettableAmountNumber>
<FuelProductNonResettableVolumeNumber>209644.25</FuelProductNonResettableVolumeNumber>
</FPMNonResettableTotals>
<FPMNonResettableTotals>
<FuelPositionID>3</FuelPositionID>
<FuelProductNonResettableAmountNumber>0</FuelProductNonResettableAmountNumber>
<FuelProductNonResettableVolumeNumber>514111.24</FuelProductNonResettableVolumeNumber>
</FPMNonResettableTotals>
<FPMNonResettableTotals>
<FuelPositionID>4</FuelPositionID>
<FuelProductNonResettableAmountNumber>0</FuelProductNonResettableAmountNumber>
<FuelProductNonResettableVolumeNumber>878050.12</FuelProductNonResettableVolumeNumber>
</FPMNonResettableTotals>
<FPMNonResettableTotals>
<FuelPositionID>5</FuelPositionID>
<FuelProductNonResettableAmountNumber>0</FuelProductNonResettableAmountNumber>
<FuelProductNonResettableVolumeNumber>685964.58</FuelProductNonResettableVolumeNumber>
</FPMNonResettableTotals>
<FPMNonResettableTotals>
<FuelPositionID>6</FuelPositionID>
<FuelProductNonResettableAmountNumber>0</FuelProductNonResettableAmountNumber>
<FuelProductNonResettableVolumeNumber>186679.44</FuelProductNonResettableVolumeNumber>
</FPMNonResettableTotals>
<FPMNonResettableTotals>
<FuelPositionID>7</FuelPositionID>
<FuelProductNonResettableAmountNumber>0</FuelProductNonResettableAmountNumber>
<FuelProductNonResettableVolumeNumber>623498.06</FuelProductNonResettableVolumeNumber>
</FPMNonResettableTotals>
<FPMNonResettableTotals>
<FuelPositionID>8</FuelPositionID>
<FuelProductNonResettableAmountNumber>0</FuelProductNonResettableAmountNumber>
<FuelProductNonResettableVolumeNumber>24529.85</FuelProductNonResettableVolumeNumber>
</FPMNonResettableTotals>
</FPMDetail>
<FPMDetail>
<FuelProductID>3</FuelProductID>
<FPMNonResettableTotals>
<FuelPositionID>1</FuelPositionID>
<FuelProductNonResettableAmountNumber>0</FuelProductNonResettableAmountNumber>
<FuelProductNonResettableVolumeNumber>96547.98</FuelProductNonResettableVolumeNumber>
</FPMNonResettableTotals>
<FPMNonResettableTotals>
<FuelPositionID>2</FuelPositionID>
<FuelProductNonResettableAmountNumber>0</FuelProductNonResettableAmountNumber>
<FuelProductNonResettableVolumeNumber>68374.75</FuelProductNonResettableVolumeNumber>
</FPMNonResettableTotals>
</FPMDetail>
</FuelProductMovement>
</NAXML-MovementReport>
