<?xml version="1.0" encoding="ISO-8859-1"?>
<NAXML-MovementReport version="3.4">
<TransmissionHeader>
<StoreLocationID>299</StoreLocationID>
<VendorName>Gilbarco-VeederRoot</VendorName>
<VendorModelVersion>10.10.27.03B</VendorModelVersion>
</TransmissionHeader>
<FuelProductMovement>
<MovementHeader>
<ReportSequenceNumber>1</ReportSequenceNumber>
<PrimaryReportPeriod>2</PrimaryReportPeriod>
<SecondaryReportPeriod>0</SecondaryReportPeriod>
<BusinessDate>2017-08-12</BusinessDate>
<BeginDate>2017-08-12</BeginDate>
<BeginTime>22:41:34</BeginTime>
<EndDate>2017-08-13</EndDate>
<EndTime>22:33:32</EndTime>
</MovementHeader>
<FPMDetail>
<FuelProductID>1</FuelProductID>
<FPMNonResettableTotals>
<FuelPositionID>1</FuelPositionID>
<FuelProductNonResettableAmountNumber>0</FuelProductNonResettableAmountNumber>
<FuelProductNonResettableVolumeNumber>78815.36</FuelProductNonResettableVolumeNumber>
</FPMNonResettableTotals>
<FPMNonResettableTotals>
<FuelPositionID>2</FuelPositionID>
<FuelProductNonResettableAmountNumber>0</FuelProductNonResettableAmountNumber>
<FuelProductNonResettableVolumeNumber>84904.81</FuelProductNonResettableVolumeNumber>
</FPMNonResettableTotals>
<FPMNonResettableTotals>
<FuelPositionID>3</FuelPositionID>
<FuelProductNonResettableAmountNumber>0</FuelProductNonResettableAmountNumber>
<FuelProductNonResettableVolumeNumber>274779.71</FuelProductNonResettableVolumeNumber>
</FPMNonResettableTotals>
<FPMNonResettableTotals>
<FuelPositionID>4</FuelPositionID>
<FuelProductNonResettableAmountNumber>0</FuelProductNonResettableAmountNumber>
<FuelProductNonResettableVolumeNumber>275723.33</FuelProductNonResettableVolumeNumber>
</FPMNonResettableTotals>
<FPMNonResettableTotals>
<FuelPositionID>5</FuelPositionID>
<FuelProductNonResettableAmountNumber>0</FuelProductNonResettableAmountNumber>
<FuelProductNonResettableVolumeNumber>522031.07</FuelProductNonResettableVolumeNumber>
</FPMNonResettableTotals>
<FPMNonResettableTotals>
<FuelPositionID>6</FuelPositionID>
<FuelProductNonResettableAmountNumber>0</FuelProductNonResettableAmountNumber>
<FuelProductNonResettableVolumeNumber>307141.9</FuelProductNonResettableVolumeNumber>
</FPMNonResettableTotals>
<FPMNonResettableTotals>
<FuelPositionID>7</FuelPositionID>
<FuelProductNonResettableAmountNumber>0</FuelProductNonResettableAmountNumber>
<FuelProductNonResettableVolumeNumber>568181.51</FuelProductNonResettableVolumeNumber>
</FPMNonResettableTotals>
<FPMNonResettableTotals>
<FuelPositionID>8</FuelPositionID>
<FuelProductNonResettableAmountNumber>0</FuelProductNonResettableAmountNumber>
<FuelProductNonResettableVolumeNumber>247197.91</FuelProductNonResettableVolumeNumber>
</FPMNonResettableTotals>
</FPMDetail>
<FPMDetail>
<FuelProductID>2</FuelProductID>
<FPMNonResettableTotals>
<FuelPositionID>1</FuelPositionID>
<FuelProductNonResettableAmountNumber>0</FuelProductNonResettableAmountNumber>
<FuelProductNonResettableVolumeNumber>135328.62</FuelProductNonResettableVolumeNumber>
</FPMNonResettableTotals>
<FPMNonResettableTotals>
<FuelPositionID>2</FuelPositionID>
<FuelProductNonResettableAmountNumber>0</FuelProductNonResettableAmountNumber>
<FuelProductNonResettableVolumeNumber>207592.92</FuelProductNonResettableVolumeNumber>
</FPMNonResettableTotals>
<FPMNonResettableTotals>
<FuelPositionID>3</FuelPositionID>
<FuelProductNonResettableAmountNumber>0</FuelProductNonResettableAmountNumber>
<FuelProductNonResettableVolumeNumber>513089.91</FuelProductNonResettableVolumeNumber>
</FPMNonResettableTotals>
<FPMNonResettableTotals>
<FuelPositionID>4</FuelPositionID>
<FuelProductNonResettableAmountNumber>0</FuelProductNonResettableAmountNumber>
<FuelProductNonResettableVolumeNumber>876153.04</FuelProductNonResettableVolumeNumber>
</FPMNonResettableTotals>
<FPMNonResettableTotals>
<FuelPositionID>5</FuelPositionID>
<FuelProductNonResettableAmountNumber>0</FuelProductNonResettableAmountNumber>
<FuelProductNonResettableVolumeNumber>684608.5</FuelProductNonResettableVolumeNumber>
</FPMNonResettableTotals>
<FPMNonResettableTotals>
<FuelPositionID>6</FuelPositionID>
<FuelProductNonResettableAmountNumber>0</FuelProductNonResettableAmountNumber>
<FuelProductNonResettableVolumeNumber>183667.34</FuelProductNonResettableVolumeNumber>
</FPMNonResettableTotals>
<FPMNonResettableTotals>
<FuelPositionID>7</FuelPositionID>
<FuelProductNonResettableAmountNumber>0</FuelProductNonResettableAmountNumber>
<FuelProductNonResettableVolumeNumber>621959.8</FuelProductNonResettableVolumeNumber>
</FPMNonResettableTotals>
<FPMNonResettableTotals>
<FuelPositionID>8</FuelPositionID>
<FuelProductNonResettableAmountNumber>0</FuelProductNonResettableAmountNumber>
<FuelProductNonResettableVolumeNumber>21956.12</FuelProductNonResettableVolumeNumber>
</FPMNonResettableTotals>
</FPMDetail>
<FPMDetail>
<FuelProductID>3</FuelProductID>
<FPMNonResettableTotals>
<FuelPositionID>1</FuelPositionID>
<FuelProductNonResettableAmountNumber>0</FuelProductNonResettableAmountNumber>
<FuelProductNonResettableVolumeNumber>95757.33</FuelProductNonResettableVolumeNumber>
</FPMNonResettableTotals>
<FPMNonResettableTotals>
<FuelPositionID>2</FuelPositionID>
<FuelProductNonResettableAmountNumber>0</FuelProductNonResettableAmountNumber>
<FuelProductNonResettableVolumeNumber>67885.93</FuelProductNonResettableVolumeNumber>
</FPMNonResettableTotals>
</FPMDetail>
</FuelProductMovement>
</NAXML-MovementReport>
