<?xml version="1.0" encoding="ISO-8859-1"?>
<NAXML-MovementReport version="3.4">
<TransmissionHeader>
<StoreLocationID>299</StoreLocationID>
<VendorName>Gilbarco-VeederRoot</VendorName>
<VendorModelVersion>10.10.27.03B</VendorModelVersion>
</TransmissionHeader>
<FuelProductMovement>
<MovementHeader>
<ReportSequenceNumber>1</ReportSequenceNumber>
<PrimaryReportPeriod>2</PrimaryReportPeriod>
<SecondaryReportPeriod>0</SecondaryReportPeriod>
<BusinessDate>2017-09-12</BusinessDate>
<BeginDate>2017-09-12</BeginDate>
<BeginTime>22:48:32</BeginTime>
<EndDate>2017-09-13</EndDate>
<EndTime>22:43:48</EndTime>
</MovementHeader>
<FPMDetail>
<FuelProductID>1</FuelProductID>
<FPMNonResettableTotals>
<FuelPositionID>1</FuelPositionID>
<FuelProductNonResettableAmountNumber>0</FuelProductNonResettableAmountNumber>
<FuelProductNonResettableVolumeNumber>81737.64</FuelProductNonResettableVolumeNumber>
</FPMNonResettableTotals>
<FPMNonResettableTotals>
<FuelPositionID>2</FuelPositionID>
<FuelProductNonResettableAmountNumber>0</FuelProductNonResettableAmountNumber>
<FuelProductNonResettableVolumeNumber>88220.17</FuelProductNonResettableVolumeNumber>
</FPMNonResettableTotals>
<FPMNonResettableTotals>
<FuelPositionID>3</FuelPositionID>
<FuelProductNonResettableAmountNumber>0</FuelProductNonResettableAmountNumber>
<FuelProductNonResettableVolumeNumber>278782.96</FuelProductNonResettableVolumeNumber>
</FPMNonResettableTotals>
<FPMNonResettableTotals>
<FuelPositionID>4</FuelPositionID>
<FuelProductNonResettableAmountNumber>0</FuelProductNonResettableAmountNumber>
<FuelProductNonResettableVolumeNumber>279342.07</FuelProductNonResettableVolumeNumber>
</FPMNonResettableTotals>
<FPMNonResettableTotals>
<FuelPositionID>5</FuelPositionID>
<FuelProductNonResettableAmountNumber>0</FuelProductNonResettableAmountNumber>
<FuelProductNonResettableVolumeNumber>528531.26</FuelProductNonResettableVolumeNumber>
</FPMNonResettableTotals>
<FPMNonResettableTotals>
<FuelPositionID>6</FuelPositionID>
<FuelProductNonResettableAmountNumber>0</FuelProductNonResettableAmountNumber>
<FuelProductNonResettableVolumeNumber>311239.89</FuelProductNonResettableVolumeNumber>
</FPMNonResettableTotals>
<FPMNonResettableTotals>
<FuelPositionID>7</FuelPositionID>
<FuelProductNonResettableAmountNumber>0</FuelProductNonResettableAmountNumber>
<FuelProductNonResettableVolumeNumber>575358.06</FuelProductNonResettableVolumeNumber>
</FPMNonResettableTotals>
<FPMNonResettableTotals>
<FuelPositionID>8</FuelPositionID>
<FuelProductNonResettableAmountNumber>0</FuelProductNonResettableAmountNumber>
<FuelProductNonResettableVolumeNumber>251072.63</FuelProductNonResettableVolumeNumber>
</FPMNonResettableTotals>
</FPMDetail>
<FPMDetail>
<FuelProductID>2</FuelProductID>
<FPMNonResettableTotals>
<FuelPositionID>1</FuelPositionID>
<FuelProductNonResettableAmountNumber>0</FuelProductNonResettableAmountNumber>
<FuelProductNonResettableVolumeNumber>139828.29</FuelProductNonResettableVolumeNumber>
</FPMNonResettableTotals>
<FPMNonResettableTotals>
<FuelPositionID>2</FuelPositionID>
<FuelProductNonResettableAmountNumber>0</FuelProductNonResettableAmountNumber>
<FuelProductNonResettableVolumeNumber>216809.31</FuelProductNonResettableVolumeNumber>
</FPMNonResettableTotals>
<FPMNonResettableTotals>
<FuelPositionID>3</FuelPositionID>
<FuelProductNonResettableAmountNumber>0</FuelProductNonResettableAmountNumber>
<FuelProductNonResettableVolumeNumber>518818.71</FuelProductNonResettableVolumeNumber>
</FPMNonResettableTotals>
<FPMNonResettableTotals>
<FuelPositionID>4</FuelPositionID>
<FuelProductNonResettableAmountNumber>0</FuelProductNonResettableAmountNumber>
<FuelProductNonResettableVolumeNumber>886178.83</FuelProductNonResettableVolumeNumber>
</FPMNonResettableTotals>
<FPMNonResettableTotals>
<FuelPositionID>5</FuelPositionID>
<FuelProductNonResettableAmountNumber>0</FuelProductNonResettableAmountNumber>
<FuelProductNonResettableVolumeNumber>691660.05</FuelProductNonResettableVolumeNumber>
</FPMNonResettableTotals>
<FPMNonResettableTotals>
<FuelPositionID>6</FuelPositionID>
<FuelProductNonResettableAmountNumber>0</FuelProductNonResettableAmountNumber>
<FuelProductNonResettableVolumeNumber>198619.75</FuelProductNonResettableVolumeNumber>
</FPMNonResettableTotals>
<FPMNonResettableTotals>
<FuelPositionID>7</FuelPositionID>
<FuelProductNonResettableAmountNumber>0</FuelProductNonResettableAmountNumber>
<FuelProductNonResettableVolumeNumber>629983.53</FuelProductNonResettableVolumeNumber>
</FPMNonResettableTotals>
<FPMNonResettableTotals>
<FuelPositionID>8</FuelPositionID>
<FuelProductNonResettableAmountNumber>0</FuelProductNonResettableAmountNumber>
<FuelProductNonResettableVolumeNumber>35483.44</FuelProductNonResettableVolumeNumber>
</FPMNonResettableTotals>
</FPMDetail>
<FPMDetail>
<FuelProductID>3</FuelProductID>
<FPMNonResettableTotals>
<FuelPositionID>1</FuelPositionID>
<FuelProductNonResettableAmountNumber>0</FuelProductNonResettableAmountNumber>
<FuelProductNonResettableVolumeNumber>99285.48</FuelProductNonResettableVolumeNumber>
</FPMNonResettableTotals>
<FPMNonResettableTotals>
<FuelPositionID>2</FuelPositionID>
<FuelProductNonResettableAmountNumber>0</FuelProductNonResettableAmountNumber>
<FuelProductNonResettableVolumeNumber>70683.38</FuelProductNonResettableVolumeNumber>
</FPMNonResettableTotals>
</FPMDetail>
</FuelProductMovement>
</NAXML-MovementReport>
