"Item Code",Location,"Supplier Code","Order Number","Line Number","Order Date","Order Quantity","Expected Arrival Date","Outstanding Quantity","Order Type","Purchase Unit Cost"
BBS1-1238,3,135,4937,1,2017/01/12,3000,2017/09/01,988,P,5.02
Pkg17x12x10,3,210,4951,1,2017/01/23,75,2017/01/23,75,P,1.10
PFIR-1156,3,135,4958,1,2017/01/26,1500,2017/03/01,220,P,11.68
PFRM-1158,3,135,4958,2,2017/01/26,1500,2017/03/01,240,P,11.64
STK01R,3,135,4960,1,2017/01/26,2500,2017/04/01,44,P,3.35
PKGGARMCT,5,211,4984,1,2017/03/10,834,2017/03/24,12,P,1.455
HELB-1060,3,118,4993,1,2017/03/24,2744,2017/05/19,392,P,3.35
TRNB-1054,3,135,4994,31,2017/03/24,3500,2017/05/05,170,P,7.15
WAOB-1268,3,118,5013,1,2017/03/28,600,2017/04/10,8,P,6.28
WABO-1269,3,118,5013,2,2017/03/28,600,2017/04/10,10,P,6.28
PKGCHFRTL,5,211,5014,1,2017/04/03,10000,2017/04/10,220,P,.676
PKGCHFMCT,5,211,5014,4,2017/04/03,1250,2017/04/10,120,P,1.57
PKGSTSRTL,5,211,5021,1,2017/04/10,10000,2017/04/17,7100,P,.779
PKGSTSMCT,5,211,5021,2,2017/04/10,1250,2017/04/17,1025,P,1.168
PKGTEAMCT02,5,211,5053,4,2017/05/04,6667,2017/08/01,703,P,1.137
BKTK-4342,3,7397,5055,1,2017/05/04,2500,2017/06/01,107,P,1.63
LILY-SML-PR,4,135,5061,19,2017/05/09,7000,2017/05/31,7000,P,.10
PETUNIA-PK,4,135,5061,21,2017/05/09,7000,2017/05/31,350,P,.12
FLW-STEM-GR-SML,4,135,5061,27,2017/05/09,56000,2017/05/31,666,P,.08
FLW01R,5,135,5062,1,2017/05/09,6000,2017/05/31,100,P,.45
CD04-SKBD-PET,,10337,5089,1,2017/05/31,105000,2017/06/15,1000,P,.0389
SCHY-1009,3,135,5091,1,2017/05/31,5000,2017/06/12,104,P,5.74
DRM1-1246,3,135,5095,1,2017/05/31,8500,2017/07/17,2976,P,4.51
MVP1-1165,3,135,5096,13,2017/06/01,1667,2017/07/01,603,P,5.05
SEAG-1029,3,135,5096,19,2017/06/01,2000,2017/07/01,20,P,4.17
TUG01R-B,3,118,5097,2,2017/06/01,5103,2017/07/27,567,P,1.88
WAGO-1227,3,118,5097,5,2017/06/01,7040,2017/07/27,160,P,6.28
LILY-LRG-PK,4,135,5103,12,2017/06/08,6000,2017/07/01,1000,P,.10
SECO-1064,3,118,5120,9,2017/06/16,3168,2017/08/10,6,P,3.95
PKGDSTRTL,4,211,5135,1,2017/06/22,17500,2017/07/17,17500,P,.589
PKGDSTMCT,4,211,5135,2,2017/06/22,4375,2017/07/17,4375,P,.543
PKGCMDSLV,4,211,5135,3,2017/06/22,10000,2017/07/17,10000,P,.306
PKGMTDSLV,4,211,5135,4,2017/06/22,7500,2017/07/17,7500,P,.306
PHSE-1239,3,135,5151,1,2017/06/30,4000,2017/10/15,928,P,11.141
ACRD-MMDS,,211,5155,1,2017/07/06,15000,2017/07/17,15000,P,.488
HELY-ASSY,13,118,5170,1,2017/07/13,22500,2017/09/07,300,P,2.96
DAISY-LRG-PK,5,135,5174,3,2017/07/18,6000,2017/08/01,400,P,.11
PETUNIA-YW,5,135,5174,26,2017/07/18,6000,2017/08/01,50,P,.12
DAISY-LRG-PK,5,135,5176,3,2017/07/18,6000,2017/08/28,6000,P,.11
DAISY-LRG-YW,5,135,5176,5,2017/07/18,6000,2017/08/28,6000,P,.11
DAISY-PLG-PK,5,135,5176,6,2017/07/18,6000,2017/08/28,6000,P,.10
DAISY-PLG-YW,5,135,5176,8,2017/07/18,6000,2017/08/28,6000,P,.10
DAISY-SML-PK,5,135,5176,9,2017/07/18,6000,2017/08/28,6000,P,.10
DAISY-SML-YW,5,135,5176,11,2017/07/18,6000,2017/08/28,6000,P,.10
LILY-LRG-PK,5,135,5176,12,2017/07/18,6000,2017/08/28,6000,P,.10
LILY-LRG-YW,5,135,5176,14,2017/07/18,6000,2017/08/28,6000,P,.10
LILY-PLG-PK,5,135,5176,15,2017/07/18,6000,2017/08/28,6000,P,.10
LILY-PLG-PR,5,135,5176,16,2017/07/18,6000,2017/08/28,383,P,.10
LILY-PLG-YW,5,135,5176,17,2017/07/18,6000,2017/08/28,6000,P,.10
LILY-SML-PK,5,135,5176,18,2017/07/18,6000,2017/08/28,6000,P,.10
LILY-SML-YW,5,135,5176,20,2017/07/18,6000,2017/08/28,6000,P,.10
PETUNIA-PK,5,135,5176,21,2017/07/18,6000,2017/08/28,6000,P,.12
PETUNIA-PLG-PK,5,135,5176,22,2017/07/18,6000,2017/08/28,6000,P,.09
PETUNIA-PLG-YW,5,135,5176,24,2017/07/18,6000,2017/08/28,6000,P,.09
PETUNIA-YW,5,135,5176,26,2017/07/18,6000,2017/08/28,6000,P,.12
SUG02R,5,135,5181,5,2017/07/18,12500,2017/08/28,2250,P,.26
LID01R,5,135,5181,6,2017/07/18,12500,2017/08/28,2250,P,.24
NUT01R,17,135,5185,10,2017/07/18,8500,2017/10/01,1380,P,.07
PKL01R,5,135,5192,4,2017/07/18,3000,2017/08/28,465,P,.11
PKGCLSDBIG,5,211,5196,1,2017/07/24,30000,2017/08/15,16470,P,.468
PKGFLWSLVA,5,211,5196,2,2017/07/24,18000,2017/08/15,12000,P,.367
PKGCLSDBIGMCT,5,211,5196,3,2017/07/24,7500,2017/08/15,4375,P,.655
PKGSTPSLVA,5,211,5196,4,2017/07/24,6500,2017/08/15,3000,P,.367
PKGSTSSLVA,5,211,5196,5,2017/07/24,5000,2017/08/15,1950,P,.367
PKGSLDSLVA,5,211,5196,6,2017/07/24,5000,2017/08/15,2300,P,.735
PKGCLSDMID,5,211,5196,7,2017/07/24,5000,2017/08/15,1400,P,.547
PKGCLSDMIDMCT,5,211,5196,8,2017/07/24,1500,2017/08/15,875,P,.755
PKGCLSDSHRT,5,211,5197,1,2017/07/24,20500,2017/08/15,3500,P,.546
PKGTLSPSLVA,5,211,5197,2,2017/07/24,12500,2017/08/15,3750,P,.405
TRNRG-1293,3,135,5207,3,2017/08/08,3000,2017/08/28,6,P,7.08
CST3-1209,3,135,5209,6,2017/08/10,4000,2017/09/01,20,P,7.50
PKG18x16x10,4,210,5212,1,2017/08/15,100,2017/08/15,100,P,1.66
PKGJMPMCT-A,5,211,5216,1,2017/08/17,834,2017/09/01,834,P,1.01
PKGJMPRTL-A,5,211,5216,2,2017/08/17,10000,2017/09/01,3520,P,.234
ROP01,5,171,5222,1,2017/08/25,20400,2017/09/08,133,P,.12
PKGTEAMCT02,5,211,5227,1,2017/08/28,5000,2017/10/01,861,P,1.216
TRNRG-1293,3,135,5228,2,2017/08/29,2000,2017/09/29,14,P,7.08
PKGAIRCVR,7,211,5233,1,2017/08/30,25000,2017/08/30,16600,P,.116
PKGFRBCVR,7,211,5233,2,2017/08/30,100000,2017/08/30,73000,P,.116
PKGTEACVR,7,211,5233,3,2017/08/30,12000,2017/08/30,12000,P,.116
HELA-1062,3,118,5234,2,2017/08/31,1568,2017/10/26,1568,P,3.35
SECA-1065,3,118,5234,5,2017/08/31,1152,2017/10/26,774,P,3.95
SECB-1063,3,118,5234,6,2017/08/31,2880,2017/10/26,5,P,3.95
TUG01R-A,3,118,5234,8,2017/08/31,3969,2017/10/26,990,P,1.88
TUG01R-R,3,118,5234,10,2017/08/31,4536,2017/10/26,153,P,1.88
ROP01,5,171,5237,1,2017/09/06,40000,2017/09/30,2347,P,.12
AIRA-1028,3,135,5240,1,2017/09/07,3000,2017/10/01,1720,P,3.32
DTK01R,3,135,5240,9,2017/09/07,15000,2017/10/01,1026,P,5.46
"OLD DO NOT USE - CD04-YW01",16,10148,5245,1,2017/09/13,22500,2017/10/19,1284,P,.47
"OLD DO NOT USE - CD04-PK01",16,10148,5246,4,2017/09/13,7000,2017/10/19,376,P,.47
"OLD DO NOT USE - DS4A-1241",3,10148,5247,1,2017/09/13,10000,2017/10/20,748,P,2.19
SLDA-SAL,4,135,5251,1,2017/09/19,5000,2017/10/03,5000,P,.28625
SLDA-OIL,4,135,5251,2,2017/09/19,5000,2017/10/03,5000,P,.28625
SLDA-PEP,4,135,5251,3,2017/09/19,5000,2017/10/03,5000,P,.28625
SLDA-VIN,4,135,5251,4,2017/09/19,5000,2017/10/03,5000,P,.28625
DTK01R,3,135,5267,9,2017/10/02,6500,2017/10/30,4778,P,5.46
FTK01R,3,135,5267,14,2017/10/02,8000,2017/10/30,680,P,5.10
MVP1-1165,3,135,5267,18,2017/10/02,2000,2017/10/30,120,P,5.00
RBH1-ASSY-PKG,3,135,5267,21,2017/10/02,3000,2017/10/30,1532,P,4.05
STCA-8586,3,135,5267,27,2017/10/02,5000,2017/10/30,544,P,2.56
PKGDSHRISB,5,211,5273,2,2017/10/04,10000,2017/10/23,2850,P,.1825
PKGDSHRTL,5,211,5273,4,2017/10/04,10000,2017/10/23,150,P,.786
TEARTLINSP,5,211,5286,1,2017/10/19,20000,2017/10/19,11600,P,1.078
PKGTEAMCT02,5,211,5286,3,2017/10/19,5000,2017/10/19,5000,P,1.216
"OLD DO NOT USE - CD04-YW01",12,10148,5290,1,2017/10/23,2800,2017/10/27,2800,P,.47
"OLD DO NOT USE - CD04-BL01",12,10148,5290,4,2017/10/23,1400,2017/10/27,12,P,.47
"OLD DO NOT USE - CD04-PK01",12,10148,5290,5,2017/10/23,1400,2017/10/27,1400,P,.47
PKGSTPRIS,5,211,5296,1,2017/10/25,10000,2017/11/01,7400,P,.332
RKTR-1040,3,135,5306,3,2017/11/02,1500,2017/12/01,24,P,3.76
Labor-DCM1-ASSY,7,118,5311,1,2017/11/06,7000,2017/11/06,60,P,2.95
PKGDKDGTHRM,7,211,5323,1,2017/11/13,60000,2018/01/03,60000,P,.183
PKGTRNTHRM-B,7,211,5323,2,2017/11/13,30000,2018/01/03,30000,P,.256
PKGTRNTHRM-L,7,211,5323,3,2017/11/13,30000,2018/01/03,30000,P,.256
PKGRBH1THRM,7,211,5323,4,2017/11/13,20000,2018/01/03,20000,P,.347
PKGMVPTHERM,7,211,5323,5,2017/11/13,20000,2018/01/03,20000,P,.901
PKG944997SHRD,12,211,5325,4,2017/11/14,126,2017/12/04,126,P,5.567
PKG944997CAP,12,211,5325,5,2017/11/14,126,2017/12/04,126,P,3.96
FRBGW-1290,3,135,5328,5,2017/11/15,5000,2017/11/20,272,P,4.99
PKGD4PKRTL,7,211,5336,1,2017/11/16,12000,2017/11/24,12000,P,.247
PKGD4PKMCT,7,211,5336,2,2017/11/16,2000,2017/11/24,2000,P,.473
PKGD4PKSLV,7,211,5336,3,2017/11/16,12000,2017/11/24,12000,P,.378
CMXG-1263,3,135,5344,1,2017/11/27,2000,2017/11/27,896,P,3.30
SEAG-1029,3,135,5345,8,2017/11/28,4000,2017/12/01,142,P,3.88
TRTO-1042,3,135,5345,13,2017/11/28,4000,2017/12/01,178,P,4.09
WAGO-1227,3,118,5346,1,2017/11/28,5120,2017/12/01,1294,P,6.28
TUG01R-R,3,118,5346,2,2017/11/28,9639,2017/12/01,6804,P,1.88
TUG01R-B,3,118,5346,3,2017/11/28,9639,2017/12/01,1701,P,1.88
TUG01R-Y,3,118,5346,4,2017/11/28,9639,2017/12/01,1404,P,1.88
PFIR-1156,3,135,5348,1,2017/12/05,3000,2017/12/11,3000,P,10.66
DTKP-1010,3,135,5349,2,2017/12/06,5000,2017/12/15,56,P,5.51
CPCK-1152,3,135,5349,4,2017/12/06,5000,2017/12/15,1244,P,5.48
KTB01R,5,135,5350,1,2017/12/06,5000,2018/01/15,347,P,.81
CUP01R,5,135,5351,2,2017/12/06,20000,2018/01/15,750,P,.15
BWL01R,5,135,5352,1,2017/12/06,20000,2018/01/15,10000,P,.32
CUP01R,5,135,5352,2,2017/12/06,20000,2018/01/15,1500,P,.15
PLT01R,5,135,5352,5,2017/12/06,20000,2018/01/15,14200,P,.29
TOP01R,5,135,5352,9,2017/12/06,5000,2018/01/15,2700,P,.35
CHS01R-S,7,135,5354,9,2017/12/06,4000,2018/01/20,4000,P,.11
PLT01R,5,135,5354,12,2017/12/06,4000,2018/01/20,4000,P,.29
FLW-BASE-BR,7,135,5355,1,2017/12/06,12000,2018/01/20,12000,P,.14
FLW-STEM-GR-LRG,7,135,5355,2,2017/12/06,24000,2018/01/20,24000,P,.08
DAISY-LRG-PK,7,135,5355,3,2017/12/06,3000,2018/01/20,3000,P,.11
DAISY-LRG-PR,7,135,5355,4,2017/12/06,3000,2018/01/20,3000,P,.11
DAISY-LRG-YW,7,135,5355,5,2017/12/06,3000,2018/01/20,3000,P,.11
DAISY-PLG-PK,7,135,5355,6,2017/12/06,3000,2018/01/20,3000,P,.10
DAISY-PLG-PR,7,135,5355,7,2017/12/06,3000,2018/01/20,3000,P,.10
DAISY-PLG-YW,7,135,5355,8,2017/12/06,3000,2018/01/20,3000,P,.10
DAISY-SML-PK,7,135,5355,9,2017/12/06,3000,2018/01/20,3000,P,.10
DAISY-SML-PR,7,135,5355,10,2017/12/06,3000,2018/01/20,3000,P,.10
DAISY-SML-YW,7,135,5355,11,2017/12/06,3000,2018/01/20,3000,P,.10
LILY-LRG-PK,7,135,5355,12,2017/12/06,3000,2018/01/20,3000,P,.10
LILY-LRG-PR,7,135,5355,13,2017/12/06,3000,2018/01/20,3000,P,.10
LILY-LRG-YW,7,135,5355,14,2017/12/06,3000,2018/01/20,3000,P,.10
LILY-PLG-PK,7,135,5355,15,2017/12/06,3000,2018/01/20,3000,P,.10
LILY-PLG-PR,7,135,5355,16,2017/12/06,3000,2018/01/20,3000,P,.10
LILY-LRG-YW,7,135,5355,17,2017/12/06,3000,2018/01/20,3000,P,.10
LILY-SML-PK,7,135,5355,18,2017/12/06,3000,2018/01/20,3000,P,.10
LILY-SML-PR,7,135,5355,19,2017/12/06,3000,2018/01/20,3000,P,.10
LILY-SML-YW,7,135,5355,20,2017/12/06,3000,2018/01/20,3000,P,.10
PETUNIA-PK,7,135,5355,21,2017/12/06,3000,2018/01/20,3000,P,.12
PETUNIA-PLG-PK,7,135,5355,22,2017/12/06,3000,2018/01/20,3000,P,.09
PETUNIA-PLG-PR,7,135,5355,23,2017/12/06,3000,2018/01/20,3000,P,.09
PETUNIA-PLG-YW,7,135,5355,24,2017/12/06,3000,2018/01/20,3000,P,.09
PETUNIA-PR,7,135,5355,25,2017/12/06,3000,2018/01/20,3000,P,.12
PETUNIA-YW,7,135,5355,26,2017/12/06,3000,2018/01/20,3000,P,.12
FLW-STEM-GR-SML,7,135,5355,27,2017/12/06,24000,2018/01/20,24000,P,.08
BBAB-1230,7,9508,5356,1,2017/12/07,10000,2017/02/08,10000,P,1.17
BBSD-1232,7,9508,5356,2,2017/12/07,5000,2017/02/08,5000,P,1.17
SOI01,5,129,5360,1,2017/12/12,20000,2017/12/12,224,P,.44
SSPLTMRKB,5,11318,5365,1,2017/12/14,12000,2018/01/15,12000,P,.08806
SSPLTMRKC,5,11318,5365,2,2017/12/14,12000,2018/01/15,12000,P,.08806
SSPLTMRKS,5,11318,5365,3,2017/12/14,12000,2018/01/15,12000,P,.08806
AIRR-1026,3,135,5367,3,2017/12/19,2360,2017/12/19,128,P,3.32
SSGARSTK,5,8530,5368,1,2017/12/21,24000,2018/01/12,24000,P,.115
SSGARBK,5,57,5369,1,2017/12/22,12000,2018/01/15,12000,P,.4201666
SSEXPBK,5,57,5369,2,2017/12/22,12000,2018/01/15,12000,P,.3576666
SSWTCBK,13,57,5370,1,2017/12/22,30000,2018/01/15,30000,P,.2634666
CD04-YW01,16,11332,5373,1,2017/12/29,37000,2018/01/12,12232,P,.11
CD04-PK01,16,11332,5373,2,2017/12/29,14000,2018/01/12,8240,P,.11
CD04-BR01,16,11332,5373,3,2017/12/29,16400,2018/01/12,4016,P,.11
CD04-GN01,16,11332,5373,4,2017/12/29,25600,2018/01/12,6625,P,.11
CD04-BL01,16,11332,5373,5,2017/12/29,8800,2018/01/12,227,P,.11
CD04-RD01,16,11332,5373,6,2017/12/29,22800,2018/01/12,6844,P,.11
CD04-YW01,16,11333,5374,1,2017/12/29,37000,2018/01/12,11728,P,.16
CD04-PK01,16,11333,5374,2,2017/12/29,14000,2018/01/12,2444,P,.16
CD04-BR01,16,11333,5374,3,2017/12/29,16400,2018/01/12,4016,P,.16
CD04-GN01,16,11333,5374,4,2017/12/29,25600,2018/01/12,6472,P,.16
CD04-RD01,16,11333,5374,6,2017/12/29,22800,2018/01/12,4728,P,.16
FLW01R-PR,5,135,5377,3,2018/01/09,6000,2018/01/12,6000,P,.45
SSSEEDBAS,5,166,5380,1,2018/01/09,12000,2018/02/01,12000,P,.09
SSSEEDCRT,5,166,5380,2,2018/01/09,12000,2018/02/01,12000,P,.16
SSSEEDSUN,5,166,5380,3,2018/01/09,12000,2018/02/01,12000,P,.09
SSSEEDSUN,13,166,5381,1,2018/01/09,30000,2018/02/01,30000,P,.09
SSSEEDBAS,13,166,5381,2,2018/01/09,30000,2018/02/01,30000,P,.09
BTS1-1236,3,135,5382,6,2018/01/09,3000,2018/01/29,3000,P,7.30
CCRB-1237,3,135,5382,7,2018/01/09,7000,2018/01/29,1316,P,6.19
CSCO-1106,3,135,5382,8,2018/01/09,5000,2018/01/29,62,P,3.30
SCHY-1009,3,135,5382,10,2018/01/09,3000,2018/01/29,1692,P,5.65
SEAY-1030,3,135,5382,12,2018/01/09,5000,2018/01/29,170,P,3.88
RTK01R,3,135,5382,14,2018/01/09,5000,2018/01/29,590,P,5.63
TRNB-1054,3,135,5382,15,2018/01/09,5000,2018/01/29,2690,P,6.70
TRTO-1042,3,135,5382,16,2018/01/09,5000,2018/01/29,3380,P,4.09
PTRB-1153,3,135,5382,18,2018/01/09,2500,2018/01/29,2500,P,3.18
KYBB-1234,3,135,5382,19,2018/01/09,5000,2018/01/29,4136,P,1.97
RKTR-1040,3,135,5382,20,2018/01/09,2000,2018/01/29,2000,P,3.76
RKTB-1039,3,135,5382,21,2018/01/09,2000,2018/01/29,1784,P,3.76
ARBB-1235,3,135,5382,22,2018/01/09,5000,2018/01/29,4596,P,4.32
CMXG-1263,3,135,5382,24,2018/01/09,2500,2018/01/29,412,P,3.30
MVP1-1165,3,135,5382,25,2018/01/09,3000,2018/01/29,3000,P,5.05
SPSA-1036,3,135,5382,26,2018/01/09,2500,2018/01/29,1084,P,3.78
FLRA-1481,3,135,5382,27,2018/01/09,2500,2018/01/29,2218,P,6.71
ROP01,5,171,5384,1,2018/01/10,70000,2018/01/17,70000,P,.1175
HPK01R,5,135,5386,4,2018/01/16,4000,2018/02/01,4000,P,.48
CPI01R,5,135,5386,5,2018/01/16,4000,2018/02/01,4000,P,.08
WPI01R,5,135,5386,6,2018/01/16,4000,2018/02/01,4000,P,.04
POT01R,5,135,5387,3,2018/01/16,2000,2018/02/01,450,P,.52
STCA-TYC,3,135,5388,3,2018/01/16,300,2018/01/22,300,P,1.73
STCC-1279,3,135,5388,4,2018/01/16,2000,2018/01/22,2000,P,2.62
SSGARSTK02,,8530,5389,1,2018/01/17,24000,2018/01/29,24000,P,.115
PKGSSGARRTL,,163,5390,1,2018/01/17,12000,2018/02/12,12000,P,1.186
PKGSSEXPRTL,,163,5390,2,2018/01/17,12000,2018/02/12,12000,P,.864
PKGSSWTCRTL-P,,163,5390,3,2018/01/17,12000,2018/02/12,12000,P,.582
PKGSSWTCRTL-R,,163,5390,4,2018/01/17,18000,2018/02/12,18000,P,.582
PKGSNWTAG2,5,57,5397,1,2018/01/18,2300,2018/01/18,2300,P,.531739
PKGDSTRTL,7,211,5399,1,2018/01/18,10780,2018/01/18,10780,P,.589
PKGDSTMCT,7,211,5399,2,2018/01/18,680,2018/01/18,680,P,.543
BWL01R,5,135,5400,1,2018/01/19,6000,2018/01/19,6000,P,.32
KTB01R,5,135,5400,2,2018/01/19,990,2018/01/19,990,P,.81
TOP01R,5,135,5400,3,2018/01/19,2000,2018/01/19,2000,P,.35
LID02R,5,135,5400,4,2018/01/19,1000,2018/01/19,1000,P,.32
SUBB-1032,3,135,5403,1,2018/01/23,3000,2018/01/25,1040,P,2.02
PKGJMPMCT-A,5,211,5404,1,2018/01/24,5000,2018/02/05,5000,P,.44
PKGJMPRTL-A,5,211,5404,2,2018/01/24,30000,2018/02/05,30000,P,.206
HELB-1060,3,118,5408,1,2018/01/25,2744,2018/01/26,2744,P,4.70
HELG-1061,3,118,5408,2,2018/01/25,2744,2018/01/26,2744,P,4.70
SECB-1063,3,118,5408,3,2018/01/25,1728,2018/01/26,1728,P,5.77
SECO-1064,3,118,5408,4,2018/01/25,1728,2018/01/26,1728,P,5.77
TUG01R-A,3,118,5408,5,2018/01/25,3402,2018/01/26,3402,P,2.60
TUG01R-B,3,118,5408,6,2018/01/25,5670,2018/01/26,5670,P,2.60
TUG01R-R,3,118,5408,7,2018/01/25,5670,2018/01/26,5670,P,2.60
TUG01R-Y,3,118,5408,8,2018/01/25,5670,2018/01/26,5670,P,2.60
WAGO-1227,3,118,5408,9,2018/01/25,9920,2018/01/26,9920,P,7.20
WTCC-1267,3,118,5408,10,2018/01/25,3600,2018/01/26,3600,P,4.60
SSWTCR-ASSY,5,118,5409,1,2018/01/25,2500,2018/02/05,2500,P,3.69
SSWTCP-ASSY,5,118,5409,2,2018/01/25,2500,2018/02/05,2500,P,3.22
3SD1-PKG,7,7396,5410,1,2018/01/26,500,2018/02/19,500,P,25.06
CD04-CONT1,,9676,5411,1,2018/01/29,130560,2018/02/15,130560,P,.04876
CD04-LID1,,9676,5411,2,2018/01/29,130032,2018/02/15,130032,P,.0406
EUXYL01,3,11250,5412,1,2018/01/29,881.85,2018/02/15,881.85,P,6.66
MES01R,5,165,5413,1,2018/01/29,25000,2018/01/29,25000,P,.05
973786-CCU,3,135,5416,1,2018/01/29,2340,2018/02/20,2340,P,13.44
PKGSSWTCMCT,5,163,5429,4,2018/01/30,7500,2018/02/14,7500,P,.972
PKGSSGARMCT,5,163,5429,5,2018/01/30,3000,2018/02/14,3000,P,.718
PKGSSEXPMCT,5,163,5429,6,2018/01/30,3000,2018/02/14,3000,P,1.231
KTB01R,5,135,5446,1,2018/01/30,6000,2018/03/13,6000,P,.81
CUP01R,5,135,5446,2,2018/01/30,24000,2018/03/13,24000,P,.15
SAU01R,5,135,5446,3,2018/01/30,24000,2018/03/13,1500,P,.19
SUG02R,5,135,5446,5,2018/01/30,6000,2018/03/13,6000,P,.26
LID01R,5,135,5446,6,2018/01/30,6000,2018/03/13,6000,P,.24
LID02R,5,135,5446,8,2018/01/30,6000,2018/03/13,4500,P,.32
SPT01R,5,135,5447,3,2018/01/30,2000,2018/03/13,2000,P,.29
LAD01R,5,135,5447,4,2018/01/30,2000,2018/03/13,2000,P,.34
SKL01R,5,135,5447,5,2018/01/30,2000,2018/03/13,2000,P,.41
HPK01R,5,135,5449,1,2018/01/30,6000,2018/03/13,6000,P,.48
CPI01R,5,135,5449,2,2018/01/30,6000,2018/03/13,6000,P,.08
WPI01R,5,135,5449,3,2018/01/30,6000,2018/03/13,6000,P,.04
BWL01R,5,135,5450,1,2018/01/30,20000,2018/03/13,19250,P,.32
CUP01R,5,135,5450,2,2018/01/30,20000,2018/03/13,20000,P,.15
FRK01R,5,135,5450,3,2018/01/30,20000,2018/03/13,20000,P,.10
PLT01R,5,135,5450,5,2018/01/30,20000,2018/03/13,20000,P,.29
POT01R,5,135,5450,6,2018/01/30,5000,2018/03/13,5000,P,.52
SKL01R,5,135,5450,7,2018/01/30,5000,2018/03/13,5000,P,.41
TOP01R,5,135,5450,9,2018/01/30,5000,2018/03/13,3700,P,.35
BWL01R,5,135,5451,1,2018/01/30,20000,2018/03/13,20000,P,.32
CUP01R,5,135,5451,2,2018/01/30,20000,2018/03/13,20000,P,.15
FRK01R,5,135,5451,3,2018/01/30,20000,2018/03/13,20000,P,.10
PLT01R,5,135,5451,5,2018/01/30,20000,2018/03/13,20000,P,.29
HGR01R,5,135,5452,1,2018/01/30,20000,2018/03/13,18400,P,.48
CGR01R,5,135,5452,2,2018/01/30,20000,2018/03/13,19000,P,.08
WGR01R,5,135,5452,3,2018/01/30,20000,2018/03/13,19000,P,.04
RACP-1480,3,135,5453,1,2018/01/30,2000,2018/02/19,2000,P,1.46
RACB-1479,3,135,5453,2,2018/01/30,3000,2018/02/19,3000,P,1.46
RACR-1478,3,135,5453,3,2018/01/30,3000,2018/02/19,3000,P,1.46
KNTA-1502,3,135,5453,4,2018/01/30,5000,2018/02/19,5000,P,2.55
KYSA-1037,3,135,5453,5,2018/01/30,5000,2018/02/19,3920,P,1.36
STCA-8586,3,135,5453,6,2018/01/30,5000,2018/02/19,5000,P,2.56
SUBA-1034,3,135,5453,7,2018/01/30,5000,2018/02/19,5000,P,2.02
SUBB-1032,3,135,5453,8,2018/01/30,5000,2018/02/19,5000,P,2.02
SUBY-1033,3,135,5453,9,2018/01/30,5000,2018/02/19,4392,P,2.02
DTKP-1010,3,135,5453,10,2018/01/30,7000,2018/02/19,7000,P,5.51
FTK01R,3,135,5453,12,2018/01/30,7000,2018/02/19,7000,P,5.23
CDPB-1262,3,135,5454,1,2018/01/30,1500,2018/03/01,1200,P,3.30
STK01R,3,135,5454,2,2018/01/30,3500,2018/03/01,2260,P,3.00
CSCO-1106,3,135,5454,3,2018/01/30,5000,2018/03/01,5000,P,3.30
TRTO-1042,3,135,5454,4,2018/01/30,5000,2018/03/01,5000,P,4.09
CPCK-1152,3,135,5454,5,2018/01/30,6000,2018/03/01,6000,P,5.48
SPSA-1036,3,135,5454,6,2018/01/30,7000,2018/03/01,7000,P,3.78
ECS01R,3,135,5454,7,2018/01/30,10000,2018/03/01,10000,P,1.20
ARBB-1235,3,135,5454,8,2018/01/30,4000,2018/03/01,4000,P,4.32
BTS1-1236,3,135,5454,9,2018/01/30,3300,2018/03/01,3300,P,7.30
RKTA-1041,3,135,5455,1,2018/01/30,1000,2018/03/13,1000,P,3.76
SCHY-1009,3,135,5455,2,2018/01/30,2000,2018/03/13,2000,P,5.65
RCEL-1066,3,135,5455,3,2018/01/30,2500,2018/03/13,2500,P,2.58
AIRR-1026,3,135,5455,5,2018/01/30,3000,2018/03/13,1288,P,3.32
RTK01R,3,135,5455,6,2018/01/30,5000,2018/03/13,5000,P,5.63
CCRB-1237,3,135,5455,7,2018/01/30,7000,2018/03/13,7000,P,6.19
PZDT-1161,3,135,5455,8,2018/01/30,2500,2018/03/13,2500,P,2.96
WTCG-1111,3,118,5457,1,2018/02/01,6400,2018/03/01,6400,P,4.60
WTCC-1267,3,118,5457,2,2018/02/01,2400,2018/03/01,2400,P,4.33
WAGO-1227,3,118,5457,3,2018/02/01,9920,2018/03/01,9920,P,7.20
WTCG-1111,3,118,5458,1,2018/02/01,8400,2018/04/01,8400,P,4.60
WAGO-1227,3,118,5458,2,2018/02/01,9920,2018/04/01,9920,P,7.20
WTCG-1111,3,118,5460,1,2018/02/01,8400,2018/05/01,8400,P,4.60
WAGO-1227,3,118,5460,2,2018/02/01,9920,2018/05/01,9920,P,7.20
PKGCMDSLV,7,211,5462,1,2018/02/02,14000,2018/02/12,14000,P,.306
PKGMTDSLV,7,211,5462,2,2018/02/02,14000,2018/02/12,14000,P,.306
PKGMMDSLV,7,211,5462,3,2018/02/02,14000,2018/02/12,14000,P,.306
PKGRMDSLV,7,211,5462,4,2018/02/02,14000,2018/02/12,14000,P,.306
PKGFMDSLV,7,211,5462,5,2018/02/02,4000,2018/02/12,4000,P,.306
OFLR01,,11249,5466,1,2018/02/09,600,2018/02/15,600,P,.68
CD04-SKBD-PET,16,10337,5468,1,2018/02/09,5000,2018/02/15,5000,P,.0389
CD04-LID1,16,9676,5469,1,2018/02/09,6048,2018/02/15,6048,P,.05094
CD04-CONT1,,9676,5469,2,2018/02/09,6120,2018/02/15,6120,P,.04644
EUXYL01,16,11250,5470,1,2018/02/09,2,2018/02/15,2,P,195.30
ALUM01,16,11253,5471,3,2018/02/09,50,2018/02/15,50,P,.24
CACL01,16,11253,5471,4,2018/02/09,50,2018/02/15,50,P,1.77
PSORB01,16,11253,5471,5,2018/02/09,50,2018/02/15,50,P,2.50
SALT01,16,11253,5471,6,2018/02/09,100,2018/02/15,100,P,1.50